agent,episode_index,seed,score
afterstate_full_board,0,1,105.0
afterstate_full_board,1,2,85.0
afterstate_full_board,2,3,109.0
afterstate_full_board,3,4,104.0
afterstate_full_board,4,5,126.0
afterstate_full_board,5,6,122.0
afterstate_full_board,6,7,183.0
afterstate_full_board,7,8,100.0
afterstate_full_board,8,9,78.0
afterstate_full_board,9,10,69.0
afterstate_full_board,10,11,143.0
afterstate_full_board,11,12,121.0
afterstate_full_board,12,13,132.0
afterstate_full_board,13,14,79.0
afterstate_full_board,14,15,108.0
afterstate_full_board,15,16,88.0
afterstate_full_board,16,17,144.0
afterstate_full_board,17,18,83.0
afterstate_full_board,18,19,116.0
afterstate_full_board,19,20,117.0
afterstate_full_board,20,21,76.0
afterstate_full_board,21,22,91.0
afterstate_full_board,22,23,105.0
afterstate_full_board,23,24,75.0
afterstate_full_board,24,25,97.0
afterstate_full_board,25,26,173.0
afterstate_full_board,26,27,79.0
afterstate_full_board,27,28,99.0
afterstate_full_board,28,29,132.0
afterstate_full_board,29,30,102.0
afterstate_full_board,30,31,98.0
afterstate_full_board,31,32,94.0
afterstate_full_board,32,33,136.0
afterstate_full_board,33,34,129.0
afterstate_full_board,34,35,128.0
afterstate_full_board,35,36,96.0
afterstate_full_board,36,37,101.0
afterstate_full_board,37,38,113.0
afterstate_full_board,38,39,165.0
afterstate_full_board,39,40,71.0
afterstate_full_board,40,41,94.0
afterstate_full_board,41,42,109.0
afterstate_full_board,42,43,124.0
afterstate_full_board,43,44,108.0
afterstate_full_board,44,45,91.0
afterstate_full_board,45,46,155.0
afterstate_full_board,46,47,108.0
afterstate_full_board,47,48,102.0
afterstate_full_board,48,49,120.0
afterstate_full_board,49,50,97.0
afterstate_full_board,50,51,64.0
afterstate_full_board,51,52,21.0
afterstate_full_board,52,53,172.0
afterstate_full_board,53,54,109.0
afterstate_full_board,54,55,117.0
afterstate_full_board,55,56,93.0
afterstate_full_board,56,57,80.0
afterstate_full_board,57,58,124.0
afterstate_full_board,58,59,139.0
afterstate_full_board,59,60,87.0
afterstate_full_board,60,61,128.0
afterstate_full_board,61,62,70.0
afterstate_full_board,62,63,120.0
afterstate_full_board,63,64,124.0
afterstate_full_board,64,65,149.0
afterstate_full_board,65,66,109.0
afterstate_full_board,66,67,144.0
afterstate_full_board,67,68,132.0
afterstate_full_board,68,69,129.0
afterstate_full_board,69,70,93.0
afterstate_full_board,70,71,97.0
afterstate_full_board,71,72,119.0
afterstate_full_board,72,73,83.0
afterstate_full_board,73,74,102.0
afterstate_full_board,74,75,123.0
afterstate_full_board,75,76,125.0
afterstate_full_board,76,77,130.0
afterstate_full_board,77,78,106.0
afterstate_full_board,78,79,82.0
afterstate_full_board,79,80,114.0
afterstate_full_board,80,81,91.0
afterstate_full_board,81,82,113.0
afterstate_full_board,82,83,111.0
afterstate_full_board,83,84,122.0
afterstate_full_board,84,85,113.0
afterstate_full_board,85,86,107.0
afterstate_full_board,86,87,137.0
afterstate_full_board,87,88,133.0
afterstate_full_board,88,89,89.0
afterstate_full_board,89,90,105.0
afterstate_full_board,90,91,89.0
afterstate_full_board,91,92,93.0
afterstate_full_board,92,93,111.0
afterstate_full_board,93,94,124.0
afterstate_full_board,94,95,81.0
afterstate_full_board,95,96,59.0
afterstate_full_board,96,97,146.0
afterstate_full_board,97,98,105.0
afterstate_full_board,98,99,120.0
afterstate_full_board,99,100,107.0
afterstate_full_board,100,101,62.0
afterstate_full_board,101,102,119.0
afterstate_full_board,102,103,109.0
afterstate_full_board,103,104,93.0
afterstate_full_board,104,105,62.0
afterstate_full_board,105,106,108.0
afterstate_full_board,106,107,99.0
afterstate_full_board,107,108,125.0
afterstate_full_board,108,109,85.0
afterstate_full_board,109,110,95.0
afterstate_full_board,110,111,99.0
afterstate_full_board,111,112,80.0
afterstate_full_board,112,113,131.0
afterstate_full_board,113,114,132.0
afterstate_full_board,114,115,103.0
afterstate_full_board,115,116,133.0
afterstate_full_board,116,117,125.0
afterstate_full_board,117,118,137.0
afterstate_full_board,118,119,91.0
afterstate_full_board,119,120,83.0
afterstate_full_board,120,121,99.0
afterstate_full_board,121,122,106.0
afterstate_full_board,122,123,86.0
afterstate_full_board,123,124,127.0
afterstate_full_board,124,125,83.0
afterstate_full_board,125,126,127.0
afterstate_full_board,126,127,121.0
afterstate_full_board,127,128,109.0
afterstate_full_board,128,129,99.0
afterstate_full_board,129,130,68.0
afterstate_full_board,130,131,174.0
afterstate_full_board,131,132,110.0
afterstate_full_board,132,133,61.0
afterstate_full_board,133,134,115.0
afterstate_full_board,134,135,81.0
afterstate_full_board,135,136,80.0
afterstate_full_board,136,137,120.0
afterstate_full_board,137,138,85.0
afterstate_full_board,138,139,136.0
afterstate_full_board,139,140,122.0
afterstate_full_board,140,141,132.0
afterstate_full_board,141,142,72.0
afterstate_full_board,142,143,85.0
afterstate_full_board,143,144,147.0
afterstate_full_board,144,145,110.0
afterstate_full_board,145,146,108.0
afterstate_full_board,146,147,120.0
afterstate_full_board,147,148,127.0
afterstate_full_board,148,149,97.0
afterstate_full_board,149,150,89.0
afterstate_full_board,150,151,89.0
afterstate_full_board,151,152,142.0
afterstate_full_board,152,153,79.0
afterstate_full_board,153,154,137.0
afterstate_full_board,154,155,113.0
afterstate_full_board,155,156,104.0
afterstate_full_board,156,157,109.0
afterstate_full_board,157,158,70.0
afterstate_full_board,158,159,122.0
afterstate_full_board,159,160,122.0
afterstate_full_board,160,161,104.0
afterstate_full_board,161,162,106.0
afterstate_full_board,162,163,80.0
afterstate_full_board,163,164,136.0
afterstate_full_board,164,165,47.0
afterstate_full_board,165,166,118.0
afterstate_full_board,166,167,143.0
afterstate_full_board,167,168,93.0
afterstate_full_board,168,169,63.0
afterstate_full_board,169,170,104.0
afterstate_full_board,170,171,99.0
afterstate_full_board,171,172,139.0
afterstate_full_board,172,173,152.0
afterstate_full_board,173,174,136.0
afterstate_full_board,174,175,141.0
afterstate_full_board,175,176,85.0
afterstate_full_board,176,177,146.0
afterstate_full_board,177,178,137.0
afterstate_full_board,178,179,105.0
afterstate_full_board,179,180,52.0
afterstate_full_board,180,181,54.0
afterstate_full_board,181,182,86.0
afterstate_full_board,182,183,100.0
afterstate_full_board,183,184,126.0
afterstate_full_board,184,185,149.0
afterstate_full_board,185,186,101.0
afterstate_full_board,186,187,89.0
afterstate_full_board,187,188,79.0
afterstate_full_board,188,189,141.0
afterstate_full_board,189,190,85.0
afterstate_full_board,190,191,104.0
afterstate_full_board,191,192,74.0
afterstate_full_board,192,193,195.0
afterstate_full_board,193,194,144.0
afterstate_full_board,194,195,81.0
afterstate_full_board,195,196,70.0
afterstate_full_board,196,197,126.0
afterstate_full_board,197,198,163.0
afterstate_full_board,198,199,98.0
afterstate_full_board,199,200,187.0
afterstate_full_board,200,201,157.0
afterstate_full_board,201,202,97.0
afterstate_full_board,202,203,135.0
afterstate_full_board,203,204,135.0
afterstate_full_board,204,205,101.0
afterstate_full_board,205,206,148.0
afterstate_full_board,206,207,100.0
afterstate_full_board,207,208,117.0
afterstate_full_board,208,209,112.0
afterstate_full_board,209,210,86.0
afterstate_full_board,210,211,44.0
afterstate_full_board,211,212,88.0
afterstate_full_board,212,213,95.0
afterstate_full_board,213,214,115.0
afterstate_full_board,214,215,115.0
afterstate_full_board,215,216,108.0
afterstate_full_board,216,217,55.0
afterstate_full_board,217,218,109.0
afterstate_full_board,218,219,125.0
afterstate_full_board,219,220,116.0
afterstate_full_board,220,221,64.0
afterstate_full_board,221,222,101.0
afterstate_full_board,222,223,61.0
afterstate_full_board,223,224,107.0
afterstate_full_board,224,225,119.0
afterstate_full_board,225,226,116.0
afterstate_full_board,226,227,161.0
afterstate_full_board,227,228,113.0
afterstate_full_board,228,229,116.0
afterstate_full_board,229,230,105.0
afterstate_full_board,230,231,96.0
afterstate_full_board,231,232,101.0
afterstate_full_board,232,233,138.0
afterstate_full_board,233,234,126.0
afterstate_full_board,234,235,127.0
afterstate_full_board,235,236,135.0
afterstate_full_board,236,237,104.0
afterstate_full_board,237,238,91.0
afterstate_full_board,238,239,93.0
afterstate_full_board,239,240,157.0
afterstate_full_board,240,241,163.0
afterstate_full_board,241,242,168.0
afterstate_full_board,242,243,79.0
afterstate_full_board,243,244,87.0
afterstate_full_board,244,245,110.0
afterstate_full_board,245,246,113.0
afterstate_full_board,246,247,64.0
afterstate_full_board,247,248,81.0
afterstate_full_board,248,249,128.0
afterstate_full_board,249,250,65.0
afterstate_full_board,250,251,58.0
afterstate_full_board,251,252,116.0
afterstate_full_board,252,253,88.0
afterstate_full_board,253,254,114.0
afterstate_full_board,254,255,133.0
afterstate_full_board,255,256,119.0
afterstate_full_board,256,257,111.0
afterstate_full_board,257,258,102.0
afterstate_full_board,258,259,137.0
afterstate_full_board,259,260,97.0
afterstate_full_board,260,261,95.0
afterstate_full_board,261,262,97.0
afterstate_full_board,262,263,136.0
afterstate_full_board,263,264,96.0
afterstate_full_board,264,265,96.0
afterstate_full_board,265,266,116.0
afterstate_full_board,266,267,158.0
afterstate_full_board,267,268,110.0
afterstate_full_board,268,269,75.0
afterstate_full_board,269,270,141.0
afterstate_full_board,270,271,94.0
afterstate_full_board,271,272,72.0
afterstate_full_board,272,273,110.0
afterstate_full_board,273,274,79.0
afterstate_full_board,274,275,121.0
afterstate_full_board,275,276,135.0
afterstate_full_board,276,277,93.0
afterstate_full_board,277,278,103.0
afterstate_full_board,278,279,86.0
afterstate_full_board,279,280,95.0
afterstate_full_board,280,281,77.0
afterstate_full_board,281,282,134.0
afterstate_full_board,282,283,125.0
afterstate_full_board,283,284,115.0
afterstate_full_board,284,285,154.0
afterstate_full_board,285,286,129.0
afterstate_full_board,286,287,87.0
afterstate_full_board,287,288,116.0
afterstate_full_board,288,289,144.0
afterstate_full_board,289,290,133.0
afterstate_full_board,290,291,125.0
afterstate_full_board,291,292,123.0
afterstate_full_board,292,293,93.0
afterstate_full_board,293,294,111.0
afterstate_full_board,294,295,83.0
afterstate_full_board,295,296,125.0
afterstate_full_board,296,297,131.0
afterstate_full_board,297,298,95.0
afterstate_full_board,298,299,100.0
afterstate_full_board,299,300,122.0
afterstate_full_board,300,301,90.0
afterstate_full_board,301,302,83.0
afterstate_full_board,302,303,163.0
afterstate_full_board,303,304,99.0
afterstate_full_board,304,305,120.0
afterstate_full_board,305,306,51.0
afterstate_full_board,306,307,76.0
afterstate_full_board,307,308,78.0
afterstate_full_board,308,309,84.0
afterstate_full_board,309,310,129.0
afterstate_full_board,310,311,107.0
afterstate_full_board,311,312,92.0
afterstate_full_board,312,313,68.0
afterstate_full_board,313,314,119.0
afterstate_full_board,314,315,146.0
afterstate_full_board,315,316,87.0
afterstate_full_board,316,317,74.0
afterstate_full_board,317,318,100.0
afterstate_full_board,318,319,96.0
afterstate_full_board,319,320,59.0
afterstate_full_board,320,321,98.0
afterstate_full_board,321,322,148.0
afterstate_full_board,322,323,140.0
afterstate_full_board,323,324,124.0
afterstate_full_board,324,325,85.0
afterstate_full_board,325,326,61.0
afterstate_full_board,326,327,124.0
afterstate_full_board,327,328,63.0
afterstate_full_board,328,329,121.0
afterstate_full_board,329,330,74.0
afterstate_full_board,330,331,86.0
afterstate_full_board,331,332,120.0
afterstate_full_board,332,333,74.0
afterstate_full_board,333,334,78.0
afterstate_full_board,334,335,96.0
afterstate_full_board,335,336,127.0
afterstate_full_board,336,337,87.0
afterstate_full_board,337,338,106.0
afterstate_full_board,338,339,101.0
afterstate_full_board,339,340,70.0
afterstate_full_board,340,341,103.0
afterstate_full_board,341,342,113.0
afterstate_full_board,342,343,93.0
afterstate_full_board,343,344,127.0
afterstate_full_board,344,345,129.0
afterstate_full_board,345,346,110.0
afterstate_full_board,346,347,65.0
afterstate_full_board,347,348,118.0
afterstate_full_board,348,349,113.0
afterstate_full_board,349,350,72.0
afterstate_full_board,350,351,72.0
afterstate_full_board,351,352,105.0
afterstate_full_board,352,353,129.0
afterstate_full_board,353,354,109.0
afterstate_full_board,354,355,119.0
afterstate_full_board,355,356,141.0
afterstate_full_board,356,357,90.0
afterstate_full_board,357,358,99.0
afterstate_full_board,358,359,98.0
afterstate_full_board,359,360,104.0
afterstate_full_board,360,361,98.0
afterstate_full_board,361,362,165.0
afterstate_full_board,362,363,81.0
afterstate_full_board,363,364,117.0
afterstate_full_board,364,365,86.0
afterstate_full_board,365,366,143.0
afterstate_full_board,366,367,159.0
afterstate_full_board,367,368,103.0
afterstate_full_board,368,369,145.0
afterstate_full_board,369,370,137.0
afterstate_full_board,370,371,31.0
afterstate_full_board,371,372,129.0
afterstate_full_board,372,373,134.0
afterstate_full_board,373,374,123.0
afterstate_full_board,374,375,87.0
afterstate_full_board,375,376,163.0
afterstate_full_board,376,377,89.0
afterstate_full_board,377,378,65.0
afterstate_full_board,378,379,79.0
afterstate_full_board,379,380,91.0
afterstate_full_board,380,381,61.0
afterstate_full_board,381,382,68.0
afterstate_full_board,382,383,109.0
afterstate_full_board,383,384,132.0
afterstate_full_board,384,385,110.0
afterstate_full_board,385,386,144.0
afterstate_full_board,386,387,112.0
afterstate_full_board,387,388,71.0
afterstate_full_board,388,389,108.0
afterstate_full_board,389,390,85.0
afterstate_full_board,390,391,97.0
afterstate_full_board,391,392,96.0
afterstate_full_board,392,393,104.0
afterstate_full_board,393,394,134.0
afterstate_full_board,394,395,99.0
afterstate_full_board,395,396,122.0
afterstate_full_board,396,397,114.0
afterstate_full_board,397,398,111.0
afterstate_full_board,398,399,123.0
afterstate_full_board,399,400,138.0
afterstate_full_board,400,401,118.0
afterstate_full_board,401,402,102.0
afterstate_full_board,402,403,105.0
afterstate_full_board,403,404,107.0
afterstate_full_board,404,405,52.0
afterstate_full_board,405,406,60.0
afterstate_full_board,406,407,83.0
afterstate_full_board,407,408,146.0
afterstate_full_board,408,409,96.0
afterstate_full_board,409,410,77.0
afterstate_full_board,410,411,152.0
afterstate_full_board,411,412,132.0
afterstate_full_board,412,413,132.0
afterstate_full_board,413,414,130.0
afterstate_full_board,414,415,125.0
afterstate_full_board,415,416,93.0
afterstate_full_board,416,417,79.0
afterstate_full_board,417,418,127.0
afterstate_full_board,418,419,120.0
afterstate_full_board,419,420,120.0
afterstate_full_board,420,421,139.0
afterstate_full_board,421,422,124.0
afterstate_full_board,422,423,176.0
afterstate_full_board,423,424,121.0
afterstate_full_board,424,425,203.0
afterstate_full_board,425,426,72.0
afterstate_full_board,426,427,89.0
afterstate_full_board,427,428,113.0
afterstate_full_board,428,429,96.0
afterstate_full_board,429,430,111.0
afterstate_full_board,430,431,100.0
afterstate_full_board,431,432,115.0
afterstate_full_board,432,433,118.0
afterstate_full_board,433,434,104.0
afterstate_full_board,434,435,158.0
afterstate_full_board,435,436,129.0
afterstate_full_board,436,437,135.0
afterstate_full_board,437,438,106.0
afterstate_full_board,438,439,91.0
afterstate_full_board,439,440,113.0
afterstate_full_board,440,441,97.0
afterstate_full_board,441,442,116.0
afterstate_full_board,442,443,86.0
afterstate_full_board,443,444,100.0
afterstate_full_board,444,445,74.0
afterstate_full_board,445,446,108.0
afterstate_full_board,446,447,180.0
afterstate_full_board,447,448,164.0
afterstate_full_board,448,449,60.0
afterstate_full_board,449,450,78.0
afterstate_full_board,450,451,122.0
afterstate_full_board,451,452,99.0
afterstate_full_board,452,453,78.0
afterstate_full_board,453,454,111.0
afterstate_full_board,454,455,81.0
afterstate_full_board,455,456,146.0
afterstate_full_board,456,457,77.0
afterstate_full_board,457,458,126.0
afterstate_full_board,458,459,101.0
afterstate_full_board,459,460,87.0
afterstate_full_board,460,461,96.0
afterstate_full_board,461,462,82.0
afterstate_full_board,462,463,140.0
afterstate_full_board,463,464,141.0
afterstate_full_board,464,465,117.0
afterstate_full_board,465,466,50.0
afterstate_full_board,466,467,95.0
afterstate_full_board,467,468,50.0
afterstate_full_board,468,469,99.0
afterstate_full_board,469,470,149.0
afterstate_full_board,470,471,116.0
afterstate_full_board,471,472,84.0
afterstate_full_board,472,473,84.0
afterstate_full_board,473,474,106.0
afterstate_full_board,474,475,145.0
afterstate_full_board,475,476,77.0
afterstate_full_board,476,477,85.0
afterstate_full_board,477,478,142.0
afterstate_full_board,478,479,160.0
afterstate_full_board,479,480,111.0
afterstate_full_board,480,481,66.0
afterstate_full_board,481,482,119.0
afterstate_full_board,482,483,99.0
afterstate_full_board,483,484,124.0
afterstate_full_board,484,485,128.0
afterstate_full_board,485,486,89.0
afterstate_full_board,486,487,93.0
afterstate_full_board,487,488,100.0
afterstate_full_board,488,489,123.0
afterstate_full_board,489,490,122.0
afterstate_full_board,490,491,163.0
afterstate_full_board,491,492,95.0
afterstate_full_board,492,493,127.0
afterstate_full_board,493,494,120.0
afterstate_full_board,494,495,120.0
afterstate_full_board,495,496,123.0
afterstate_full_board,496,497,107.0
afterstate_full_board,497,498,112.0
afterstate_full_board,498,499,80.0
afterstate_full_board,499,500,115.0
afterstate_full_board,500,501,102.0
afterstate_full_board,501,502,108.0
afterstate_full_board,502,503,115.0
afterstate_full_board,503,504,141.0
afterstate_full_board,504,505,149.0
afterstate_full_board,505,506,85.0
afterstate_full_board,506,507,162.0
afterstate_full_board,507,508,95.0
afterstate_full_board,508,509,99.0
afterstate_full_board,509,510,94.0
afterstate_full_board,510,511,108.0
afterstate_full_board,511,512,86.0
afterstate_full_board,512,513,156.0
afterstate_full_board,513,514,168.0
afterstate_full_board,514,515,92.0
afterstate_full_board,515,516,111.0
afterstate_full_board,516,517,114.0
afterstate_full_board,517,518,128.0
afterstate_full_board,518,519,53.0
afterstate_full_board,519,520,119.0
afterstate_full_board,520,521,103.0
afterstate_full_board,521,522,109.0
afterstate_full_board,522,523,131.0
afterstate_full_board,523,524,107.0
afterstate_full_board,524,525,140.0
afterstate_full_board,525,526,70.0
afterstate_full_board,526,527,140.0
afterstate_full_board,527,528,105.0
afterstate_full_board,528,529,101.0
afterstate_full_board,529,530,71.0
afterstate_full_board,530,531,102.0
afterstate_full_board,531,532,101.0
afterstate_full_board,532,533,130.0
afterstate_full_board,533,534,102.0
afterstate_full_board,534,535,135.0
afterstate_full_board,535,536,95.0
afterstate_full_board,536,537,110.0
afterstate_full_board,537,538,79.0
afterstate_full_board,538,539,107.0
afterstate_full_board,539,540,127.0
afterstate_full_board,540,541,96.0
afterstate_full_board,541,542,114.0
afterstate_full_board,542,543,88.0
afterstate_full_board,543,544,86.0
afterstate_full_board,544,545,52.0
afterstate_full_board,545,546,103.0
afterstate_full_board,546,547,75.0
afterstate_full_board,547,548,134.0
afterstate_full_board,548,549,140.0
afterstate_full_board,549,550,52.0
afterstate_full_board,550,551,130.0
afterstate_full_board,551,552,133.0
afterstate_full_board,552,553,76.0
afterstate_full_board,553,554,116.0
afterstate_full_board,554,555,120.0
afterstate_full_board,555,556,79.0
afterstate_full_board,556,557,128.0
afterstate_full_board,557,558,144.0
afterstate_full_board,558,559,55.0
afterstate_full_board,559,560,155.0
afterstate_full_board,560,561,100.0
afterstate_full_board,561,562,127.0
afterstate_full_board,562,563,133.0
afterstate_full_board,563,564,69.0
afterstate_full_board,564,565,111.0
afterstate_full_board,565,566,127.0
afterstate_full_board,566,567,94.0
afterstate_full_board,567,568,117.0
afterstate_full_board,568,569,112.0
afterstate_full_board,569,570,56.0
afterstate_full_board,570,571,131.0
afterstate_full_board,571,572,136.0
afterstate_full_board,572,573,149.0
afterstate_full_board,573,574,105.0
afterstate_full_board,574,575,144.0
afterstate_full_board,575,576,93.0
afterstate_full_board,576,577,121.0
afterstate_full_board,577,578,108.0
afterstate_full_board,578,579,120.0
afterstate_full_board,579,580,78.0
afterstate_full_board,580,581,74.0
afterstate_full_board,581,582,88.0
afterstate_full_board,582,583,147.0
afterstate_full_board,583,584,88.0
afterstate_full_board,584,585,126.0
afterstate_full_board,585,586,124.0
afterstate_full_board,586,587,96.0
afterstate_full_board,587,588,75.0
afterstate_full_board,588,589,122.0
afterstate_full_board,589,590,105.0
afterstate_full_board,590,591,50.0
afterstate_full_board,591,592,78.0
afterstate_full_board,592,593,92.0
afterstate_full_board,593,594,95.0
afterstate_full_board,594,595,118.0
afterstate_full_board,595,596,100.0
afterstate_full_board,596,597,58.0
afterstate_full_board,597,598,99.0
afterstate_full_board,598,599,97.0
afterstate_full_board,599,600,102.0
afterstate_full_board,600,601,81.0
afterstate_full_board,601,602,96.0
afterstate_full_board,602,603,153.0
afterstate_full_board,603,604,75.0
afterstate_full_board,604,605,140.0
afterstate_full_board,605,606,77.0
afterstate_full_board,606,607,140.0
afterstate_full_board,607,608,97.0
afterstate_full_board,608,609,118.0
afterstate_full_board,609,610,93.0
afterstate_full_board,610,611,15.0
afterstate_full_board,611,612,86.0
afterstate_full_board,612,613,127.0
afterstate_full_board,613,614,121.0
afterstate_full_board,614,615,131.0
afterstate_full_board,615,616,136.0
afterstate_full_board,616,617,142.0
afterstate_full_board,617,618,80.0
afterstate_full_board,618,619,92.0
afterstate_full_board,619,620,117.0
afterstate_full_board,620,621,136.0
afterstate_full_board,621,622,84.0
afterstate_full_board,622,623,102.0
afterstate_full_board,623,624,92.0
afterstate_full_board,624,625,88.0
afterstate_full_board,625,626,136.0
afterstate_full_board,626,627,102.0
afterstate_full_board,627,628,144.0
afterstate_full_board,628,629,130.0
afterstate_full_board,629,630,87.0
afterstate_full_board,630,631,120.0
afterstate_full_board,631,632,122.0
afterstate_full_board,632,633,110.0
afterstate_full_board,633,634,86.0
afterstate_full_board,634,635,139.0
afterstate_full_board,635,636,64.0
afterstate_full_board,636,637,124.0
afterstate_full_board,637,638,135.0
afterstate_full_board,638,639,99.0
afterstate_full_board,639,640,145.0
afterstate_full_board,640,641,93.0
afterstate_full_board,641,642,122.0
afterstate_full_board,642,643,103.0
afterstate_full_board,643,644,104.0
afterstate_full_board,644,645,115.0
afterstate_full_board,645,646,105.0
afterstate_full_board,646,647,115.0
afterstate_full_board,647,648,135.0
afterstate_full_board,648,649,104.0
afterstate_full_board,649,650,123.0
afterstate_full_board,650,651,123.0
afterstate_full_board,651,652,148.0
afterstate_full_board,652,653,117.0
afterstate_full_board,653,654,110.0
afterstate_full_board,654,655,99.0
afterstate_full_board,655,656,62.0
afterstate_full_board,656,657,65.0
afterstate_full_board,657,658,130.0
afterstate_full_board,658,659,95.0
afterstate_full_board,659,660,117.0
afterstate_full_board,660,661,109.0
afterstate_full_board,661,662,98.0
afterstate_full_board,662,663,87.0
afterstate_full_board,663,664,83.0
afterstate_full_board,664,665,124.0
afterstate_full_board,665,666,112.0
afterstate_full_board,666,667,95.0
afterstate_full_board,667,668,86.0
afterstate_full_board,668,669,65.0
afterstate_full_board,669,670,148.0
afterstate_full_board,670,671,106.0
afterstate_full_board,671,672,100.0
afterstate_full_board,672,673,88.0
afterstate_full_board,673,674,107.0
afterstate_full_board,674,675,122.0
afterstate_full_board,675,676,77.0
afterstate_full_board,676,677,75.0
afterstate_full_board,677,678,116.0
afterstate_full_board,678,679,85.0
afterstate_full_board,679,680,70.0
afterstate_full_board,680,681,109.0
afterstate_full_board,681,682,143.0
afterstate_full_board,682,683,109.0
afterstate_full_board,683,684,134.0
afterstate_full_board,684,685,80.0
afterstate_full_board,685,686,143.0
afterstate_full_board,686,687,126.0
afterstate_full_board,687,688,75.0
afterstate_full_board,688,689,100.0
afterstate_full_board,689,690,87.0
afterstate_full_board,690,691,120.0
afterstate_full_board,691,692,118.0
afterstate_full_board,692,693,116.0
afterstate_full_board,693,694,112.0
afterstate_full_board,694,695,142.0
afterstate_full_board,695,696,119.0
afterstate_full_board,696,697,130.0
afterstate_full_board,697,698,81.0
afterstate_full_board,698,699,59.0
afterstate_full_board,699,700,113.0
afterstate_full_board,700,701,105.0
afterstate_full_board,701,702,136.0
afterstate_full_board,702,703,96.0
afterstate_full_board,703,704,98.0
afterstate_full_board,704,705,126.0
afterstate_full_board,705,706,128.0
afterstate_full_board,706,707,87.0
afterstate_full_board,707,708,52.0
afterstate_full_board,708,709,118.0
afterstate_full_board,709,710,130.0
afterstate_full_board,710,711,84.0
afterstate_full_board,711,712,138.0
afterstate_full_board,712,713,158.0
afterstate_full_board,713,714,102.0
afterstate_full_board,714,715,54.0
afterstate_full_board,715,716,114.0
afterstate_full_board,716,717,103.0
afterstate_full_board,717,718,42.0
afterstate_full_board,718,719,104.0
afterstate_full_board,719,720,111.0
afterstate_full_board,720,721,113.0
afterstate_full_board,721,722,81.0
afterstate_full_board,722,723,143.0
afterstate_full_board,723,724,102.0
afterstate_full_board,724,725,108.0
afterstate_full_board,725,726,73.0
afterstate_full_board,726,727,77.0
afterstate_full_board,727,728,104.0
afterstate_full_board,728,729,100.0
afterstate_full_board,729,730,97.0
afterstate_full_board,730,731,110.0
afterstate_full_board,731,732,107.0
afterstate_full_board,732,733,143.0
afterstate_full_board,733,734,79.0
afterstate_full_board,734,735,108.0
afterstate_full_board,735,736,127.0
afterstate_full_board,736,737,139.0
afterstate_full_board,737,738,96.0
afterstate_full_board,738,739,120.0
afterstate_full_board,739,740,55.0
afterstate_full_board,740,741,120.0
afterstate_full_board,741,742,127.0
afterstate_full_board,742,743,41.0
afterstate_full_board,743,744,113.0
afterstate_full_board,744,745,70.0
afterstate_full_board,745,746,81.0
afterstate_full_board,746,747,149.0
afterstate_full_board,747,748,72.0
afterstate_full_board,748,749,122.0
afterstate_full_board,749,750,106.0
afterstate_full_board,750,751,85.0
afterstate_full_board,751,752,165.0
afterstate_full_board,752,753,115.0
afterstate_full_board,753,754,81.0
afterstate_full_board,754,755,70.0
afterstate_full_board,755,756,123.0
afterstate_full_board,756,757,100.0
afterstate_full_board,757,758,140.0
afterstate_full_board,758,759,104.0
afterstate_full_board,759,760,88.0
afterstate_full_board,760,761,98.0
afterstate_full_board,761,762,89.0
afterstate_full_board,762,763,101.0
afterstate_full_board,763,764,51.0
afterstate_full_board,764,765,73.0
afterstate_full_board,765,766,106.0
afterstate_full_board,766,767,96.0
afterstate_full_board,767,768,59.0
afterstate_full_board,768,769,121.0
afterstate_full_board,769,770,121.0
afterstate_full_board,770,771,100.0
afterstate_full_board,771,772,94.0
afterstate_full_board,772,773,140.0
afterstate_full_board,773,774,84.0
afterstate_full_board,774,775,78.0
afterstate_full_board,775,776,195.0
afterstate_full_board,776,777,113.0
afterstate_full_board,777,778,157.0
afterstate_full_board,778,779,105.0
afterstate_full_board,779,780,122.0
afterstate_full_board,780,781,73.0
afterstate_full_board,781,782,140.0
afterstate_full_board,782,783,128.0
afterstate_full_board,783,784,140.0
afterstate_full_board,784,785,151.0
afterstate_full_board,785,786,114.0
afterstate_full_board,786,787,59.0
afterstate_full_board,787,788,62.0
afterstate_full_board,788,789,145.0
afterstate_full_board,789,790,79.0
afterstate_full_board,790,791,99.0
afterstate_full_board,791,792,113.0
afterstate_full_board,792,793,145.0
afterstate_full_board,793,794,103.0
afterstate_full_board,794,795,101.0
afterstate_full_board,795,796,126.0
afterstate_full_board,796,797,103.0
afterstate_full_board,797,798,90.0
afterstate_full_board,798,799,107.0
afterstate_full_board,799,800,122.0
afterstate_full_board,800,801,115.0
afterstate_full_board,801,802,76.0
afterstate_full_board,802,803,108.0
afterstate_full_board,803,804,83.0
afterstate_full_board,804,805,119.0
afterstate_full_board,805,806,94.0
afterstate_full_board,806,807,117.0
afterstate_full_board,807,808,88.0
afterstate_full_board,808,809,94.0
afterstate_full_board,809,810,82.0
afterstate_full_board,810,811,97.0
afterstate_full_board,811,812,113.0
afterstate_full_board,812,813,88.0
afterstate_full_board,813,814,98.0
afterstate_full_board,814,815,109.0
afterstate_full_board,815,816,108.0
afterstate_full_board,816,817,107.0
afterstate_full_board,817,818,113.0
afterstate_full_board,818,819,88.0
afterstate_full_board,819,820,60.0
afterstate_full_board,820,821,87.0
afterstate_full_board,821,822,74.0
afterstate_full_board,822,823,107.0
afterstate_full_board,823,824,112.0
afterstate_full_board,824,825,131.0
afterstate_full_board,825,826,110.0
afterstate_full_board,826,827,79.0
afterstate_full_board,827,828,115.0
afterstate_full_board,828,829,95.0
afterstate_full_board,829,830,102.0
afterstate_full_board,830,831,116.0
afterstate_full_board,831,832,122.0
afterstate_full_board,832,833,65.0
afterstate_full_board,833,834,116.0
afterstate_full_board,834,835,79.0
afterstate_full_board,835,836,106.0
afterstate_full_board,836,837,114.0
afterstate_full_board,837,838,177.0
afterstate_full_board,838,839,91.0
afterstate_full_board,839,840,89.0
afterstate_full_board,840,841,80.0
afterstate_full_board,841,842,120.0
afterstate_full_board,842,843,88.0
afterstate_full_board,843,844,131.0
afterstate_full_board,844,845,99.0
afterstate_full_board,845,846,127.0
afterstate_full_board,846,847,133.0
afterstate_full_board,847,848,147.0
afterstate_full_board,848,849,119.0
afterstate_full_board,849,850,97.0
afterstate_full_board,850,851,121.0
afterstate_full_board,851,852,134.0
afterstate_full_board,852,853,106.0
afterstate_full_board,853,854,96.0
afterstate_full_board,854,855,111.0
afterstate_full_board,855,856,90.0
afterstate_full_board,856,857,132.0
afterstate_full_board,857,858,52.0
afterstate_full_board,858,859,126.0
afterstate_full_board,859,860,138.0
afterstate_full_board,860,861,134.0
afterstate_full_board,861,862,90.0
afterstate_full_board,862,863,79.0
afterstate_full_board,863,864,67.0
afterstate_full_board,864,865,93.0
afterstate_full_board,865,866,107.0
afterstate_full_board,866,867,128.0
afterstate_full_board,867,868,113.0
afterstate_full_board,868,869,100.0
afterstate_full_board,869,870,129.0
afterstate_full_board,870,871,133.0
afterstate_full_board,871,872,108.0
afterstate_full_board,872,873,111.0
afterstate_full_board,873,874,140.0
afterstate_full_board,874,875,110.0
afterstate_full_board,875,876,145.0
afterstate_full_board,876,877,124.0
afterstate_full_board,877,878,81.0
afterstate_full_board,878,879,143.0
afterstate_full_board,879,880,80.0
afterstate_full_board,880,881,60.0
afterstate_full_board,881,882,148.0
afterstate_full_board,882,883,90.0
afterstate_full_board,883,884,102.0
afterstate_full_board,884,885,108.0
afterstate_full_board,885,886,83.0
afterstate_full_board,886,887,83.0
afterstate_full_board,887,888,126.0
afterstate_full_board,888,889,116.0
afterstate_full_board,889,890,116.0
afterstate_full_board,890,891,82.0
afterstate_full_board,891,892,95.0
afterstate_full_board,892,893,101.0
afterstate_full_board,893,894,95.0
afterstate_full_board,894,895,98.0
afterstate_full_board,895,896,104.0
afterstate_full_board,896,897,144.0
afterstate_full_board,897,898,82.0
afterstate_full_board,898,899,134.0
afterstate_full_board,899,900,134.0
afterstate_full_board,900,901,122.0
afterstate_full_board,901,902,106.0
afterstate_full_board,902,903,116.0
afterstate_full_board,903,904,93.0
afterstate_full_board,904,905,73.0
afterstate_full_board,905,906,105.0
afterstate_full_board,906,907,168.0
afterstate_full_board,907,908,112.0
afterstate_full_board,908,909,108.0
afterstate_full_board,909,910,156.0
afterstate_full_board,910,911,125.0
afterstate_full_board,911,912,77.0
afterstate_full_board,912,913,109.0
afterstate_full_board,913,914,69.0
afterstate_full_board,914,915,119.0
afterstate_full_board,915,916,107.0
afterstate_full_board,916,917,95.0
afterstate_full_board,917,918,91.0
afterstate_full_board,918,919,116.0
afterstate_full_board,919,920,95.0
afterstate_full_board,920,921,105.0
afterstate_full_board,921,922,86.0
afterstate_full_board,922,923,111.0
afterstate_full_board,923,924,107.0
afterstate_full_board,924,925,129.0
afterstate_full_board,925,926,105.0
afterstate_full_board,926,927,141.0
afterstate_full_board,927,928,172.0
afterstate_full_board,928,929,128.0
afterstate_full_board,929,930,114.0
afterstate_full_board,930,931,153.0
afterstate_full_board,931,932,137.0
afterstate_full_board,932,933,131.0
afterstate_full_board,933,934,106.0
afterstate_full_board,934,935,114.0
afterstate_full_board,935,936,106.0
afterstate_full_board,936,937,59.0
afterstate_full_board,937,938,109.0
afterstate_full_board,938,939,116.0
afterstate_full_board,939,940,121.0
afterstate_full_board,940,941,65.0
afterstate_full_board,941,942,75.0
afterstate_full_board,942,943,112.0
afterstate_full_board,943,944,135.0
afterstate_full_board,944,945,76.0
afterstate_full_board,945,946,113.0
afterstate_full_board,946,947,112.0
afterstate_full_board,947,948,88.0
afterstate_full_board,948,949,78.0
afterstate_full_board,949,950,89.0
afterstate_full_board,950,951,95.0
afterstate_full_board,951,952,107.0
afterstate_full_board,952,953,64.0
afterstate_full_board,953,954,86.0
afterstate_full_board,954,955,95.0
afterstate_full_board,955,956,152.0
afterstate_full_board,956,957,77.0
afterstate_full_board,957,958,68.0
afterstate_full_board,958,959,87.0
afterstate_full_board,959,960,133.0
afterstate_full_board,960,961,71.0
afterstate_full_board,961,962,100.0
afterstate_full_board,962,963,70.0
afterstate_full_board,963,964,66.0
afterstate_full_board,964,965,88.0
afterstate_full_board,965,966,123.0
afterstate_full_board,966,967,123.0
afterstate_full_board,967,968,111.0
afterstate_full_board,968,969,122.0
afterstate_full_board,969,970,141.0
afterstate_full_board,970,971,144.0
afterstate_full_board,971,972,73.0
afterstate_full_board,972,973,105.0
afterstate_full_board,973,974,130.0
afterstate_full_board,974,975,121.0
afterstate_full_board,975,976,96.0
afterstate_full_board,976,977,119.0
afterstate_full_board,977,978,121.0
afterstate_full_board,978,979,102.0
afterstate_full_board,979,980,61.0
afterstate_full_board,980,981,133.0
afterstate_full_board,981,982,97.0
afterstate_full_board,982,983,104.0
afterstate_full_board,983,984,69.0
afterstate_full_board,984,985,88.0
afterstate_full_board,985,986,128.0
afterstate_full_board,986,987,68.0
afterstate_full_board,987,988,93.0
afterstate_full_board,988,989,62.0
afterstate_full_board,989,990,128.0
afterstate_full_board,990,991,132.0
afterstate_full_board,991,992,130.0
afterstate_full_board,992,993,108.0
afterstate_full_board,993,994,110.0
afterstate_full_board,994,995,146.0
afterstate_full_board,995,996,158.0
afterstate_full_board,996,997,118.0
afterstate_full_board,997,998,96.0
afterstate_full_board,998,999,105.0
afterstate_full_board,999,1000,86.0
afterstate_full_board,1000,1001,91.0
afterstate_full_board,1001,1002,98.0
afterstate_full_board,1002,1003,85.0
afterstate_full_board,1003,1004,83.0
afterstate_full_board,1004,1005,98.0
afterstate_full_board,1005,1006,109.0
afterstate_full_board,1006,1007,72.0
afterstate_full_board,1007,1008,113.0
afterstate_full_board,1008,1009,92.0
afterstate_full_board,1009,1010,119.0
afterstate_full_board,1010,1011,102.0
afterstate_full_board,1011,1012,92.0
afterstate_full_board,1012,1013,117.0
afterstate_full_board,1013,1014,116.0
afterstate_full_board,1014,1015,145.0
afterstate_full_board,1015,1016,83.0
afterstate_full_board,1016,1017,139.0
afterstate_full_board,1017,1018,86.0
afterstate_full_board,1018,1019,83.0
afterstate_full_board,1019,1020,105.0
afterstate_full_board,1020,1021,118.0
afterstate_full_board,1021,1022,156.0
afterstate_full_board,1022,1023,63.0
afterstate_full_board,1023,1024,64.0
afterstate_full_board,1024,1025,71.0
afterstate_full_board,1025,1026,104.0
afterstate_full_board,1026,1027,106.0
afterstate_full_board,1027,1028,75.0
afterstate_full_board,1028,1029,100.0
afterstate_full_board,1029,1030,145.0
afterstate_full_board,1030,1031,73.0
afterstate_full_board,1031,1032,150.0
afterstate_full_board,1032,1033,83.0
afterstate_full_board,1033,1034,171.0
afterstate_full_board,1034,1035,162.0
afterstate_full_board,1035,1036,92.0
afterstate_full_board,1036,1037,90.0
afterstate_full_board,1037,1038,153.0
afterstate_full_board,1038,1039,74.0
afterstate_full_board,1039,1040,78.0
afterstate_full_board,1040,1041,39.0
afterstate_full_board,1041,1042,88.0
afterstate_full_board,1042,1043,74.0
afterstate_full_board,1043,1044,162.0
afterstate_full_board,1044,1045,101.0
afterstate_full_board,1045,1046,115.0
afterstate_full_board,1046,1047,119.0
afterstate_full_board,1047,1048,104.0
afterstate_full_board,1048,1049,100.0
afterstate_full_board,1049,1050,62.0
afterstate_full_board,1050,1051,145.0
afterstate_full_board,1051,1052,79.0
afterstate_full_board,1052,1053,92.0
afterstate_full_board,1053,1054,103.0
afterstate_full_board,1054,1055,111.0
afterstate_full_board,1055,1056,132.0
afterstate_full_board,1056,1057,91.0
afterstate_full_board,1057,1058,41.0
afterstate_full_board,1058,1059,83.0
afterstate_full_board,1059,1060,143.0
afterstate_full_board,1060,1061,90.0
afterstate_full_board,1061,1062,100.0
afterstate_full_board,1062,1063,139.0
afterstate_full_board,1063,1064,100.0
afterstate_full_board,1064,1065,137.0
afterstate_full_board,1065,1066,72.0
afterstate_full_board,1066,1067,126.0
afterstate_full_board,1067,1068,86.0
afterstate_full_board,1068,1069,110.0
afterstate_full_board,1069,1070,117.0
afterstate_full_board,1070,1071,92.0
afterstate_full_board,1071,1072,0.0
afterstate_full_board,1072,1073,116.0
afterstate_full_board,1073,1074,149.0
afterstate_full_board,1074,1075,129.0
afterstate_full_board,1075,1076,128.0
afterstate_full_board,1076,1077,156.0
afterstate_full_board,1077,1078,121.0
afterstate_full_board,1078,1079,93.0
afterstate_full_board,1079,1080,181.0
afterstate_full_board,1080,1081,122.0
afterstate_full_board,1081,1082,142.0
afterstate_full_board,1082,1083,86.0
afterstate_full_board,1083,1084,81.0
afterstate_full_board,1084,1085,106.0
afterstate_full_board,1085,1086,75.0
afterstate_full_board,1086,1087,102.0
afterstate_full_board,1087,1088,85.0
afterstate_full_board,1088,1089,132.0
afterstate_full_board,1089,1090,86.0
afterstate_full_board,1090,1091,87.0
afterstate_full_board,1091,1092,158.0
afterstate_full_board,1092,1093,88.0
afterstate_full_board,1093,1094,66.0
afterstate_full_board,1094,1095,116.0
afterstate_full_board,1095,1096,86.0
afterstate_full_board,1096,1097,103.0
afterstate_full_board,1097,1098,59.0
afterstate_full_board,1098,1099,120.0
afterstate_full_board,1099,1100,110.0
afterstate_full_board,1100,1101,120.0
afterstate_full_board,1101,1102,129.0
afterstate_full_board,1102,1103,70.0
afterstate_full_board,1103,1104,103.0
afterstate_full_board,1104,1105,48.0
afterstate_full_board,1105,1106,111.0
afterstate_full_board,1106,1107,68.0
afterstate_full_board,1107,1108,170.0
afterstate_full_board,1108,1109,128.0
afterstate_full_board,1109,1110,146.0
afterstate_full_board,1110,1111,142.0
afterstate_full_board,1111,1112,144.0
afterstate_full_board,1112,1113,129.0
afterstate_full_board,1113,1114,116.0
afterstate_full_board,1114,1115,129.0
afterstate_full_board,1115,1116,60.0
afterstate_full_board,1116,1117,101.0
afterstate_full_board,1117,1118,113.0
afterstate_full_board,1118,1119,114.0
afterstate_full_board,1119,1120,54.0
afterstate_full_board,1120,1121,120.0
afterstate_full_board,1121,1122,92.0
afterstate_full_board,1122,1123,87.0
afterstate_full_board,1123,1124,142.0
afterstate_full_board,1124,1125,96.0
afterstate_full_board,1125,1126,56.0
afterstate_full_board,1126,1127,122.0
afterstate_full_board,1127,1128,117.0
afterstate_full_board,1128,1129,71.0
afterstate_full_board,1129,1130,90.0
afterstate_full_board,1130,1131,143.0
afterstate_full_board,1131,1132,131.0
afterstate_full_board,1132,1133,49.0
afterstate_full_board,1133,1134,139.0
afterstate_full_board,1134,1135,57.0
afterstate_full_board,1135,1136,117.0
afterstate_full_board,1136,1137,155.0
afterstate_full_board,1137,1138,70.0
afterstate_full_board,1138,1139,77.0
afterstate_full_board,1139,1140,67.0
afterstate_full_board,1140,1141,62.0
afterstate_full_board,1141,1142,117.0
afterstate_full_board,1142,1143,120.0
afterstate_full_board,1143,1144,128.0
afterstate_full_board,1144,1145,88.0
afterstate_full_board,1145,1146,95.0
afterstate_full_board,1146,1147,102.0
afterstate_full_board,1147,1148,66.0
afterstate_full_board,1148,1149,156.0
afterstate_full_board,1149,1150,35.0
afterstate_full_board,1150,1151,100.0
afterstate_full_board,1151,1152,59.0
afterstate_full_board,1152,1153,109.0
afterstate_full_board,1153,1154,133.0
afterstate_full_board,1154,1155,83.0
afterstate_full_board,1155,1156,82.0
afterstate_full_board,1156,1157,96.0
afterstate_full_board,1157,1158,59.0
afterstate_full_board,1158,1159,133.0
afterstate_full_board,1159,1160,92.0
afterstate_full_board,1160,1161,74.0
afterstate_full_board,1161,1162,134.0
afterstate_full_board,1162,1163,144.0
afterstate_full_board,1163,1164,132.0
afterstate_full_board,1164,1165,86.0
afterstate_full_board,1165,1166,101.0
afterstate_full_board,1166,1167,118.0
afterstate_full_board,1167,1168,112.0
afterstate_full_board,1168,1169,110.0
afterstate_full_board,1169,1170,140.0
afterstate_full_board,1170,1171,124.0
afterstate_full_board,1171,1172,123.0
afterstate_full_board,1172,1173,114.0
afterstate_full_board,1173,1174,127.0
afterstate_full_board,1174,1175,105.0
afterstate_full_board,1175,1176,106.0
afterstate_full_board,1176,1177,88.0
afterstate_full_board,1177,1178,62.0
afterstate_full_board,1178,1179,91.0
afterstate_full_board,1179,1180,87.0
afterstate_full_board,1180,1181,87.0
afterstate_full_board,1181,1182,94.0
afterstate_full_board,1182,1183,117.0
afterstate_full_board,1183,1184,98.0
afterstate_full_board,1184,1185,77.0
afterstate_full_board,1185,1186,182.0
afterstate_full_board,1186,1187,72.0
afterstate_full_board,1187,1188,114.0
afterstate_full_board,1188,1189,149.0
afterstate_full_board,1189,1190,100.0
afterstate_full_board,1190,1191,72.0
afterstate_full_board,1191,1192,77.0
afterstate_full_board,1192,1193,88.0
afterstate_full_board,1193,1194,133.0
afterstate_full_board,1194,1195,100.0
afterstate_full_board,1195,1196,94.0
afterstate_full_board,1196,1197,123.0
afterstate_full_board,1197,1198,113.0
afterstate_full_board,1198,1199,98.0
afterstate_full_board,1199,1200,86.0
afterstate_full_board,1200,1201,88.0
afterstate_full_board,1201,1202,156.0
afterstate_full_board,1202,1203,128.0
afterstate_full_board,1203,1204,127.0
afterstate_full_board,1204,1205,89.0
afterstate_full_board,1205,1206,95.0
afterstate_full_board,1206,1207,85.0
afterstate_full_board,1207,1208,70.0
afterstate_full_board,1208,1209,126.0
afterstate_full_board,1209,1210,135.0
afterstate_full_board,1210,1211,101.0
afterstate_full_board,1211,1212,88.0
afterstate_full_board,1212,1213,141.0
afterstate_full_board,1213,1214,86.0
afterstate_full_board,1214,1215,144.0
afterstate_full_board,1215,1216,154.0
afterstate_full_board,1216,1217,89.0
afterstate_full_board,1217,1218,106.0
afterstate_full_board,1218,1219,116.0
afterstate_full_board,1219,1220,67.0
afterstate_full_board,1220,1221,134.0
afterstate_full_board,1221,1222,137.0
afterstate_full_board,1222,1223,137.0
afterstate_full_board,1223,1224,162.0
afterstate_full_board,1224,1225,99.0
afterstate_full_board,1225,1226,118.0
afterstate_full_board,1226,1227,114.0
afterstate_full_board,1227,1228,99.0
afterstate_full_board,1228,1229,141.0
afterstate_full_board,1229,1230,131.0
afterstate_full_board,1230,1231,89.0
afterstate_full_board,1231,1232,109.0
afterstate_full_board,1232,1233,85.0
afterstate_full_board,1233,1234,132.0
afterstate_full_board,1234,1235,119.0
afterstate_full_board,1235,1236,109.0
afterstate_full_board,1236,1237,113.0
afterstate_full_board,1237,1238,151.0
afterstate_full_board,1238,1239,98.0
afterstate_full_board,1239,1240,81.0
afterstate_full_board,1240,1241,105.0
afterstate_full_board,1241,1242,98.0
afterstate_full_board,1242,1243,113.0
afterstate_full_board,1243,1244,125.0
afterstate_full_board,1244,1245,96.0
afterstate_full_board,1245,1246,76.0
afterstate_full_board,1246,1247,89.0
afterstate_full_board,1247,1248,60.0
afterstate_full_board,1248,1249,114.0
afterstate_full_board,1249,1250,71.0
afterstate_full_board,1250,1251,127.0
afterstate_full_board,1251,1252,89.0
afterstate_full_board,1252,1253,76.0
afterstate_full_board,1253,1254,73.0
afterstate_full_board,1254,1255,92.0
afterstate_full_board,1255,1256,104.0
afterstate_full_board,1256,1257,85.0
afterstate_full_board,1257,1258,144.0
afterstate_full_board,1258,1259,98.0
afterstate_full_board,1259,1260,101.0
afterstate_full_board,1260,1261,125.0
afterstate_full_board,1261,1262,92.0
afterstate_full_board,1262,1263,152.0
afterstate_full_board,1263,1264,152.0
afterstate_full_board,1264,1265,88.0
afterstate_full_board,1265,1266,125.0
afterstate_full_board,1266,1267,120.0
afterstate_full_board,1267,1268,95.0
afterstate_full_board,1268,1269,145.0
afterstate_full_board,1269,1270,83.0
afterstate_full_board,1270,1271,146.0
afterstate_full_board,1271,1272,68.0
afterstate_full_board,1272,1273,112.0
afterstate_full_board,1273,1274,121.0
afterstate_full_board,1274,1275,104.0
afterstate_full_board,1275,1276,110.0
afterstate_full_board,1276,1277,116.0
afterstate_full_board,1277,1278,164.0
afterstate_full_board,1278,1279,138.0
afterstate_full_board,1279,1280,113.0
afterstate_full_board,1280,1281,155.0
afterstate_full_board,1281,1282,111.0
afterstate_full_board,1282,1283,133.0
afterstate_full_board,1283,1284,117.0
afterstate_full_board,1284,1285,93.0
afterstate_full_board,1285,1286,127.0
afterstate_full_board,1286,1287,105.0
afterstate_full_board,1287,1288,107.0
afterstate_full_board,1288,1289,63.0
afterstate_full_board,1289,1290,114.0
afterstate_full_board,1290,1291,104.0
afterstate_full_board,1291,1292,158.0
afterstate_full_board,1292,1293,135.0
afterstate_full_board,1293,1294,106.0
afterstate_full_board,1294,1295,104.0
afterstate_full_board,1295,1296,161.0
afterstate_full_board,1296,1297,93.0
afterstate_full_board,1297,1298,157.0
afterstate_full_board,1298,1299,69.0
afterstate_full_board,1299,1300,96.0
afterstate_full_board,1300,1301,137.0
afterstate_full_board,1301,1302,68.0
afterstate_full_board,1302,1303,78.0
afterstate_full_board,1303,1304,84.0
afterstate_full_board,1304,1305,133.0
afterstate_full_board,1305,1306,136.0
afterstate_full_board,1306,1307,122.0
afterstate_full_board,1307,1308,90.0
afterstate_full_board,1308,1309,91.0
afterstate_full_board,1309,1310,109.0
afterstate_full_board,1310,1311,73.0
afterstate_full_board,1311,1312,133.0
afterstate_full_board,1312,1313,112.0
afterstate_full_board,1313,1314,110.0
afterstate_full_board,1314,1315,120.0
afterstate_full_board,1315,1316,108.0
afterstate_full_board,1316,1317,99.0
afterstate_full_board,1317,1318,85.0
afterstate_full_board,1318,1319,59.0
afterstate_full_board,1319,1320,112.0
afterstate_full_board,1320,1321,153.0
afterstate_full_board,1321,1322,65.0
afterstate_full_board,1322,1323,125.0
afterstate_full_board,1323,1324,132.0
afterstate_full_board,1324,1325,68.0
afterstate_full_board,1325,1326,105.0
afterstate_full_board,1326,1327,110.0
afterstate_full_board,1327,1328,118.0
afterstate_full_board,1328,1329,126.0
afterstate_full_board,1329,1330,105.0
afterstate_full_board,1330,1331,117.0
afterstate_full_board,1331,1332,70.0
afterstate_full_board,1332,1333,112.0
afterstate_full_board,1333,1334,72.0
afterstate_full_board,1334,1335,140.0
afterstate_full_board,1335,1336,73.0
afterstate_full_board,1336,1337,137.0
afterstate_full_board,1337,1338,111.0
afterstate_full_board,1338,1339,152.0
afterstate_full_board,1339,1340,115.0
afterstate_full_board,1340,1341,134.0
afterstate_full_board,1341,1342,95.0
afterstate_full_board,1342,1343,134.0
afterstate_full_board,1343,1344,111.0
afterstate_full_board,1344,1345,92.0
afterstate_full_board,1345,1346,75.0
afterstate_full_board,1346,1347,84.0
afterstate_full_board,1347,1348,125.0
afterstate_full_board,1348,1349,104.0
afterstate_full_board,1349,1350,159.0
afterstate_full_board,1350,1351,66.0
afterstate_full_board,1351,1352,87.0
afterstate_full_board,1352,1353,47.0
afterstate_full_board,1353,1354,116.0
afterstate_full_board,1354,1355,85.0
afterstate_full_board,1355,1356,138.0
afterstate_full_board,1356,1357,102.0
afterstate_full_board,1357,1358,110.0
afterstate_full_board,1358,1359,109.0
afterstate_full_board,1359,1360,104.0
afterstate_full_board,1360,1361,127.0
afterstate_full_board,1361,1362,84.0
afterstate_full_board,1362,1363,120.0
afterstate_full_board,1363,1364,125.0
afterstate_full_board,1364,1365,85.0
afterstate_full_board,1365,1366,64.0
afterstate_full_board,1366,1367,71.0
afterstate_full_board,1367,1368,92.0
afterstate_full_board,1368,1369,137.0
afterstate_full_board,1369,1370,135.0
afterstate_full_board,1370,1371,129.0
afterstate_full_board,1371,1372,121.0
afterstate_full_board,1372,1373,82.0
afterstate_full_board,1373,1374,132.0
afterstate_full_board,1374,1375,128.0
afterstate_full_board,1375,1376,101.0
afterstate_full_board,1376,1377,88.0
afterstate_full_board,1377,1378,59.0
afterstate_full_board,1378,1379,128.0
afterstate_full_board,1379,1380,104.0
afterstate_full_board,1380,1381,118.0
afterstate_full_board,1381,1382,130.0
afterstate_full_board,1382,1383,125.0
afterstate_full_board,1383,1384,75.0
afterstate_full_board,1384,1385,68.0
afterstate_full_board,1385,1386,86.0
afterstate_full_board,1386,1387,122.0
afterstate_full_board,1387,1388,84.0
afterstate_full_board,1388,1389,127.0
afterstate_full_board,1389,1390,99.0
afterstate_full_board,1390,1391,91.0
afterstate_full_board,1391,1392,95.0
afterstate_full_board,1392,1393,64.0
afterstate_full_board,1393,1394,101.0
afterstate_full_board,1394,1395,115.0
afterstate_full_board,1395,1396,100.0
afterstate_full_board,1396,1397,129.0
afterstate_full_board,1397,1398,115.0
afterstate_full_board,1398,1399,91.0
afterstate_full_board,1399,1400,90.0
afterstate_full_board,1400,1401,86.0
afterstate_full_board,1401,1402,83.0
afterstate_full_board,1402,1403,89.0
afterstate_full_board,1403,1404,164.0
afterstate_full_board,1404,1405,98.0
afterstate_full_board,1405,1406,103.0
afterstate_full_board,1406,1407,78.0
afterstate_full_board,1407,1408,76.0
afterstate_full_board,1408,1409,106.0
afterstate_full_board,1409,1410,80.0
afterstate_full_board,1410,1411,89.0
afterstate_full_board,1411,1412,110.0
afterstate_full_board,1412,1413,122.0
afterstate_full_board,1413,1414,186.0
afterstate_full_board,1414,1415,76.0
afterstate_full_board,1415,1416,130.0
afterstate_full_board,1416,1417,86.0
afterstate_full_board,1417,1418,91.0
afterstate_full_board,1418,1419,127.0
afterstate_full_board,1419,1420,103.0
afterstate_full_board,1420,1421,126.0
afterstate_full_board,1421,1422,121.0
afterstate_full_board,1422,1423,161.0
afterstate_full_board,1423,1424,124.0
afterstate_full_board,1424,1425,116.0
afterstate_full_board,1425,1426,110.0
afterstate_full_board,1426,1427,112.0
afterstate_full_board,1427,1428,109.0
afterstate_full_board,1428,1429,116.0
afterstate_full_board,1429,1430,137.0
afterstate_full_board,1430,1431,77.0
afterstate_full_board,1431,1432,93.0
afterstate_full_board,1432,1433,144.0
afterstate_full_board,1433,1434,96.0
afterstate_full_board,1434,1435,169.0
afterstate_full_board,1435,1436,87.0
afterstate_full_board,1436,1437,95.0
afterstate_full_board,1437,1438,122.0
afterstate_full_board,1438,1439,100.0
afterstate_full_board,1439,1440,142.0
afterstate_full_board,1440,1441,93.0
afterstate_full_board,1441,1442,76.0
afterstate_full_board,1442,1443,122.0
afterstate_full_board,1443,1444,113.0
afterstate_full_board,1444,1445,99.0
afterstate_full_board,1445,1446,104.0
afterstate_full_board,1446,1447,94.0
afterstate_full_board,1447,1448,69.0
afterstate_full_board,1448,1449,104.0
afterstate_full_board,1449,1450,80.0
afterstate_full_board,1450,1451,110.0
afterstate_full_board,1451,1452,94.0
afterstate_full_board,1452,1453,120.0
afterstate_full_board,1453,1454,82.0
afterstate_full_board,1454,1455,93.0
afterstate_full_board,1455,1456,104.0
afterstate_full_board,1456,1457,116.0
afterstate_full_board,1457,1458,117.0
afterstate_full_board,1458,1459,85.0
afterstate_full_board,1459,1460,118.0
afterstate_full_board,1460,1461,120.0
afterstate_full_board,1461,1462,127.0
afterstate_full_board,1462,1463,113.0
afterstate_full_board,1463,1464,117.0
afterstate_full_board,1464,1465,70.0
afterstate_full_board,1465,1466,140.0
afterstate_full_board,1466,1467,57.0
afterstate_full_board,1467,1468,90.0
afterstate_full_board,1468,1469,113.0
afterstate_full_board,1469,1470,94.0
afterstate_full_board,1470,1471,102.0
afterstate_full_board,1471,1472,145.0
afterstate_full_board,1472,1473,72.0
afterstate_full_board,1473,1474,128.0
afterstate_full_board,1474,1475,84.0
afterstate_full_board,1475,1476,78.0
afterstate_full_board,1476,1477,89.0
afterstate_full_board,1477,1478,130.0
afterstate_full_board,1478,1479,79.0
afterstate_full_board,1479,1480,131.0
afterstate_full_board,1480,1481,63.0
afterstate_full_board,1481,1482,86.0
afterstate_full_board,1482,1483,100.0
afterstate_full_board,1483,1484,113.0
afterstate_full_board,1484,1485,95.0
afterstate_full_board,1485,1486,143.0
afterstate_full_board,1486,1487,86.0
afterstate_full_board,1487,1488,134.0
afterstate_full_board,1488,1489,84.0
afterstate_full_board,1489,1490,153.0
afterstate_full_board,1490,1491,42.0
afterstate_full_board,1491,1492,111.0
afterstate_full_board,1492,1493,105.0
afterstate_full_board,1493,1494,150.0
afterstate_full_board,1494,1495,96.0
afterstate_full_board,1495,1496,138.0
afterstate_full_board,1496,1497,111.0
afterstate_full_board,1497,1498,108.0
afterstate_full_board,1498,1499,138.0
afterstate_full_board,1499,1500,110.0
afterstate_full_board,1500,1501,121.0
afterstate_full_board,1501,1502,89.0
afterstate_full_board,1502,1503,96.0
afterstate_full_board,1503,1504,100.0
afterstate_full_board,1504,1505,110.0
afterstate_full_board,1505,1506,123.0
afterstate_full_board,1506,1507,77.0
afterstate_full_board,1507,1508,117.0
afterstate_full_board,1508,1509,104.0
afterstate_full_board,1509,1510,53.0
afterstate_full_board,1510,1511,65.0
afterstate_full_board,1511,1512,115.0
afterstate_full_board,1512,1513,101.0
afterstate_full_board,1513,1514,66.0
afterstate_full_board,1514,1515,109.0
afterstate_full_board,1515,1516,103.0
afterstate_full_board,1516,1517,74.0
afterstate_full_board,1517,1518,113.0
afterstate_full_board,1518,1519,114.0
afterstate_full_board,1519,1520,97.0
afterstate_full_board,1520,1521,123.0
afterstate_full_board,1521,1522,150.0
afterstate_full_board,1522,1523,102.0
afterstate_full_board,1523,1524,106.0
afterstate_full_board,1524,1525,119.0
afterstate_full_board,1525,1526,86.0
afterstate_full_board,1526,1527,92.0
afterstate_full_board,1527,1528,73.0
afterstate_full_board,1528,1529,126.0
afterstate_full_board,1529,1530,93.0
afterstate_full_board,1530,1531,114.0
afterstate_full_board,1531,1532,117.0
afterstate_full_board,1532,1533,142.0
afterstate_full_board,1533,1534,45.0
afterstate_full_board,1534,1535,107.0
afterstate_full_board,1535,1536,112.0
afterstate_full_board,1536,1537,123.0
afterstate_full_board,1537,1538,134.0
afterstate_full_board,1538,1539,105.0
afterstate_full_board,1539,1540,130.0
afterstate_full_board,1540,1541,63.0
afterstate_full_board,1541,1542,95.0
afterstate_full_board,1542,1543,101.0
afterstate_full_board,1543,1544,137.0
afterstate_full_board,1544,1545,116.0
afterstate_full_board,1545,1546,77.0
afterstate_full_board,1546,1547,132.0
afterstate_full_board,1547,1548,73.0
afterstate_full_board,1548,1549,73.0
afterstate_full_board,1549,1550,104.0
afterstate_full_board,1550,1551,149.0
afterstate_full_board,1551,1552,94.0
afterstate_full_board,1552,1553,125.0
afterstate_full_board,1553,1554,112.0
afterstate_full_board,1554,1555,121.0
afterstate_full_board,1555,1556,127.0
afterstate_full_board,1556,1557,89.0
afterstate_full_board,1557,1558,122.0
afterstate_full_board,1558,1559,148.0
afterstate_full_board,1559,1560,96.0
afterstate_full_board,1560,1561,98.0
afterstate_full_board,1561,1562,111.0
afterstate_full_board,1562,1563,100.0
afterstate_full_board,1563,1564,125.0
afterstate_full_board,1564,1565,42.0
afterstate_full_board,1565,1566,94.0
afterstate_full_board,1566,1567,73.0
afterstate_full_board,1567,1568,76.0
afterstate_full_board,1568,1569,124.0
afterstate_full_board,1569,1570,78.0
afterstate_full_board,1570,1571,55.0
afterstate_full_board,1571,1572,118.0
afterstate_full_board,1572,1573,116.0
afterstate_full_board,1573,1574,99.0
afterstate_full_board,1574,1575,104.0
afterstate_full_board,1575,1576,98.0
afterstate_full_board,1576,1577,169.0
afterstate_full_board,1577,1578,101.0
afterstate_full_board,1578,1579,161.0
afterstate_full_board,1579,1580,112.0
afterstate_full_board,1580,1581,89.0
afterstate_full_board,1581,1582,124.0
afterstate_full_board,1582,1583,132.0
afterstate_full_board,1583,1584,132.0
afterstate_full_board,1584,1585,53.0
afterstate_full_board,1585,1586,88.0
afterstate_full_board,1586,1587,97.0
afterstate_full_board,1587,1588,118.0
afterstate_full_board,1588,1589,114.0
afterstate_full_board,1589,1590,119.0
afterstate_full_board,1590,1591,64.0
afterstate_full_board,1591,1592,124.0
afterstate_full_board,1592,1593,117.0
afterstate_full_board,1593,1594,102.0
afterstate_full_board,1594,1595,98.0
afterstate_full_board,1595,1596,103.0
afterstate_full_board,1596,1597,79.0
afterstate_full_board,1597,1598,133.0
afterstate_full_board,1598,1599,138.0
afterstate_full_board,1599,1600,89.0
afterstate_full_board,1600,1601,103.0
afterstate_full_board,1601,1602,71.0
afterstate_full_board,1602,1603,102.0
afterstate_full_board,1603,1604,91.0
afterstate_full_board,1604,1605,117.0
afterstate_full_board,1605,1606,103.0
afterstate_full_board,1606,1607,131.0
afterstate_full_board,1607,1608,135.0
afterstate_full_board,1608,1609,97.0
afterstate_full_board,1609,1610,159.0
afterstate_full_board,1610,1611,127.0
afterstate_full_board,1611,1612,112.0
afterstate_full_board,1612,1613,96.0
afterstate_full_board,1613,1614,105.0
afterstate_full_board,1614,1615,142.0
afterstate_full_board,1615,1616,82.0
afterstate_full_board,1616,1617,117.0
afterstate_full_board,1617,1618,104.0
afterstate_full_board,1618,1619,93.0
afterstate_full_board,1619,1620,169.0
afterstate_full_board,1620,1621,59.0
afterstate_full_board,1621,1622,77.0
afterstate_full_board,1622,1623,93.0
afterstate_full_board,1623,1624,210.0
afterstate_full_board,1624,1625,103.0
afterstate_full_board,1625,1626,144.0
afterstate_full_board,1626,1627,93.0
afterstate_full_board,1627,1628,90.0
afterstate_full_board,1628,1629,118.0
afterstate_full_board,1629,1630,112.0
afterstate_full_board,1630,1631,88.0
afterstate_full_board,1631,1632,94.0
afterstate_full_board,1632,1633,83.0
afterstate_full_board,1633,1634,135.0
afterstate_full_board,1634,1635,132.0
afterstate_full_board,1635,1636,76.0
afterstate_full_board,1636,1637,133.0
afterstate_full_board,1637,1638,81.0
afterstate_full_board,1638,1639,94.0
afterstate_full_board,1639,1640,81.0
afterstate_full_board,1640,1641,72.0
afterstate_full_board,1641,1642,126.0
afterstate_full_board,1642,1643,82.0
afterstate_full_board,1643,1644,110.0
afterstate_full_board,1644,1645,136.0
afterstate_full_board,1645,1646,119.0
afterstate_full_board,1646,1647,172.0
afterstate_full_board,1647,1648,95.0
afterstate_full_board,1648,1649,97.0
afterstate_full_board,1649,1650,103.0
afterstate_full_board,1650,1651,99.0
afterstate_full_board,1651,1652,137.0
afterstate_full_board,1652,1653,95.0
afterstate_full_board,1653,1654,130.0
afterstate_full_board,1654,1655,107.0
afterstate_full_board,1655,1656,91.0
afterstate_full_board,1656,1657,97.0
afterstate_full_board,1657,1658,98.0
afterstate_full_board,1658,1659,92.0
afterstate_full_board,1659,1660,120.0
afterstate_full_board,1660,1661,96.0
afterstate_full_board,1661,1662,148.0
afterstate_full_board,1662,1663,113.0
afterstate_full_board,1663,1664,98.0
afterstate_full_board,1664,1665,133.0
afterstate_full_board,1665,1666,107.0
afterstate_full_board,1666,1667,122.0
afterstate_full_board,1667,1668,114.0
afterstate_full_board,1668,1669,73.0
afterstate_full_board,1669,1670,99.0
afterstate_full_board,1670,1671,120.0
afterstate_full_board,1671,1672,92.0
afterstate_full_board,1672,1673,145.0
afterstate_full_board,1673,1674,107.0
afterstate_full_board,1674,1675,124.0
afterstate_full_board,1675,1676,107.0
afterstate_full_board,1676,1677,160.0
afterstate_full_board,1677,1678,84.0
afterstate_full_board,1678,1679,91.0
afterstate_full_board,1679,1680,116.0
afterstate_full_board,1680,1681,112.0
afterstate_full_board,1681,1682,82.0
afterstate_full_board,1682,1683,66.0
afterstate_full_board,1683,1684,80.0
afterstate_full_board,1684,1685,169.0
afterstate_full_board,1685,1686,105.0
afterstate_full_board,1686,1687,142.0
afterstate_full_board,1687,1688,99.0
afterstate_full_board,1688,1689,92.0
afterstate_full_board,1689,1690,122.0
afterstate_full_board,1690,1691,129.0
afterstate_full_board,1691,1692,163.0
afterstate_full_board,1692,1693,131.0
afterstate_full_board,1693,1694,93.0
afterstate_full_board,1694,1695,86.0
afterstate_full_board,1695,1696,55.0
afterstate_full_board,1696,1697,110.0
afterstate_full_board,1697,1698,83.0
afterstate_full_board,1698,1699,119.0
afterstate_full_board,1699,1700,125.0
afterstate_full_board,1700,1701,131.0
afterstate_full_board,1701,1702,135.0
afterstate_full_board,1702,1703,117.0
afterstate_full_board,1703,1704,119.0
afterstate_full_board,1704,1705,70.0
afterstate_full_board,1705,1706,102.0
afterstate_full_board,1706,1707,92.0
afterstate_full_board,1707,1708,115.0
afterstate_full_board,1708,1709,77.0
afterstate_full_board,1709,1710,148.0
afterstate_full_board,1710,1711,127.0
afterstate_full_board,1711,1712,117.0
afterstate_full_board,1712,1713,108.0
afterstate_full_board,1713,1714,90.0
afterstate_full_board,1714,1715,138.0
afterstate_full_board,1715,1716,123.0
afterstate_full_board,1716,1717,80.0
afterstate_full_board,1717,1718,94.0
afterstate_full_board,1718,1719,161.0
afterstate_full_board,1719,1720,140.0
afterstate_full_board,1720,1721,99.0
afterstate_full_board,1721,1722,128.0
afterstate_full_board,1722,1723,83.0
afterstate_full_board,1723,1724,72.0
afterstate_full_board,1724,1725,99.0
afterstate_full_board,1725,1726,115.0
afterstate_full_board,1726,1727,96.0
afterstate_full_board,1727,1728,163.0
afterstate_full_board,1728,1729,127.0
afterstate_full_board,1729,1730,124.0
afterstate_full_board,1730,1731,104.0
afterstate_full_board,1731,1732,120.0
afterstate_full_board,1732,1733,151.0
afterstate_full_board,1733,1734,125.0
afterstate_full_board,1734,1735,99.0
afterstate_full_board,1735,1736,81.0
afterstate_full_board,1736,1737,128.0
afterstate_full_board,1737,1738,58.0
afterstate_full_board,1738,1739,84.0
afterstate_full_board,1739,1740,72.0
afterstate_full_board,1740,1741,85.0
afterstate_full_board,1741,1742,103.0
afterstate_full_board,1742,1743,120.0
afterstate_full_board,1743,1744,88.0
afterstate_full_board,1744,1745,96.0
afterstate_full_board,1745,1746,100.0
afterstate_full_board,1746,1747,130.0
afterstate_full_board,1747,1748,138.0
afterstate_full_board,1748,1749,98.0
afterstate_full_board,1749,1750,179.0
afterstate_full_board,1750,1751,211.0
afterstate_full_board,1751,1752,131.0
afterstate_full_board,1752,1753,117.0
afterstate_full_board,1753,1754,74.0
afterstate_full_board,1754,1755,163.0
afterstate_full_board,1755,1756,93.0
afterstate_full_board,1756,1757,117.0
afterstate_full_board,1757,1758,120.0
afterstate_full_board,1758,1759,74.0
afterstate_full_board,1759,1760,135.0
afterstate_full_board,1760,1761,85.0
afterstate_full_board,1761,1762,63.0
afterstate_full_board,1762,1763,108.0
afterstate_full_board,1763,1764,131.0
afterstate_full_board,1764,1765,142.0
afterstate_full_board,1765,1766,46.0
afterstate_full_board,1766,1767,138.0
afterstate_full_board,1767,1768,85.0
afterstate_full_board,1768,1769,99.0
afterstate_full_board,1769,1770,90.0
afterstate_full_board,1770,1771,115.0
afterstate_full_board,1771,1772,122.0
afterstate_full_board,1772,1773,146.0
afterstate_full_board,1773,1774,119.0
afterstate_full_board,1774,1775,116.0
afterstate_full_board,1775,1776,132.0
afterstate_full_board,1776,1777,94.0
afterstate_full_board,1777,1778,110.0
afterstate_full_board,1778,1779,99.0
afterstate_full_board,1779,1780,82.0
afterstate_full_board,1780,1781,98.0
afterstate_full_board,1781,1782,120.0
afterstate_full_board,1782,1783,118.0
afterstate_full_board,1783,1784,147.0
afterstate_full_board,1784,1785,98.0
afterstate_full_board,1785,1786,91.0
afterstate_full_board,1786,1787,96.0
afterstate_full_board,1787,1788,83.0
afterstate_full_board,1788,1789,80.0
afterstate_full_board,1789,1790,74.0
afterstate_full_board,1790,1791,109.0
afterstate_full_board,1791,1792,95.0
afterstate_full_board,1792,1793,104.0
afterstate_full_board,1793,1794,162.0
afterstate_full_board,1794,1795,109.0
afterstate_full_board,1795,1796,114.0
afterstate_full_board,1796,1797,110.0
afterstate_full_board,1797,1798,83.0
afterstate_full_board,1798,1799,99.0
afterstate_full_board,1799,1800,120.0
afterstate_full_board,1800,1801,108.0
afterstate_full_board,1801,1802,162.0
afterstate_full_board,1802,1803,84.0
afterstate_full_board,1803,1804,125.0
afterstate_full_board,1804,1805,112.0
afterstate_full_board,1805,1806,100.0
afterstate_full_board,1806,1807,97.0
afterstate_full_board,1807,1808,91.0
afterstate_full_board,1808,1809,62.0
afterstate_full_board,1809,1810,151.0
afterstate_full_board,1810,1811,98.0
afterstate_full_board,1811,1812,102.0
afterstate_full_board,1812,1813,114.0
afterstate_full_board,1813,1814,104.0
afterstate_full_board,1814,1815,117.0
afterstate_full_board,1815,1816,136.0
afterstate_full_board,1816,1817,95.0
afterstate_full_board,1817,1818,112.0
afterstate_full_board,1818,1819,110.0
afterstate_full_board,1819,1820,103.0
afterstate_full_board,1820,1821,107.0
afterstate_full_board,1821,1822,63.0
afterstate_full_board,1822,1823,101.0
afterstate_full_board,1823,1824,134.0
afterstate_full_board,1824,1825,87.0
afterstate_full_board,1825,1826,75.0
afterstate_full_board,1826,1827,162.0
afterstate_full_board,1827,1828,50.0
afterstate_full_board,1828,1829,101.0
afterstate_full_board,1829,1830,135.0
afterstate_full_board,1830,1831,96.0
afterstate_full_board,1831,1832,101.0
afterstate_full_board,1832,1833,102.0
afterstate_full_board,1833,1834,79.0
afterstate_full_board,1834,1835,144.0
afterstate_full_board,1835,1836,117.0
afterstate_full_board,1836,1837,125.0
afterstate_full_board,1837,1838,121.0
afterstate_full_board,1838,1839,102.0
afterstate_full_board,1839,1840,80.0
afterstate_full_board,1840,1841,126.0
afterstate_full_board,1841,1842,122.0
afterstate_full_board,1842,1843,86.0
afterstate_full_board,1843,1844,144.0
afterstate_full_board,1844,1845,111.0
afterstate_full_board,1845,1846,102.0
afterstate_full_board,1846,1847,148.0
afterstate_full_board,1847,1848,80.0
afterstate_full_board,1848,1849,88.0
afterstate_full_board,1849,1850,142.0
afterstate_full_board,1850,1851,116.0
afterstate_full_board,1851,1852,145.0
afterstate_full_board,1852,1853,104.0
afterstate_full_board,1853,1854,133.0
afterstate_full_board,1854,1855,57.0
afterstate_full_board,1855,1856,102.0
afterstate_full_board,1856,1857,74.0
afterstate_full_board,1857,1858,108.0
afterstate_full_board,1858,1859,127.0
afterstate_full_board,1859,1860,142.0
afterstate_full_board,1860,1861,117.0
afterstate_full_board,1861,1862,101.0
afterstate_full_board,1862,1863,128.0
afterstate_full_board,1863,1864,134.0
afterstate_full_board,1864,1865,143.0
afterstate_full_board,1865,1866,114.0
afterstate_full_board,1866,1867,92.0
afterstate_full_board,1867,1868,97.0
afterstate_full_board,1868,1869,68.0
afterstate_full_board,1869,1870,108.0
afterstate_full_board,1870,1871,93.0
afterstate_full_board,1871,1872,122.0
afterstate_full_board,1872,1873,95.0
afterstate_full_board,1873,1874,136.0
afterstate_full_board,1874,1875,98.0
afterstate_full_board,1875,1876,122.0
afterstate_full_board,1876,1877,98.0
afterstate_full_board,1877,1878,66.0
afterstate_full_board,1878,1879,90.0
afterstate_full_board,1879,1880,172.0
afterstate_full_board,1880,1881,75.0
afterstate_full_board,1881,1882,67.0
afterstate_full_board,1882,1883,64.0
afterstate_full_board,1883,1884,108.0
afterstate_full_board,1884,1885,83.0
afterstate_full_board,1885,1886,121.0
afterstate_full_board,1886,1887,157.0
afterstate_full_board,1887,1888,135.0
afterstate_full_board,1888,1889,72.0
afterstate_full_board,1889,1890,87.0
afterstate_full_board,1890,1891,112.0
afterstate_full_board,1891,1892,109.0
afterstate_full_board,1892,1893,117.0
afterstate_full_board,1893,1894,89.0
afterstate_full_board,1894,1895,139.0
afterstate_full_board,1895,1896,85.0
afterstate_full_board,1896,1897,114.0
afterstate_full_board,1897,1898,76.0
afterstate_full_board,1898,1899,84.0
afterstate_full_board,1899,1900,119.0
afterstate_full_board,1900,1901,62.0
afterstate_full_board,1901,1902,119.0
afterstate_full_board,1902,1903,103.0
afterstate_full_board,1903,1904,137.0
afterstate_full_board,1904,1905,67.0
afterstate_full_board,1905,1906,104.0
afterstate_full_board,1906,1907,99.0
afterstate_full_board,1907,1908,112.0
afterstate_full_board,1908,1909,54.0
afterstate_full_board,1909,1910,107.0
afterstate_full_board,1910,1911,82.0
afterstate_full_board,1911,1912,139.0
afterstate_full_board,1912,1913,132.0
afterstate_full_board,1913,1914,99.0
afterstate_full_board,1914,1915,144.0
afterstate_full_board,1915,1916,76.0
afterstate_full_board,1916,1917,97.0
afterstate_full_board,1917,1918,124.0
afterstate_full_board,1918,1919,145.0
afterstate_full_board,1919,1920,81.0
afterstate_full_board,1920,1921,150.0
afterstate_full_board,1921,1922,129.0
afterstate_full_board,1922,1923,93.0
afterstate_full_board,1923,1924,112.0
afterstate_full_board,1924,1925,56.0
afterstate_full_board,1925,1926,106.0
afterstate_full_board,1926,1927,90.0
afterstate_full_board,1927,1928,56.0
afterstate_full_board,1928,1929,151.0
afterstate_full_board,1929,1930,79.0
afterstate_full_board,1930,1931,72.0
afterstate_full_board,1931,1932,101.0
afterstate_full_board,1932,1933,138.0
afterstate_full_board,1933,1934,101.0
afterstate_full_board,1934,1935,128.0
afterstate_full_board,1935,1936,90.0
afterstate_full_board,1936,1937,63.0
afterstate_full_board,1937,1938,92.0
afterstate_full_board,1938,1939,98.0
afterstate_full_board,1939,1940,120.0
afterstate_full_board,1940,1941,132.0
afterstate_full_board,1941,1942,105.0
afterstate_full_board,1942,1943,115.0
afterstate_full_board,1943,1944,107.0
afterstate_full_board,1944,1945,124.0
afterstate_full_board,1945,1946,166.0
afterstate_full_board,1946,1947,130.0
afterstate_full_board,1947,1948,105.0
afterstate_full_board,1948,1949,78.0
afterstate_full_board,1949,1950,115.0
afterstate_full_board,1950,1951,88.0
afterstate_full_board,1951,1952,108.0
afterstate_full_board,1952,1953,137.0
afterstate_full_board,1953,1954,63.0
afterstate_full_board,1954,1955,62.0
afterstate_full_board,1955,1956,116.0
afterstate_full_board,1956,1957,93.0
afterstate_full_board,1957,1958,114.0
afterstate_full_board,1958,1959,100.0
afterstate_full_board,1959,1960,119.0
afterstate_full_board,1960,1961,108.0
afterstate_full_board,1961,1962,126.0
afterstate_full_board,1962,1963,145.0
afterstate_full_board,1963,1964,127.0
afterstate_full_board,1964,1965,68.0
afterstate_full_board,1965,1966,101.0
afterstate_full_board,1966,1967,80.0
afterstate_full_board,1967,1968,106.0
afterstate_full_board,1968,1969,112.0
afterstate_full_board,1969,1970,98.0
afterstate_full_board,1970,1971,83.0
afterstate_full_board,1971,1972,102.0
afterstate_full_board,1972,1973,91.0
afterstate_full_board,1973,1974,86.0
afterstate_full_board,1974,1975,101.0
afterstate_full_board,1975,1976,138.0
afterstate_full_board,1976,1977,91.0
afterstate_full_board,1977,1978,83.0
afterstate_full_board,1978,1979,127.0
afterstate_full_board,1979,1980,59.0
afterstate_full_board,1980,1981,103.0
afterstate_full_board,1981,1982,84.0
afterstate_full_board,1982,1983,48.0
afterstate_full_board,1983,1984,130.0
afterstate_full_board,1984,1985,71.0
afterstate_full_board,1985,1986,86.0
afterstate_full_board,1986,1987,133.0
afterstate_full_board,1987,1988,65.0
afterstate_full_board,1988,1989,132.0
afterstate_full_board,1989,1990,101.0
afterstate_full_board,1990,1991,127.0
afterstate_full_board,1991,1992,106.0
afterstate_full_board,1992,1993,143.0
afterstate_full_board,1993,1994,126.0
afterstate_full_board,1994,1995,115.0
afterstate_full_board,1995,1996,91.0
afterstate_full_board,1996,1997,116.0
afterstate_full_board,1997,1998,113.0
afterstate_full_board,1998,1999,109.0
afterstate_full_board,1999,2000,116.0
afterstate_full_board_best_checkpoint,0,1,105.0
afterstate_full_board_best_checkpoint,1,2,85.0
afterstate_full_board_best_checkpoint,2,3,109.0
afterstate_full_board_best_checkpoint,3,4,104.0
afterstate_full_board_best_checkpoint,4,5,126.0
afterstate_full_board_best_checkpoint,5,6,122.0
afterstate_full_board_best_checkpoint,6,7,183.0
afterstate_full_board_best_checkpoint,7,8,100.0
afterstate_full_board_best_checkpoint,8,9,78.0
afterstate_full_board_best_checkpoint,9,10,69.0
afterstate_full_board_best_checkpoint,10,11,143.0
afterstate_full_board_best_checkpoint,11,12,121.0
afterstate_full_board_best_checkpoint,12,13,132.0
afterstate_full_board_best_checkpoint,13,14,79.0
afterstate_full_board_best_checkpoint,14,15,108.0
afterstate_full_board_best_checkpoint,15,16,88.0
afterstate_full_board_best_checkpoint,16,17,144.0
afterstate_full_board_best_checkpoint,17,18,83.0
afterstate_full_board_best_checkpoint,18,19,116.0
afterstate_full_board_best_checkpoint,19,20,117.0
afterstate_full_board_best_checkpoint,20,21,76.0
afterstate_full_board_best_checkpoint,21,22,91.0
afterstate_full_board_best_checkpoint,22,23,105.0
afterstate_full_board_best_checkpoint,23,24,75.0
afterstate_full_board_best_checkpoint,24,25,97.0
afterstate_full_board_best_checkpoint,25,26,173.0
afterstate_full_board_best_checkpoint,26,27,79.0
afterstate_full_board_best_checkpoint,27,28,99.0
afterstate_full_board_best_checkpoint,28,29,132.0
afterstate_full_board_best_checkpoint,29,30,102.0
afterstate_full_board_best_checkpoint,30,31,98.0
afterstate_full_board_best_checkpoint,31,32,94.0
afterstate_full_board_best_checkpoint,32,33,136.0
afterstate_full_board_best_checkpoint,33,34,129.0
afterstate_full_board_best_checkpoint,34,35,128.0
afterstate_full_board_best_checkpoint,35,36,96.0
afterstate_full_board_best_checkpoint,36,37,101.0
afterstate_full_board_best_checkpoint,37,38,113.0
afterstate_full_board_best_checkpoint,38,39,165.0
afterstate_full_board_best_checkpoint,39,40,71.0
afterstate_full_board_best_checkpoint,40,41,94.0
afterstate_full_board_best_checkpoint,41,42,109.0
afterstate_full_board_best_checkpoint,42,43,124.0
afterstate_full_board_best_checkpoint,43,44,108.0
afterstate_full_board_best_checkpoint,44,45,91.0
afterstate_full_board_best_checkpoint,45,46,155.0
afterstate_full_board_best_checkpoint,46,47,108.0
afterstate_full_board_best_checkpoint,47,48,102.0
afterstate_full_board_best_checkpoint,48,49,120.0
afterstate_full_board_best_checkpoint,49,50,97.0
afterstate_full_board_best_checkpoint,50,51,64.0
afterstate_full_board_best_checkpoint,51,52,21.0
afterstate_full_board_best_checkpoint,52,53,172.0
afterstate_full_board_best_checkpoint,53,54,109.0
afterstate_full_board_best_checkpoint,54,55,117.0
afterstate_full_board_best_checkpoint,55,56,93.0
afterstate_full_board_best_checkpoint,56,57,80.0
afterstate_full_board_best_checkpoint,57,58,124.0
afterstate_full_board_best_checkpoint,58,59,139.0
afterstate_full_board_best_checkpoint,59,60,87.0
afterstate_full_board_best_checkpoint,60,61,128.0
afterstate_full_board_best_checkpoint,61,62,70.0
afterstate_full_board_best_checkpoint,62,63,120.0
afterstate_full_board_best_checkpoint,63,64,124.0
afterstate_full_board_best_checkpoint,64,65,149.0
afterstate_full_board_best_checkpoint,65,66,109.0
afterstate_full_board_best_checkpoint,66,67,144.0
afterstate_full_board_best_checkpoint,67,68,132.0
afterstate_full_board_best_checkpoint,68,69,129.0
afterstate_full_board_best_checkpoint,69,70,93.0
afterstate_full_board_best_checkpoint,70,71,97.0
afterstate_full_board_best_checkpoint,71,72,119.0
afterstate_full_board_best_checkpoint,72,73,83.0
afterstate_full_board_best_checkpoint,73,74,102.0
afterstate_full_board_best_checkpoint,74,75,123.0
afterstate_full_board_best_checkpoint,75,76,125.0
afterstate_full_board_best_checkpoint,76,77,130.0
afterstate_full_board_best_checkpoint,77,78,106.0
afterstate_full_board_best_checkpoint,78,79,82.0
afterstate_full_board_best_checkpoint,79,80,114.0
afterstate_full_board_best_checkpoint,80,81,91.0
afterstate_full_board_best_checkpoint,81,82,113.0
afterstate_full_board_best_checkpoint,82,83,111.0
afterstate_full_board_best_checkpoint,83,84,122.0
afterstate_full_board_best_checkpoint,84,85,113.0
afterstate_full_board_best_checkpoint,85,86,107.0
afterstate_full_board_best_checkpoint,86,87,137.0
afterstate_full_board_best_checkpoint,87,88,133.0
afterstate_full_board_best_checkpoint,88,89,89.0
afterstate_full_board_best_checkpoint,89,90,105.0
afterstate_full_board_best_checkpoint,90,91,89.0
afterstate_full_board_best_checkpoint,91,92,93.0
afterstate_full_board_best_checkpoint,92,93,111.0
afterstate_full_board_best_checkpoint,93,94,124.0
afterstate_full_board_best_checkpoint,94,95,81.0
afterstate_full_board_best_checkpoint,95,96,59.0
afterstate_full_board_best_checkpoint,96,97,146.0
afterstate_full_board_best_checkpoint,97,98,105.0
afterstate_full_board_best_checkpoint,98,99,120.0
afterstate_full_board_best_checkpoint,99,100,107.0
afterstate_full_board_best_checkpoint,100,101,62.0
afterstate_full_board_best_checkpoint,101,102,119.0
afterstate_full_board_best_checkpoint,102,103,109.0
afterstate_full_board_best_checkpoint,103,104,93.0
afterstate_full_board_best_checkpoint,104,105,62.0
afterstate_full_board_best_checkpoint,105,106,108.0
afterstate_full_board_best_checkpoint,106,107,99.0
afterstate_full_board_best_checkpoint,107,108,125.0
afterstate_full_board_best_checkpoint,108,109,85.0
afterstate_full_board_best_checkpoint,109,110,95.0
afterstate_full_board_best_checkpoint,110,111,99.0
afterstate_full_board_best_checkpoint,111,112,80.0
afterstate_full_board_best_checkpoint,112,113,131.0
afterstate_full_board_best_checkpoint,113,114,132.0
afterstate_full_board_best_checkpoint,114,115,103.0
afterstate_full_board_best_checkpoint,115,116,133.0
afterstate_full_board_best_checkpoint,116,117,125.0
afterstate_full_board_best_checkpoint,117,118,137.0
afterstate_full_board_best_checkpoint,118,119,91.0
afterstate_full_board_best_checkpoint,119,120,83.0
afterstate_full_board_best_checkpoint,120,121,99.0
afterstate_full_board_best_checkpoint,121,122,106.0
afterstate_full_board_best_checkpoint,122,123,86.0
afterstate_full_board_best_checkpoint,123,124,127.0
afterstate_full_board_best_checkpoint,124,125,83.0
afterstate_full_board_best_checkpoint,125,126,127.0
afterstate_full_board_best_checkpoint,126,127,121.0
afterstate_full_board_best_checkpoint,127,128,109.0
afterstate_full_board_best_checkpoint,128,129,99.0
afterstate_full_board_best_checkpoint,129,130,68.0
afterstate_full_board_best_checkpoint,130,131,174.0
afterstate_full_board_best_checkpoint,131,132,110.0
afterstate_full_board_best_checkpoint,132,133,61.0
afterstate_full_board_best_checkpoint,133,134,115.0
afterstate_full_board_best_checkpoint,134,135,81.0
afterstate_full_board_best_checkpoint,135,136,80.0
afterstate_full_board_best_checkpoint,136,137,120.0
afterstate_full_board_best_checkpoint,137,138,85.0
afterstate_full_board_best_checkpoint,138,139,136.0
afterstate_full_board_best_checkpoint,139,140,122.0
afterstate_full_board_best_checkpoint,140,141,132.0
afterstate_full_board_best_checkpoint,141,142,72.0
afterstate_full_board_best_checkpoint,142,143,85.0
afterstate_full_board_best_checkpoint,143,144,147.0
afterstate_full_board_best_checkpoint,144,145,110.0
afterstate_full_board_best_checkpoint,145,146,108.0
afterstate_full_board_best_checkpoint,146,147,120.0
afterstate_full_board_best_checkpoint,147,148,127.0
afterstate_full_board_best_checkpoint,148,149,97.0
afterstate_full_board_best_checkpoint,149,150,89.0
afterstate_full_board_best_checkpoint,150,151,89.0
afterstate_full_board_best_checkpoint,151,152,142.0
afterstate_full_board_best_checkpoint,152,153,79.0
afterstate_full_board_best_checkpoint,153,154,137.0
afterstate_full_board_best_checkpoint,154,155,113.0
afterstate_full_board_best_checkpoint,155,156,104.0
afterstate_full_board_best_checkpoint,156,157,109.0
afterstate_full_board_best_checkpoint,157,158,70.0
afterstate_full_board_best_checkpoint,158,159,122.0
afterstate_full_board_best_checkpoint,159,160,122.0
afterstate_full_board_best_checkpoint,160,161,104.0
afterstate_full_board_best_checkpoint,161,162,106.0
afterstate_full_board_best_checkpoint,162,163,80.0
afterstate_full_board_best_checkpoint,163,164,136.0
afterstate_full_board_best_checkpoint,164,165,47.0
afterstate_full_board_best_checkpoint,165,166,118.0
afterstate_full_board_best_checkpoint,166,167,143.0
afterstate_full_board_best_checkpoint,167,168,93.0
afterstate_full_board_best_checkpoint,168,169,63.0
afterstate_full_board_best_checkpoint,169,170,104.0
afterstate_full_board_best_checkpoint,170,171,99.0
afterstate_full_board_best_checkpoint,171,172,139.0
afterstate_full_board_best_checkpoint,172,173,152.0
afterstate_full_board_best_checkpoint,173,174,136.0
afterstate_full_board_best_checkpoint,174,175,141.0
afterstate_full_board_best_checkpoint,175,176,85.0
afterstate_full_board_best_checkpoint,176,177,146.0
afterstate_full_board_best_checkpoint,177,178,137.0
afterstate_full_board_best_checkpoint,178,179,105.0
afterstate_full_board_best_checkpoint,179,180,52.0
afterstate_full_board_best_checkpoint,180,181,54.0
afterstate_full_board_best_checkpoint,181,182,86.0
afterstate_full_board_best_checkpoint,182,183,100.0
afterstate_full_board_best_checkpoint,183,184,126.0
afterstate_full_board_best_checkpoint,184,185,149.0
afterstate_full_board_best_checkpoint,185,186,101.0
afterstate_full_board_best_checkpoint,186,187,89.0
afterstate_full_board_best_checkpoint,187,188,79.0
afterstate_full_board_best_checkpoint,188,189,141.0
afterstate_full_board_best_checkpoint,189,190,85.0
afterstate_full_board_best_checkpoint,190,191,104.0
afterstate_full_board_best_checkpoint,191,192,74.0
afterstate_full_board_best_checkpoint,192,193,195.0
afterstate_full_board_best_checkpoint,193,194,144.0
afterstate_full_board_best_checkpoint,194,195,81.0
afterstate_full_board_best_checkpoint,195,196,70.0
afterstate_full_board_best_checkpoint,196,197,126.0
afterstate_full_board_best_checkpoint,197,198,163.0
afterstate_full_board_best_checkpoint,198,199,98.0
afterstate_full_board_best_checkpoint,199,200,187.0
afterstate_full_board_best_checkpoint,200,201,157.0
afterstate_full_board_best_checkpoint,201,202,97.0
afterstate_full_board_best_checkpoint,202,203,135.0
afterstate_full_board_best_checkpoint,203,204,135.0
afterstate_full_board_best_checkpoint,204,205,101.0
afterstate_full_board_best_checkpoint,205,206,148.0
afterstate_full_board_best_checkpoint,206,207,100.0
afterstate_full_board_best_checkpoint,207,208,117.0
afterstate_full_board_best_checkpoint,208,209,112.0
afterstate_full_board_best_checkpoint,209,210,86.0
afterstate_full_board_best_checkpoint,210,211,44.0
afterstate_full_board_best_checkpoint,211,212,88.0
afterstate_full_board_best_checkpoint,212,213,95.0
afterstate_full_board_best_checkpoint,213,214,115.0
afterstate_full_board_best_checkpoint,214,215,115.0
afterstate_full_board_best_checkpoint,215,216,108.0
afterstate_full_board_best_checkpoint,216,217,55.0
afterstate_full_board_best_checkpoint,217,218,109.0
afterstate_full_board_best_checkpoint,218,219,125.0
afterstate_full_board_best_checkpoint,219,220,116.0
afterstate_full_board_best_checkpoint,220,221,64.0
afterstate_full_board_best_checkpoint,221,222,101.0
afterstate_full_board_best_checkpoint,222,223,61.0
afterstate_full_board_best_checkpoint,223,224,107.0
afterstate_full_board_best_checkpoint,224,225,119.0
afterstate_full_board_best_checkpoint,225,226,116.0
afterstate_full_board_best_checkpoint,226,227,161.0
afterstate_full_board_best_checkpoint,227,228,113.0
afterstate_full_board_best_checkpoint,228,229,116.0
afterstate_full_board_best_checkpoint,229,230,105.0
afterstate_full_board_best_checkpoint,230,231,96.0
afterstate_full_board_best_checkpoint,231,232,101.0
afterstate_full_board_best_checkpoint,232,233,138.0
afterstate_full_board_best_checkpoint,233,234,126.0
afterstate_full_board_best_checkpoint,234,235,127.0
afterstate_full_board_best_checkpoint,235,236,135.0
afterstate_full_board_best_checkpoint,236,237,104.0
afterstate_full_board_best_checkpoint,237,238,91.0
afterstate_full_board_best_checkpoint,238,239,93.0
afterstate_full_board_best_checkpoint,239,240,157.0
afterstate_full_board_best_checkpoint,240,241,163.0
afterstate_full_board_best_checkpoint,241,242,168.0
afterstate_full_board_best_checkpoint,242,243,79.0
afterstate_full_board_best_checkpoint,243,244,87.0
afterstate_full_board_best_checkpoint,244,245,110.0
afterstate_full_board_best_checkpoint,245,246,113.0
afterstate_full_board_best_checkpoint,246,247,64.0
afterstate_full_board_best_checkpoint,247,248,81.0
afterstate_full_board_best_checkpoint,248,249,128.0
afterstate_full_board_best_checkpoint,249,250,65.0
afterstate_full_board_best_checkpoint,250,251,58.0
afterstate_full_board_best_checkpoint,251,252,116.0
afterstate_full_board_best_checkpoint,252,253,88.0
afterstate_full_board_best_checkpoint,253,254,114.0
afterstate_full_board_best_checkpoint,254,255,133.0
afterstate_full_board_best_checkpoint,255,256,119.0
afterstate_full_board_best_checkpoint,256,257,111.0
afterstate_full_board_best_checkpoint,257,258,102.0
afterstate_full_board_best_checkpoint,258,259,137.0
afterstate_full_board_best_checkpoint,259,260,97.0
afterstate_full_board_best_checkpoint,260,261,95.0
afterstate_full_board_best_checkpoint,261,262,97.0
afterstate_full_board_best_checkpoint,262,263,136.0
afterstate_full_board_best_checkpoint,263,264,96.0
afterstate_full_board_best_checkpoint,264,265,96.0
afterstate_full_board_best_checkpoint,265,266,116.0
afterstate_full_board_best_checkpoint,266,267,158.0
afterstate_full_board_best_checkpoint,267,268,110.0
afterstate_full_board_best_checkpoint,268,269,75.0
afterstate_full_board_best_checkpoint,269,270,141.0
afterstate_full_board_best_checkpoint,270,271,94.0
afterstate_full_board_best_checkpoint,271,272,72.0
afterstate_full_board_best_checkpoint,272,273,110.0
afterstate_full_board_best_checkpoint,273,274,79.0
afterstate_full_board_best_checkpoint,274,275,121.0
afterstate_full_board_best_checkpoint,275,276,135.0
afterstate_full_board_best_checkpoint,276,277,93.0
afterstate_full_board_best_checkpoint,277,278,103.0
afterstate_full_board_best_checkpoint,278,279,86.0
afterstate_full_board_best_checkpoint,279,280,95.0
afterstate_full_board_best_checkpoint,280,281,77.0
afterstate_full_board_best_checkpoint,281,282,134.0
afterstate_full_board_best_checkpoint,282,283,125.0
afterstate_full_board_best_checkpoint,283,284,115.0
afterstate_full_board_best_checkpoint,284,285,154.0
afterstate_full_board_best_checkpoint,285,286,129.0
afterstate_full_board_best_checkpoint,286,287,87.0
afterstate_full_board_best_checkpoint,287,288,116.0
afterstate_full_board_best_checkpoint,288,289,144.0
afterstate_full_board_best_checkpoint,289,290,133.0
afterstate_full_board_best_checkpoint,290,291,125.0
afterstate_full_board_best_checkpoint,291,292,123.0
afterstate_full_board_best_checkpoint,292,293,93.0
afterstate_full_board_best_checkpoint,293,294,111.0
afterstate_full_board_best_checkpoint,294,295,83.0
afterstate_full_board_best_checkpoint,295,296,125.0
afterstate_full_board_best_checkpoint,296,297,131.0
afterstate_full_board_best_checkpoint,297,298,95.0
afterstate_full_board_best_checkpoint,298,299,100.0
afterstate_full_board_best_checkpoint,299,300,122.0
afterstate_full_board_best_checkpoint,300,301,90.0
afterstate_full_board_best_checkpoint,301,302,83.0
afterstate_full_board_best_checkpoint,302,303,163.0
afterstate_full_board_best_checkpoint,303,304,99.0
afterstate_full_board_best_checkpoint,304,305,120.0
afterstate_full_board_best_checkpoint,305,306,51.0
afterstate_full_board_best_checkpoint,306,307,76.0
afterstate_full_board_best_checkpoint,307,308,78.0
afterstate_full_board_best_checkpoint,308,309,84.0
afterstate_full_board_best_checkpoint,309,310,129.0
afterstate_full_board_best_checkpoint,310,311,107.0
afterstate_full_board_best_checkpoint,311,312,92.0
afterstate_full_board_best_checkpoint,312,313,68.0
afterstate_full_board_best_checkpoint,313,314,119.0
afterstate_full_board_best_checkpoint,314,315,146.0
afterstate_full_board_best_checkpoint,315,316,87.0
afterstate_full_board_best_checkpoint,316,317,74.0
afterstate_full_board_best_checkpoint,317,318,100.0
afterstate_full_board_best_checkpoint,318,319,96.0
afterstate_full_board_best_checkpoint,319,320,59.0
afterstate_full_board_best_checkpoint,320,321,98.0
afterstate_full_board_best_checkpoint,321,322,148.0
afterstate_full_board_best_checkpoint,322,323,140.0
afterstate_full_board_best_checkpoint,323,324,124.0
afterstate_full_board_best_checkpoint,324,325,85.0
afterstate_full_board_best_checkpoint,325,326,61.0
afterstate_full_board_best_checkpoint,326,327,124.0
afterstate_full_board_best_checkpoint,327,328,63.0
afterstate_full_board_best_checkpoint,328,329,121.0
afterstate_full_board_best_checkpoint,329,330,74.0
afterstate_full_board_best_checkpoint,330,331,86.0
afterstate_full_board_best_checkpoint,331,332,120.0
afterstate_full_board_best_checkpoint,332,333,74.0
afterstate_full_board_best_checkpoint,333,334,78.0
afterstate_full_board_best_checkpoint,334,335,96.0
afterstate_full_board_best_checkpoint,335,336,127.0
afterstate_full_board_best_checkpoint,336,337,87.0
afterstate_full_board_best_checkpoint,337,338,106.0
afterstate_full_board_best_checkpoint,338,339,101.0
afterstate_full_board_best_checkpoint,339,340,70.0
afterstate_full_board_best_checkpoint,340,341,103.0
afterstate_full_board_best_checkpoint,341,342,113.0
afterstate_full_board_best_checkpoint,342,343,93.0
afterstate_full_board_best_checkpoint,343,344,127.0
afterstate_full_board_best_checkpoint,344,345,129.0
afterstate_full_board_best_checkpoint,345,346,110.0
afterstate_full_board_best_checkpoint,346,347,65.0
afterstate_full_board_best_checkpoint,347,348,118.0
afterstate_full_board_best_checkpoint,348,349,113.0
afterstate_full_board_best_checkpoint,349,350,72.0
afterstate_full_board_best_checkpoint,350,351,72.0
afterstate_full_board_best_checkpoint,351,352,105.0
afterstate_full_board_best_checkpoint,352,353,129.0
afterstate_full_board_best_checkpoint,353,354,109.0
afterstate_full_board_best_checkpoint,354,355,119.0
afterstate_full_board_best_checkpoint,355,356,141.0
afterstate_full_board_best_checkpoint,356,357,90.0
afterstate_full_board_best_checkpoint,357,358,99.0
afterstate_full_board_best_checkpoint,358,359,98.0
afterstate_full_board_best_checkpoint,359,360,104.0
afterstate_full_board_best_checkpoint,360,361,98.0
afterstate_full_board_best_checkpoint,361,362,165.0
afterstate_full_board_best_checkpoint,362,363,81.0
afterstate_full_board_best_checkpoint,363,364,117.0
afterstate_full_board_best_checkpoint,364,365,86.0
afterstate_full_board_best_checkpoint,365,366,143.0
afterstate_full_board_best_checkpoint,366,367,159.0
afterstate_full_board_best_checkpoint,367,368,103.0
afterstate_full_board_best_checkpoint,368,369,145.0
afterstate_full_board_best_checkpoint,369,370,137.0
afterstate_full_board_best_checkpoint,370,371,31.0
afterstate_full_board_best_checkpoint,371,372,129.0
afterstate_full_board_best_checkpoint,372,373,134.0
afterstate_full_board_best_checkpoint,373,374,123.0
afterstate_full_board_best_checkpoint,374,375,87.0
afterstate_full_board_best_checkpoint,375,376,163.0
afterstate_full_board_best_checkpoint,376,377,89.0
afterstate_full_board_best_checkpoint,377,378,65.0
afterstate_full_board_best_checkpoint,378,379,79.0
afterstate_full_board_best_checkpoint,379,380,91.0
afterstate_full_board_best_checkpoint,380,381,61.0
afterstate_full_board_best_checkpoint,381,382,68.0
afterstate_full_board_best_checkpoint,382,383,109.0
afterstate_full_board_best_checkpoint,383,384,132.0
afterstate_full_board_best_checkpoint,384,385,110.0
afterstate_full_board_best_checkpoint,385,386,144.0
afterstate_full_board_best_checkpoint,386,387,112.0
afterstate_full_board_best_checkpoint,387,388,71.0
afterstate_full_board_best_checkpoint,388,389,108.0
afterstate_full_board_best_checkpoint,389,390,85.0
afterstate_full_board_best_checkpoint,390,391,97.0
afterstate_full_board_best_checkpoint,391,392,96.0
afterstate_full_board_best_checkpoint,392,393,104.0
afterstate_full_board_best_checkpoint,393,394,134.0
afterstate_full_board_best_checkpoint,394,395,99.0
afterstate_full_board_best_checkpoint,395,396,122.0
afterstate_full_board_best_checkpoint,396,397,114.0
afterstate_full_board_best_checkpoint,397,398,111.0
afterstate_full_board_best_checkpoint,398,399,123.0
afterstate_full_board_best_checkpoint,399,400,138.0
afterstate_full_board_best_checkpoint,400,401,118.0
afterstate_full_board_best_checkpoint,401,402,102.0
afterstate_full_board_best_checkpoint,402,403,105.0
afterstate_full_board_best_checkpoint,403,404,107.0
afterstate_full_board_best_checkpoint,404,405,52.0
afterstate_full_board_best_checkpoint,405,406,60.0
afterstate_full_board_best_checkpoint,406,407,83.0
afterstate_full_board_best_checkpoint,407,408,146.0
afterstate_full_board_best_checkpoint,408,409,96.0
afterstate_full_board_best_checkpoint,409,410,77.0
afterstate_full_board_best_checkpoint,410,411,152.0
afterstate_full_board_best_checkpoint,411,412,132.0
afterstate_full_board_best_checkpoint,412,413,132.0
afterstate_full_board_best_checkpoint,413,414,130.0
afterstate_full_board_best_checkpoint,414,415,125.0
afterstate_full_board_best_checkpoint,415,416,93.0
afterstate_full_board_best_checkpoint,416,417,79.0
afterstate_full_board_best_checkpoint,417,418,127.0
afterstate_full_board_best_checkpoint,418,419,120.0
afterstate_full_board_best_checkpoint,419,420,120.0
afterstate_full_board_best_checkpoint,420,421,139.0
afterstate_full_board_best_checkpoint,421,422,124.0
afterstate_full_board_best_checkpoint,422,423,176.0
afterstate_full_board_best_checkpoint,423,424,121.0
afterstate_full_board_best_checkpoint,424,425,203.0
afterstate_full_board_best_checkpoint,425,426,72.0
afterstate_full_board_best_checkpoint,426,427,89.0
afterstate_full_board_best_checkpoint,427,428,113.0
afterstate_full_board_best_checkpoint,428,429,96.0
afterstate_full_board_best_checkpoint,429,430,111.0
afterstate_full_board_best_checkpoint,430,431,100.0
afterstate_full_board_best_checkpoint,431,432,115.0
afterstate_full_board_best_checkpoint,432,433,118.0
afterstate_full_board_best_checkpoint,433,434,104.0
afterstate_full_board_best_checkpoint,434,435,158.0
afterstate_full_board_best_checkpoint,435,436,129.0
afterstate_full_board_best_checkpoint,436,437,135.0
afterstate_full_board_best_checkpoint,437,438,106.0
afterstate_full_board_best_checkpoint,438,439,91.0
afterstate_full_board_best_checkpoint,439,440,113.0
afterstate_full_board_best_checkpoint,440,441,97.0
afterstate_full_board_best_checkpoint,441,442,116.0
afterstate_full_board_best_checkpoint,442,443,86.0
afterstate_full_board_best_checkpoint,443,444,100.0
afterstate_full_board_best_checkpoint,444,445,74.0
afterstate_full_board_best_checkpoint,445,446,108.0
afterstate_full_board_best_checkpoint,446,447,180.0
afterstate_full_board_best_checkpoint,447,448,164.0
afterstate_full_board_best_checkpoint,448,449,60.0
afterstate_full_board_best_checkpoint,449,450,78.0
afterstate_full_board_best_checkpoint,450,451,122.0
afterstate_full_board_best_checkpoint,451,452,99.0
afterstate_full_board_best_checkpoint,452,453,78.0
afterstate_full_board_best_checkpoint,453,454,111.0
afterstate_full_board_best_checkpoint,454,455,81.0
afterstate_full_board_best_checkpoint,455,456,146.0
afterstate_full_board_best_checkpoint,456,457,77.0
afterstate_full_board_best_checkpoint,457,458,126.0
afterstate_full_board_best_checkpoint,458,459,101.0
afterstate_full_board_best_checkpoint,459,460,87.0
afterstate_full_board_best_checkpoint,460,461,96.0
afterstate_full_board_best_checkpoint,461,462,82.0
afterstate_full_board_best_checkpoint,462,463,140.0
afterstate_full_board_best_checkpoint,463,464,141.0
afterstate_full_board_best_checkpoint,464,465,117.0
afterstate_full_board_best_checkpoint,465,466,50.0
afterstate_full_board_best_checkpoint,466,467,95.0
afterstate_full_board_best_checkpoint,467,468,50.0
afterstate_full_board_best_checkpoint,468,469,99.0
afterstate_full_board_best_checkpoint,469,470,149.0
afterstate_full_board_best_checkpoint,470,471,116.0
afterstate_full_board_best_checkpoint,471,472,84.0
afterstate_full_board_best_checkpoint,472,473,84.0
afterstate_full_board_best_checkpoint,473,474,106.0
afterstate_full_board_best_checkpoint,474,475,145.0
afterstate_full_board_best_checkpoint,475,476,77.0
afterstate_full_board_best_checkpoint,476,477,85.0
afterstate_full_board_best_checkpoint,477,478,142.0
afterstate_full_board_best_checkpoint,478,479,160.0
afterstate_full_board_best_checkpoint,479,480,111.0
afterstate_full_board_best_checkpoint,480,481,66.0
afterstate_full_board_best_checkpoint,481,482,119.0
afterstate_full_board_best_checkpoint,482,483,99.0
afterstate_full_board_best_checkpoint,483,484,124.0
afterstate_full_board_best_checkpoint,484,485,128.0
afterstate_full_board_best_checkpoint,485,486,89.0
afterstate_full_board_best_checkpoint,486,487,93.0
afterstate_full_board_best_checkpoint,487,488,100.0
afterstate_full_board_best_checkpoint,488,489,123.0
afterstate_full_board_best_checkpoint,489,490,122.0
afterstate_full_board_best_checkpoint,490,491,163.0
afterstate_full_board_best_checkpoint,491,492,95.0
afterstate_full_board_best_checkpoint,492,493,127.0
afterstate_full_board_best_checkpoint,493,494,120.0
afterstate_full_board_best_checkpoint,494,495,120.0
afterstate_full_board_best_checkpoint,495,496,123.0
afterstate_full_board_best_checkpoint,496,497,107.0
afterstate_full_board_best_checkpoint,497,498,112.0
afterstate_full_board_best_checkpoint,498,499,80.0
afterstate_full_board_best_checkpoint,499,500,115.0
afterstate_full_board_best_checkpoint,500,501,102.0
afterstate_full_board_best_checkpoint,501,502,108.0
afterstate_full_board_best_checkpoint,502,503,115.0
afterstate_full_board_best_checkpoint,503,504,141.0
afterstate_full_board_best_checkpoint,504,505,149.0
afterstate_full_board_best_checkpoint,505,506,85.0
afterstate_full_board_best_checkpoint,506,507,162.0
afterstate_full_board_best_checkpoint,507,508,95.0
afterstate_full_board_best_checkpoint,508,509,99.0
afterstate_full_board_best_checkpoint,509,510,94.0
afterstate_full_board_best_checkpoint,510,511,108.0
afterstate_full_board_best_checkpoint,511,512,86.0
afterstate_full_board_best_checkpoint,512,513,156.0
afterstate_full_board_best_checkpoint,513,514,168.0
afterstate_full_board_best_checkpoint,514,515,92.0
afterstate_full_board_best_checkpoint,515,516,111.0
afterstate_full_board_best_checkpoint,516,517,114.0
afterstate_full_board_best_checkpoint,517,518,128.0
afterstate_full_board_best_checkpoint,518,519,53.0
afterstate_full_board_best_checkpoint,519,520,119.0
afterstate_full_board_best_checkpoint,520,521,103.0
afterstate_full_board_best_checkpoint,521,522,109.0
afterstate_full_board_best_checkpoint,522,523,131.0
afterstate_full_board_best_checkpoint,523,524,107.0
afterstate_full_board_best_checkpoint,524,525,140.0
afterstate_full_board_best_checkpoint,525,526,70.0
afterstate_full_board_best_checkpoint,526,527,140.0
afterstate_full_board_best_checkpoint,527,528,105.0
afterstate_full_board_best_checkpoint,528,529,101.0
afterstate_full_board_best_checkpoint,529,530,71.0
afterstate_full_board_best_checkpoint,530,531,102.0
afterstate_full_board_best_checkpoint,531,532,101.0
afterstate_full_board_best_checkpoint,532,533,130.0
afterstate_full_board_best_checkpoint,533,534,102.0
afterstate_full_board_best_checkpoint,534,535,135.0
afterstate_full_board_best_checkpoint,535,536,95.0
afterstate_full_board_best_checkpoint,536,537,110.0
afterstate_full_board_best_checkpoint,537,538,79.0
afterstate_full_board_best_checkpoint,538,539,107.0
afterstate_full_board_best_checkpoint,539,540,127.0
afterstate_full_board_best_checkpoint,540,541,96.0
afterstate_full_board_best_checkpoint,541,542,114.0
afterstate_full_board_best_checkpoint,542,543,88.0
afterstate_full_board_best_checkpoint,543,544,86.0
afterstate_full_board_best_checkpoint,544,545,52.0
afterstate_full_board_best_checkpoint,545,546,103.0
afterstate_full_board_best_checkpoint,546,547,75.0
afterstate_full_board_best_checkpoint,547,548,134.0
afterstate_full_board_best_checkpoint,548,549,140.0
afterstate_full_board_best_checkpoint,549,550,52.0
afterstate_full_board_best_checkpoint,550,551,130.0
afterstate_full_board_best_checkpoint,551,552,133.0
afterstate_full_board_best_checkpoint,552,553,76.0
afterstate_full_board_best_checkpoint,553,554,116.0
afterstate_full_board_best_checkpoint,554,555,120.0
afterstate_full_board_best_checkpoint,555,556,79.0
afterstate_full_board_best_checkpoint,556,557,128.0
afterstate_full_board_best_checkpoint,557,558,144.0
afterstate_full_board_best_checkpoint,558,559,55.0
afterstate_full_board_best_checkpoint,559,560,155.0
afterstate_full_board_best_checkpoint,560,561,100.0
afterstate_full_board_best_checkpoint,561,562,127.0
afterstate_full_board_best_checkpoint,562,563,133.0
afterstate_full_board_best_checkpoint,563,564,69.0
afterstate_full_board_best_checkpoint,564,565,111.0
afterstate_full_board_best_checkpoint,565,566,127.0
afterstate_full_board_best_checkpoint,566,567,94.0
afterstate_full_board_best_checkpoint,567,568,117.0
afterstate_full_board_best_checkpoint,568,569,112.0
afterstate_full_board_best_checkpoint,569,570,56.0
afterstate_full_board_best_checkpoint,570,571,131.0
afterstate_full_board_best_checkpoint,571,572,136.0
afterstate_full_board_best_checkpoint,572,573,149.0
afterstate_full_board_best_checkpoint,573,574,105.0
afterstate_full_board_best_checkpoint,574,575,144.0
afterstate_full_board_best_checkpoint,575,576,93.0
afterstate_full_board_best_checkpoint,576,577,121.0
afterstate_full_board_best_checkpoint,577,578,108.0
afterstate_full_board_best_checkpoint,578,579,120.0
afterstate_full_board_best_checkpoint,579,580,78.0
afterstate_full_board_best_checkpoint,580,581,74.0
afterstate_full_board_best_checkpoint,581,582,88.0
afterstate_full_board_best_checkpoint,582,583,147.0
afterstate_full_board_best_checkpoint,583,584,88.0
afterstate_full_board_best_checkpoint,584,585,126.0
afterstate_full_board_best_checkpoint,585,586,124.0
afterstate_full_board_best_checkpoint,586,587,96.0
afterstate_full_board_best_checkpoint,587,588,75.0
afterstate_full_board_best_checkpoint,588,589,122.0
afterstate_full_board_best_checkpoint,589,590,105.0
afterstate_full_board_best_checkpoint,590,591,50.0
afterstate_full_board_best_checkpoint,591,592,78.0
afterstate_full_board_best_checkpoint,592,593,92.0
afterstate_full_board_best_checkpoint,593,594,95.0
afterstate_full_board_best_checkpoint,594,595,118.0
afterstate_full_board_best_checkpoint,595,596,100.0
afterstate_full_board_best_checkpoint,596,597,58.0
afterstate_full_board_best_checkpoint,597,598,99.0
afterstate_full_board_best_checkpoint,598,599,97.0
afterstate_full_board_best_checkpoint,599,600,102.0
afterstate_full_board_best_checkpoint,600,601,81.0
afterstate_full_board_best_checkpoint,601,602,96.0
afterstate_full_board_best_checkpoint,602,603,153.0
afterstate_full_board_best_checkpoint,603,604,75.0
afterstate_full_board_best_checkpoint,604,605,140.0
afterstate_full_board_best_checkpoint,605,606,77.0
afterstate_full_board_best_checkpoint,606,607,140.0
afterstate_full_board_best_checkpoint,607,608,97.0
afterstate_full_board_best_checkpoint,608,609,118.0
afterstate_full_board_best_checkpoint,609,610,93.0
afterstate_full_board_best_checkpoint,610,611,15.0
afterstate_full_board_best_checkpoint,611,612,86.0
afterstate_full_board_best_checkpoint,612,613,127.0
afterstate_full_board_best_checkpoint,613,614,121.0
afterstate_full_board_best_checkpoint,614,615,131.0
afterstate_full_board_best_checkpoint,615,616,136.0
afterstate_full_board_best_checkpoint,616,617,142.0
afterstate_full_board_best_checkpoint,617,618,80.0
afterstate_full_board_best_checkpoint,618,619,92.0
afterstate_full_board_best_checkpoint,619,620,117.0
afterstate_full_board_best_checkpoint,620,621,136.0
afterstate_full_board_best_checkpoint,621,622,84.0
afterstate_full_board_best_checkpoint,622,623,102.0
afterstate_full_board_best_checkpoint,623,624,92.0
afterstate_full_board_best_checkpoint,624,625,88.0
afterstate_full_board_best_checkpoint,625,626,136.0
afterstate_full_board_best_checkpoint,626,627,102.0
afterstate_full_board_best_checkpoint,627,628,144.0
afterstate_full_board_best_checkpoint,628,629,130.0
afterstate_full_board_best_checkpoint,629,630,87.0
afterstate_full_board_best_checkpoint,630,631,120.0
afterstate_full_board_best_checkpoint,631,632,122.0
afterstate_full_board_best_checkpoint,632,633,110.0
afterstate_full_board_best_checkpoint,633,634,86.0
afterstate_full_board_best_checkpoint,634,635,139.0
afterstate_full_board_best_checkpoint,635,636,64.0
afterstate_full_board_best_checkpoint,636,637,124.0
afterstate_full_board_best_checkpoint,637,638,135.0
afterstate_full_board_best_checkpoint,638,639,99.0
afterstate_full_board_best_checkpoint,639,640,145.0
afterstate_full_board_best_checkpoint,640,641,93.0
afterstate_full_board_best_checkpoint,641,642,122.0
afterstate_full_board_best_checkpoint,642,643,103.0
afterstate_full_board_best_checkpoint,643,644,104.0
afterstate_full_board_best_checkpoint,644,645,115.0
afterstate_full_board_best_checkpoint,645,646,105.0
afterstate_full_board_best_checkpoint,646,647,115.0
afterstate_full_board_best_checkpoint,647,648,135.0
afterstate_full_board_best_checkpoint,648,649,104.0
afterstate_full_board_best_checkpoint,649,650,123.0
afterstate_full_board_best_checkpoint,650,651,123.0
afterstate_full_board_best_checkpoint,651,652,148.0
afterstate_full_board_best_checkpoint,652,653,117.0
afterstate_full_board_best_checkpoint,653,654,110.0
afterstate_full_board_best_checkpoint,654,655,99.0
afterstate_full_board_best_checkpoint,655,656,62.0
afterstate_full_board_best_checkpoint,656,657,65.0
afterstate_full_board_best_checkpoint,657,658,130.0
afterstate_full_board_best_checkpoint,658,659,95.0
afterstate_full_board_best_checkpoint,659,660,117.0
afterstate_full_board_best_checkpoint,660,661,109.0
afterstate_full_board_best_checkpoint,661,662,98.0
afterstate_full_board_best_checkpoint,662,663,87.0
afterstate_full_board_best_checkpoint,663,664,83.0
afterstate_full_board_best_checkpoint,664,665,124.0
afterstate_full_board_best_checkpoint,665,666,112.0
afterstate_full_board_best_checkpoint,666,667,95.0
afterstate_full_board_best_checkpoint,667,668,86.0
afterstate_full_board_best_checkpoint,668,669,65.0
afterstate_full_board_best_checkpoint,669,670,148.0
afterstate_full_board_best_checkpoint,670,671,106.0
afterstate_full_board_best_checkpoint,671,672,100.0
afterstate_full_board_best_checkpoint,672,673,88.0
afterstate_full_board_best_checkpoint,673,674,107.0
afterstate_full_board_best_checkpoint,674,675,122.0
afterstate_full_board_best_checkpoint,675,676,77.0
afterstate_full_board_best_checkpoint,676,677,75.0
afterstate_full_board_best_checkpoint,677,678,116.0
afterstate_full_board_best_checkpoint,678,679,85.0
afterstate_full_board_best_checkpoint,679,680,70.0
afterstate_full_board_best_checkpoint,680,681,109.0
afterstate_full_board_best_checkpoint,681,682,143.0
afterstate_full_board_best_checkpoint,682,683,109.0
afterstate_full_board_best_checkpoint,683,684,134.0
afterstate_full_board_best_checkpoint,684,685,80.0
afterstate_full_board_best_checkpoint,685,686,143.0
afterstate_full_board_best_checkpoint,686,687,126.0
afterstate_full_board_best_checkpoint,687,688,75.0
afterstate_full_board_best_checkpoint,688,689,100.0
afterstate_full_board_best_checkpoint,689,690,87.0
afterstate_full_board_best_checkpoint,690,691,120.0
afterstate_full_board_best_checkpoint,691,692,118.0
afterstate_full_board_best_checkpoint,692,693,116.0
afterstate_full_board_best_checkpoint,693,694,112.0
afterstate_full_board_best_checkpoint,694,695,142.0
afterstate_full_board_best_checkpoint,695,696,119.0
afterstate_full_board_best_checkpoint,696,697,130.0
afterstate_full_board_best_checkpoint,697,698,81.0
afterstate_full_board_best_checkpoint,698,699,59.0
afterstate_full_board_best_checkpoint,699,700,113.0
afterstate_full_board_best_checkpoint,700,701,105.0
afterstate_full_board_best_checkpoint,701,702,136.0
afterstate_full_board_best_checkpoint,702,703,96.0
afterstate_full_board_best_checkpoint,703,704,98.0
afterstate_full_board_best_checkpoint,704,705,126.0
afterstate_full_board_best_checkpoint,705,706,128.0
afterstate_full_board_best_checkpoint,706,707,87.0
afterstate_full_board_best_checkpoint,707,708,52.0
afterstate_full_board_best_checkpoint,708,709,118.0
afterstate_full_board_best_checkpoint,709,710,130.0
afterstate_full_board_best_checkpoint,710,711,84.0
afterstate_full_board_best_checkpoint,711,712,138.0
afterstate_full_board_best_checkpoint,712,713,158.0
afterstate_full_board_best_checkpoint,713,714,102.0
afterstate_full_board_best_checkpoint,714,715,54.0
afterstate_full_board_best_checkpoint,715,716,114.0
afterstate_full_board_best_checkpoint,716,717,103.0
afterstate_full_board_best_checkpoint,717,718,42.0
afterstate_full_board_best_checkpoint,718,719,104.0
afterstate_full_board_best_checkpoint,719,720,111.0
afterstate_full_board_best_checkpoint,720,721,113.0
afterstate_full_board_best_checkpoint,721,722,81.0
afterstate_full_board_best_checkpoint,722,723,143.0
afterstate_full_board_best_checkpoint,723,724,102.0
afterstate_full_board_best_checkpoint,724,725,108.0
afterstate_full_board_best_checkpoint,725,726,73.0
afterstate_full_board_best_checkpoint,726,727,77.0
afterstate_full_board_best_checkpoint,727,728,104.0
afterstate_full_board_best_checkpoint,728,729,100.0
afterstate_full_board_best_checkpoint,729,730,97.0
afterstate_full_board_best_checkpoint,730,731,110.0
afterstate_full_board_best_checkpoint,731,732,107.0
afterstate_full_board_best_checkpoint,732,733,143.0
afterstate_full_board_best_checkpoint,733,734,79.0
afterstate_full_board_best_checkpoint,734,735,108.0
afterstate_full_board_best_checkpoint,735,736,127.0
afterstate_full_board_best_checkpoint,736,737,139.0
afterstate_full_board_best_checkpoint,737,738,96.0
afterstate_full_board_best_checkpoint,738,739,120.0
afterstate_full_board_best_checkpoint,739,740,55.0
afterstate_full_board_best_checkpoint,740,741,120.0
afterstate_full_board_best_checkpoint,741,742,127.0
afterstate_full_board_best_checkpoint,742,743,41.0
afterstate_full_board_best_checkpoint,743,744,113.0
afterstate_full_board_best_checkpoint,744,745,70.0
afterstate_full_board_best_checkpoint,745,746,81.0
afterstate_full_board_best_checkpoint,746,747,149.0
afterstate_full_board_best_checkpoint,747,748,72.0
afterstate_full_board_best_checkpoint,748,749,122.0
afterstate_full_board_best_checkpoint,749,750,106.0
afterstate_full_board_best_checkpoint,750,751,85.0
afterstate_full_board_best_checkpoint,751,752,165.0
afterstate_full_board_best_checkpoint,752,753,115.0
afterstate_full_board_best_checkpoint,753,754,81.0
afterstate_full_board_best_checkpoint,754,755,70.0
afterstate_full_board_best_checkpoint,755,756,123.0
afterstate_full_board_best_checkpoint,756,757,100.0
afterstate_full_board_best_checkpoint,757,758,140.0
afterstate_full_board_best_checkpoint,758,759,104.0
afterstate_full_board_best_checkpoint,759,760,88.0
afterstate_full_board_best_checkpoint,760,761,98.0
afterstate_full_board_best_checkpoint,761,762,89.0
afterstate_full_board_best_checkpoint,762,763,101.0
afterstate_full_board_best_checkpoint,763,764,51.0
afterstate_full_board_best_checkpoint,764,765,73.0
afterstate_full_board_best_checkpoint,765,766,106.0
afterstate_full_board_best_checkpoint,766,767,96.0
afterstate_full_board_best_checkpoint,767,768,59.0
afterstate_full_board_best_checkpoint,768,769,121.0
afterstate_full_board_best_checkpoint,769,770,121.0
afterstate_full_board_best_checkpoint,770,771,100.0
afterstate_full_board_best_checkpoint,771,772,94.0
afterstate_full_board_best_checkpoint,772,773,140.0
afterstate_full_board_best_checkpoint,773,774,84.0
afterstate_full_board_best_checkpoint,774,775,78.0
afterstate_full_board_best_checkpoint,775,776,195.0
afterstate_full_board_best_checkpoint,776,777,113.0
afterstate_full_board_best_checkpoint,777,778,157.0
afterstate_full_board_best_checkpoint,778,779,105.0
afterstate_full_board_best_checkpoint,779,780,122.0
afterstate_full_board_best_checkpoint,780,781,73.0
afterstate_full_board_best_checkpoint,781,782,140.0
afterstate_full_board_best_checkpoint,782,783,128.0
afterstate_full_board_best_checkpoint,783,784,140.0
afterstate_full_board_best_checkpoint,784,785,151.0
afterstate_full_board_best_checkpoint,785,786,114.0
afterstate_full_board_best_checkpoint,786,787,59.0
afterstate_full_board_best_checkpoint,787,788,62.0
afterstate_full_board_best_checkpoint,788,789,145.0
afterstate_full_board_best_checkpoint,789,790,79.0
afterstate_full_board_best_checkpoint,790,791,99.0
afterstate_full_board_best_checkpoint,791,792,113.0
afterstate_full_board_best_checkpoint,792,793,145.0
afterstate_full_board_best_checkpoint,793,794,103.0
afterstate_full_board_best_checkpoint,794,795,101.0
afterstate_full_board_best_checkpoint,795,796,126.0
afterstate_full_board_best_checkpoint,796,797,103.0
afterstate_full_board_best_checkpoint,797,798,90.0
afterstate_full_board_best_checkpoint,798,799,107.0
afterstate_full_board_best_checkpoint,799,800,122.0
afterstate_full_board_best_checkpoint,800,801,115.0
afterstate_full_board_best_checkpoint,801,802,76.0
afterstate_full_board_best_checkpoint,802,803,108.0
afterstate_full_board_best_checkpoint,803,804,83.0
afterstate_full_board_best_checkpoint,804,805,119.0
afterstate_full_board_best_checkpoint,805,806,94.0
afterstate_full_board_best_checkpoint,806,807,117.0
afterstate_full_board_best_checkpoint,807,808,88.0
afterstate_full_board_best_checkpoint,808,809,94.0
afterstate_full_board_best_checkpoint,809,810,82.0
afterstate_full_board_best_checkpoint,810,811,97.0
afterstate_full_board_best_checkpoint,811,812,113.0
afterstate_full_board_best_checkpoint,812,813,88.0
afterstate_full_board_best_checkpoint,813,814,98.0
afterstate_full_board_best_checkpoint,814,815,109.0
afterstate_full_board_best_checkpoint,815,816,108.0
afterstate_full_board_best_checkpoint,816,817,107.0
afterstate_full_board_best_checkpoint,817,818,113.0
afterstate_full_board_best_checkpoint,818,819,88.0
afterstate_full_board_best_checkpoint,819,820,60.0
afterstate_full_board_best_checkpoint,820,821,87.0
afterstate_full_board_best_checkpoint,821,822,74.0
afterstate_full_board_best_checkpoint,822,823,107.0
afterstate_full_board_best_checkpoint,823,824,112.0
afterstate_full_board_best_checkpoint,824,825,131.0
afterstate_full_board_best_checkpoint,825,826,110.0
afterstate_full_board_best_checkpoint,826,827,79.0
afterstate_full_board_best_checkpoint,827,828,115.0
afterstate_full_board_best_checkpoint,828,829,95.0
afterstate_full_board_best_checkpoint,829,830,102.0
afterstate_full_board_best_checkpoint,830,831,116.0
afterstate_full_board_best_checkpoint,831,832,122.0
afterstate_full_board_best_checkpoint,832,833,65.0
afterstate_full_board_best_checkpoint,833,834,116.0
afterstate_full_board_best_checkpoint,834,835,79.0
afterstate_full_board_best_checkpoint,835,836,106.0
afterstate_full_board_best_checkpoint,836,837,114.0
afterstate_full_board_best_checkpoint,837,838,177.0
afterstate_full_board_best_checkpoint,838,839,91.0
afterstate_full_board_best_checkpoint,839,840,89.0
afterstate_full_board_best_checkpoint,840,841,80.0
afterstate_full_board_best_checkpoint,841,842,120.0
afterstate_full_board_best_checkpoint,842,843,88.0
afterstate_full_board_best_checkpoint,843,844,131.0
afterstate_full_board_best_checkpoint,844,845,99.0
afterstate_full_board_best_checkpoint,845,846,127.0
afterstate_full_board_best_checkpoint,846,847,133.0
afterstate_full_board_best_checkpoint,847,848,147.0
afterstate_full_board_best_checkpoint,848,849,119.0
afterstate_full_board_best_checkpoint,849,850,97.0
afterstate_full_board_best_checkpoint,850,851,121.0
afterstate_full_board_best_checkpoint,851,852,134.0
afterstate_full_board_best_checkpoint,852,853,106.0
afterstate_full_board_best_checkpoint,853,854,96.0
afterstate_full_board_best_checkpoint,854,855,111.0
afterstate_full_board_best_checkpoint,855,856,90.0
afterstate_full_board_best_checkpoint,856,857,132.0
afterstate_full_board_best_checkpoint,857,858,52.0
afterstate_full_board_best_checkpoint,858,859,126.0
afterstate_full_board_best_checkpoint,859,860,138.0
afterstate_full_board_best_checkpoint,860,861,134.0
afterstate_full_board_best_checkpoint,861,862,90.0
afterstate_full_board_best_checkpoint,862,863,79.0
afterstate_full_board_best_checkpoint,863,864,67.0
afterstate_full_board_best_checkpoint,864,865,93.0
afterstate_full_board_best_checkpoint,865,866,107.0
afterstate_full_board_best_checkpoint,866,867,128.0
afterstate_full_board_best_checkpoint,867,868,113.0
afterstate_full_board_best_checkpoint,868,869,100.0
afterstate_full_board_best_checkpoint,869,870,129.0
afterstate_full_board_best_checkpoint,870,871,133.0
afterstate_full_board_best_checkpoint,871,872,108.0
afterstate_full_board_best_checkpoint,872,873,111.0
afterstate_full_board_best_checkpoint,873,874,140.0
afterstate_full_board_best_checkpoint,874,875,110.0
afterstate_full_board_best_checkpoint,875,876,145.0
afterstate_full_board_best_checkpoint,876,877,124.0
afterstate_full_board_best_checkpoint,877,878,81.0
afterstate_full_board_best_checkpoint,878,879,143.0
afterstate_full_board_best_checkpoint,879,880,80.0
afterstate_full_board_best_checkpoint,880,881,60.0
afterstate_full_board_best_checkpoint,881,882,148.0
afterstate_full_board_best_checkpoint,882,883,90.0
afterstate_full_board_best_checkpoint,883,884,102.0
afterstate_full_board_best_checkpoint,884,885,108.0
afterstate_full_board_best_checkpoint,885,886,83.0
afterstate_full_board_best_checkpoint,886,887,83.0
afterstate_full_board_best_checkpoint,887,888,126.0
afterstate_full_board_best_checkpoint,888,889,116.0
afterstate_full_board_best_checkpoint,889,890,116.0
afterstate_full_board_best_checkpoint,890,891,82.0
afterstate_full_board_best_checkpoint,891,892,95.0
afterstate_full_board_best_checkpoint,892,893,101.0
afterstate_full_board_best_checkpoint,893,894,95.0
afterstate_full_board_best_checkpoint,894,895,98.0
afterstate_full_board_best_checkpoint,895,896,104.0
afterstate_full_board_best_checkpoint,896,897,144.0
afterstate_full_board_best_checkpoint,897,898,82.0
afterstate_full_board_best_checkpoint,898,899,134.0
afterstate_full_board_best_checkpoint,899,900,134.0
afterstate_full_board_best_checkpoint,900,901,122.0
afterstate_full_board_best_checkpoint,901,902,106.0
afterstate_full_board_best_checkpoint,902,903,116.0
afterstate_full_board_best_checkpoint,903,904,93.0
afterstate_full_board_best_checkpoint,904,905,73.0
afterstate_full_board_best_checkpoint,905,906,105.0
afterstate_full_board_best_checkpoint,906,907,168.0
afterstate_full_board_best_checkpoint,907,908,112.0
afterstate_full_board_best_checkpoint,908,909,108.0
afterstate_full_board_best_checkpoint,909,910,156.0
afterstate_full_board_best_checkpoint,910,911,125.0
afterstate_full_board_best_checkpoint,911,912,77.0
afterstate_full_board_best_checkpoint,912,913,109.0
afterstate_full_board_best_checkpoint,913,914,69.0
afterstate_full_board_best_checkpoint,914,915,119.0
afterstate_full_board_best_checkpoint,915,916,107.0
afterstate_full_board_best_checkpoint,916,917,95.0
afterstate_full_board_best_checkpoint,917,918,91.0
afterstate_full_board_best_checkpoint,918,919,116.0
afterstate_full_board_best_checkpoint,919,920,95.0
afterstate_full_board_best_checkpoint,920,921,105.0
afterstate_full_board_best_checkpoint,921,922,86.0
afterstate_full_board_best_checkpoint,922,923,111.0
afterstate_full_board_best_checkpoint,923,924,107.0
afterstate_full_board_best_checkpoint,924,925,129.0
afterstate_full_board_best_checkpoint,925,926,105.0
afterstate_full_board_best_checkpoint,926,927,141.0
afterstate_full_board_best_checkpoint,927,928,172.0
afterstate_full_board_best_checkpoint,928,929,128.0
afterstate_full_board_best_checkpoint,929,930,114.0
afterstate_full_board_best_checkpoint,930,931,153.0
afterstate_full_board_best_checkpoint,931,932,137.0
afterstate_full_board_best_checkpoint,932,933,131.0
afterstate_full_board_best_checkpoint,933,934,106.0
afterstate_full_board_best_checkpoint,934,935,114.0
afterstate_full_board_best_checkpoint,935,936,106.0
afterstate_full_board_best_checkpoint,936,937,59.0
afterstate_full_board_best_checkpoint,937,938,109.0
afterstate_full_board_best_checkpoint,938,939,116.0
afterstate_full_board_best_checkpoint,939,940,121.0
afterstate_full_board_best_checkpoint,940,941,65.0
afterstate_full_board_best_checkpoint,941,942,75.0
afterstate_full_board_best_checkpoint,942,943,112.0
afterstate_full_board_best_checkpoint,943,944,135.0
afterstate_full_board_best_checkpoint,944,945,76.0
afterstate_full_board_best_checkpoint,945,946,113.0
afterstate_full_board_best_checkpoint,946,947,112.0
afterstate_full_board_best_checkpoint,947,948,88.0
afterstate_full_board_best_checkpoint,948,949,78.0
afterstate_full_board_best_checkpoint,949,950,89.0
afterstate_full_board_best_checkpoint,950,951,95.0
afterstate_full_board_best_checkpoint,951,952,107.0
afterstate_full_board_best_checkpoint,952,953,64.0
afterstate_full_board_best_checkpoint,953,954,86.0
afterstate_full_board_best_checkpoint,954,955,95.0
afterstate_full_board_best_checkpoint,955,956,152.0
afterstate_full_board_best_checkpoint,956,957,77.0
afterstate_full_board_best_checkpoint,957,958,68.0
afterstate_full_board_best_checkpoint,958,959,87.0
afterstate_full_board_best_checkpoint,959,960,133.0
afterstate_full_board_best_checkpoint,960,961,71.0
afterstate_full_board_best_checkpoint,961,962,100.0
afterstate_full_board_best_checkpoint,962,963,70.0
afterstate_full_board_best_checkpoint,963,964,66.0
afterstate_full_board_best_checkpoint,964,965,88.0
afterstate_full_board_best_checkpoint,965,966,123.0
afterstate_full_board_best_checkpoint,966,967,123.0
afterstate_full_board_best_checkpoint,967,968,111.0
afterstate_full_board_best_checkpoint,968,969,122.0
afterstate_full_board_best_checkpoint,969,970,141.0
afterstate_full_board_best_checkpoint,970,971,144.0
afterstate_full_board_best_checkpoint,971,972,73.0
afterstate_full_board_best_checkpoint,972,973,105.0
afterstate_full_board_best_checkpoint,973,974,130.0
afterstate_full_board_best_checkpoint,974,975,121.0
afterstate_full_board_best_checkpoint,975,976,96.0
afterstate_full_board_best_checkpoint,976,977,119.0
afterstate_full_board_best_checkpoint,977,978,121.0
afterstate_full_board_best_checkpoint,978,979,102.0
afterstate_full_board_best_checkpoint,979,980,61.0
afterstate_full_board_best_checkpoint,980,981,133.0
afterstate_full_board_best_checkpoint,981,982,97.0
afterstate_full_board_best_checkpoint,982,983,104.0
afterstate_full_board_best_checkpoint,983,984,69.0
afterstate_full_board_best_checkpoint,984,985,88.0
afterstate_full_board_best_checkpoint,985,986,128.0
afterstate_full_board_best_checkpoint,986,987,68.0
afterstate_full_board_best_checkpoint,987,988,93.0
afterstate_full_board_best_checkpoint,988,989,62.0
afterstate_full_board_best_checkpoint,989,990,128.0
afterstate_full_board_best_checkpoint,990,991,132.0
afterstate_full_board_best_checkpoint,991,992,130.0
afterstate_full_board_best_checkpoint,992,993,108.0
afterstate_full_board_best_checkpoint,993,994,110.0
afterstate_full_board_best_checkpoint,994,995,146.0
afterstate_full_board_best_checkpoint,995,996,158.0
afterstate_full_board_best_checkpoint,996,997,118.0
afterstate_full_board_best_checkpoint,997,998,96.0
afterstate_full_board_best_checkpoint,998,999,105.0
afterstate_full_board_best_checkpoint,999,1000,86.0
afterstate_full_board_best_checkpoint,1000,1001,91.0
afterstate_full_board_best_checkpoint,1001,1002,98.0
afterstate_full_board_best_checkpoint,1002,1003,85.0
afterstate_full_board_best_checkpoint,1003,1004,83.0
afterstate_full_board_best_checkpoint,1004,1005,98.0
afterstate_full_board_best_checkpoint,1005,1006,109.0
afterstate_full_board_best_checkpoint,1006,1007,72.0
afterstate_full_board_best_checkpoint,1007,1008,113.0
afterstate_full_board_best_checkpoint,1008,1009,92.0
afterstate_full_board_best_checkpoint,1009,1010,119.0
afterstate_full_board_best_checkpoint,1010,1011,102.0
afterstate_full_board_best_checkpoint,1011,1012,92.0
afterstate_full_board_best_checkpoint,1012,1013,117.0
afterstate_full_board_best_checkpoint,1013,1014,116.0
afterstate_full_board_best_checkpoint,1014,1015,145.0
afterstate_full_board_best_checkpoint,1015,1016,83.0
afterstate_full_board_best_checkpoint,1016,1017,139.0
afterstate_full_board_best_checkpoint,1017,1018,86.0
afterstate_full_board_best_checkpoint,1018,1019,83.0
afterstate_full_board_best_checkpoint,1019,1020,105.0
afterstate_full_board_best_checkpoint,1020,1021,118.0
afterstate_full_board_best_checkpoint,1021,1022,156.0
afterstate_full_board_best_checkpoint,1022,1023,63.0
afterstate_full_board_best_checkpoint,1023,1024,64.0
afterstate_full_board_best_checkpoint,1024,1025,71.0
afterstate_full_board_best_checkpoint,1025,1026,104.0
afterstate_full_board_best_checkpoint,1026,1027,106.0
afterstate_full_board_best_checkpoint,1027,1028,75.0
afterstate_full_board_best_checkpoint,1028,1029,100.0
afterstate_full_board_best_checkpoint,1029,1030,145.0
afterstate_full_board_best_checkpoint,1030,1031,73.0
afterstate_full_board_best_checkpoint,1031,1032,150.0
afterstate_full_board_best_checkpoint,1032,1033,83.0
afterstate_full_board_best_checkpoint,1033,1034,171.0
afterstate_full_board_best_checkpoint,1034,1035,162.0
afterstate_full_board_best_checkpoint,1035,1036,92.0
afterstate_full_board_best_checkpoint,1036,1037,90.0
afterstate_full_board_best_checkpoint,1037,1038,153.0
afterstate_full_board_best_checkpoint,1038,1039,74.0
afterstate_full_board_best_checkpoint,1039,1040,78.0
afterstate_full_board_best_checkpoint,1040,1041,39.0
afterstate_full_board_best_checkpoint,1041,1042,88.0
afterstate_full_board_best_checkpoint,1042,1043,74.0
afterstate_full_board_best_checkpoint,1043,1044,162.0
afterstate_full_board_best_checkpoint,1044,1045,101.0
afterstate_full_board_best_checkpoint,1045,1046,115.0
afterstate_full_board_best_checkpoint,1046,1047,119.0
afterstate_full_board_best_checkpoint,1047,1048,104.0
afterstate_full_board_best_checkpoint,1048,1049,100.0
afterstate_full_board_best_checkpoint,1049,1050,62.0
afterstate_full_board_best_checkpoint,1050,1051,145.0
afterstate_full_board_best_checkpoint,1051,1052,79.0
afterstate_full_board_best_checkpoint,1052,1053,92.0
afterstate_full_board_best_checkpoint,1053,1054,103.0
afterstate_full_board_best_checkpoint,1054,1055,111.0
afterstate_full_board_best_checkpoint,1055,1056,132.0
afterstate_full_board_best_checkpoint,1056,1057,91.0
afterstate_full_board_best_checkpoint,1057,1058,41.0
afterstate_full_board_best_checkpoint,1058,1059,83.0
afterstate_full_board_best_checkpoint,1059,1060,143.0
afterstate_full_board_best_checkpoint,1060,1061,90.0
afterstate_full_board_best_checkpoint,1061,1062,100.0
afterstate_full_board_best_checkpoint,1062,1063,139.0
afterstate_full_board_best_checkpoint,1063,1064,100.0
afterstate_full_board_best_checkpoint,1064,1065,137.0
afterstate_full_board_best_checkpoint,1065,1066,72.0
afterstate_full_board_best_checkpoint,1066,1067,126.0
afterstate_full_board_best_checkpoint,1067,1068,86.0
afterstate_full_board_best_checkpoint,1068,1069,110.0
afterstate_full_board_best_checkpoint,1069,1070,117.0
afterstate_full_board_best_checkpoint,1070,1071,92.0
afterstate_full_board_best_checkpoint,1071,1072,0.0
afterstate_full_board_best_checkpoint,1072,1073,116.0
afterstate_full_board_best_checkpoint,1073,1074,149.0
afterstate_full_board_best_checkpoint,1074,1075,129.0
afterstate_full_board_best_checkpoint,1075,1076,128.0
afterstate_full_board_best_checkpoint,1076,1077,156.0
afterstate_full_board_best_checkpoint,1077,1078,121.0
afterstate_full_board_best_checkpoint,1078,1079,93.0
afterstate_full_board_best_checkpoint,1079,1080,181.0
afterstate_full_board_best_checkpoint,1080,1081,122.0
afterstate_full_board_best_checkpoint,1081,1082,142.0
afterstate_full_board_best_checkpoint,1082,1083,86.0
afterstate_full_board_best_checkpoint,1083,1084,81.0
afterstate_full_board_best_checkpoint,1084,1085,106.0
afterstate_full_board_best_checkpoint,1085,1086,75.0
afterstate_full_board_best_checkpoint,1086,1087,102.0
afterstate_full_board_best_checkpoint,1087,1088,85.0
afterstate_full_board_best_checkpoint,1088,1089,132.0
afterstate_full_board_best_checkpoint,1089,1090,86.0
afterstate_full_board_best_checkpoint,1090,1091,87.0
afterstate_full_board_best_checkpoint,1091,1092,158.0
afterstate_full_board_best_checkpoint,1092,1093,88.0
afterstate_full_board_best_checkpoint,1093,1094,66.0
afterstate_full_board_best_checkpoint,1094,1095,116.0
afterstate_full_board_best_checkpoint,1095,1096,86.0
afterstate_full_board_best_checkpoint,1096,1097,103.0
afterstate_full_board_best_checkpoint,1097,1098,59.0
afterstate_full_board_best_checkpoint,1098,1099,120.0
afterstate_full_board_best_checkpoint,1099,1100,110.0
afterstate_full_board_best_checkpoint,1100,1101,120.0
afterstate_full_board_best_checkpoint,1101,1102,129.0
afterstate_full_board_best_checkpoint,1102,1103,70.0
afterstate_full_board_best_checkpoint,1103,1104,103.0
afterstate_full_board_best_checkpoint,1104,1105,48.0
afterstate_full_board_best_checkpoint,1105,1106,111.0
afterstate_full_board_best_checkpoint,1106,1107,68.0
afterstate_full_board_best_checkpoint,1107,1108,170.0
afterstate_full_board_best_checkpoint,1108,1109,128.0
afterstate_full_board_best_checkpoint,1109,1110,146.0
afterstate_full_board_best_checkpoint,1110,1111,142.0
afterstate_full_board_best_checkpoint,1111,1112,144.0
afterstate_full_board_best_checkpoint,1112,1113,129.0
afterstate_full_board_best_checkpoint,1113,1114,116.0
afterstate_full_board_best_checkpoint,1114,1115,129.0
afterstate_full_board_best_checkpoint,1115,1116,60.0
afterstate_full_board_best_checkpoint,1116,1117,101.0
afterstate_full_board_best_checkpoint,1117,1118,113.0
afterstate_full_board_best_checkpoint,1118,1119,114.0
afterstate_full_board_best_checkpoint,1119,1120,54.0
afterstate_full_board_best_checkpoint,1120,1121,120.0
afterstate_full_board_best_checkpoint,1121,1122,92.0
afterstate_full_board_best_checkpoint,1122,1123,87.0
afterstate_full_board_best_checkpoint,1123,1124,142.0
afterstate_full_board_best_checkpoint,1124,1125,96.0
afterstate_full_board_best_checkpoint,1125,1126,56.0
afterstate_full_board_best_checkpoint,1126,1127,122.0
afterstate_full_board_best_checkpoint,1127,1128,117.0
afterstate_full_board_best_checkpoint,1128,1129,71.0
afterstate_full_board_best_checkpoint,1129,1130,90.0
afterstate_full_board_best_checkpoint,1130,1131,143.0
afterstate_full_board_best_checkpoint,1131,1132,131.0
afterstate_full_board_best_checkpoint,1132,1133,49.0
afterstate_full_board_best_checkpoint,1133,1134,139.0
afterstate_full_board_best_checkpoint,1134,1135,57.0
afterstate_full_board_best_checkpoint,1135,1136,117.0
afterstate_full_board_best_checkpoint,1136,1137,155.0
afterstate_full_board_best_checkpoint,1137,1138,70.0
afterstate_full_board_best_checkpoint,1138,1139,77.0
afterstate_full_board_best_checkpoint,1139,1140,67.0
afterstate_full_board_best_checkpoint,1140,1141,62.0
afterstate_full_board_best_checkpoint,1141,1142,117.0
afterstate_full_board_best_checkpoint,1142,1143,120.0
afterstate_full_board_best_checkpoint,1143,1144,128.0
afterstate_full_board_best_checkpoint,1144,1145,88.0
afterstate_full_board_best_checkpoint,1145,1146,95.0
afterstate_full_board_best_checkpoint,1146,1147,102.0
afterstate_full_board_best_checkpoint,1147,1148,66.0
afterstate_full_board_best_checkpoint,1148,1149,156.0
afterstate_full_board_best_checkpoint,1149,1150,35.0
afterstate_full_board_best_checkpoint,1150,1151,100.0
afterstate_full_board_best_checkpoint,1151,1152,59.0
afterstate_full_board_best_checkpoint,1152,1153,109.0
afterstate_full_board_best_checkpoint,1153,1154,133.0
afterstate_full_board_best_checkpoint,1154,1155,83.0
afterstate_full_board_best_checkpoint,1155,1156,82.0
afterstate_full_board_best_checkpoint,1156,1157,96.0
afterstate_full_board_best_checkpoint,1157,1158,59.0
afterstate_full_board_best_checkpoint,1158,1159,133.0
afterstate_full_board_best_checkpoint,1159,1160,92.0
afterstate_full_board_best_checkpoint,1160,1161,74.0
afterstate_full_board_best_checkpoint,1161,1162,134.0
afterstate_full_board_best_checkpoint,1162,1163,144.0
afterstate_full_board_best_checkpoint,1163,1164,132.0
afterstate_full_board_best_checkpoint,1164,1165,86.0
afterstate_full_board_best_checkpoint,1165,1166,101.0
afterstate_full_board_best_checkpoint,1166,1167,118.0
afterstate_full_board_best_checkpoint,1167,1168,112.0
afterstate_full_board_best_checkpoint,1168,1169,110.0
afterstate_full_board_best_checkpoint,1169,1170,140.0
afterstate_full_board_best_checkpoint,1170,1171,124.0
afterstate_full_board_best_checkpoint,1171,1172,123.0
afterstate_full_board_best_checkpoint,1172,1173,114.0
afterstate_full_board_best_checkpoint,1173,1174,127.0
afterstate_full_board_best_checkpoint,1174,1175,105.0
afterstate_full_board_best_checkpoint,1175,1176,106.0
afterstate_full_board_best_checkpoint,1176,1177,88.0
afterstate_full_board_best_checkpoint,1177,1178,62.0
afterstate_full_board_best_checkpoint,1178,1179,91.0
afterstate_full_board_best_checkpoint,1179,1180,87.0
afterstate_full_board_best_checkpoint,1180,1181,87.0
afterstate_full_board_best_checkpoint,1181,1182,94.0
afterstate_full_board_best_checkpoint,1182,1183,117.0
afterstate_full_board_best_checkpoint,1183,1184,98.0
afterstate_full_board_best_checkpoint,1184,1185,77.0
afterstate_full_board_best_checkpoint,1185,1186,182.0
afterstate_full_board_best_checkpoint,1186,1187,72.0
afterstate_full_board_best_checkpoint,1187,1188,114.0
afterstate_full_board_best_checkpoint,1188,1189,149.0
afterstate_full_board_best_checkpoint,1189,1190,100.0
afterstate_full_board_best_checkpoint,1190,1191,72.0
afterstate_full_board_best_checkpoint,1191,1192,77.0
afterstate_full_board_best_checkpoint,1192,1193,88.0
afterstate_full_board_best_checkpoint,1193,1194,133.0
afterstate_full_board_best_checkpoint,1194,1195,100.0
afterstate_full_board_best_checkpoint,1195,1196,94.0
afterstate_full_board_best_checkpoint,1196,1197,123.0
afterstate_full_board_best_checkpoint,1197,1198,113.0
afterstate_full_board_best_checkpoint,1198,1199,98.0
afterstate_full_board_best_checkpoint,1199,1200,86.0
afterstate_full_board_best_checkpoint,1200,1201,88.0
afterstate_full_board_best_checkpoint,1201,1202,156.0
afterstate_full_board_best_checkpoint,1202,1203,128.0
afterstate_full_board_best_checkpoint,1203,1204,127.0
afterstate_full_board_best_checkpoint,1204,1205,89.0
afterstate_full_board_best_checkpoint,1205,1206,95.0
afterstate_full_board_best_checkpoint,1206,1207,85.0
afterstate_full_board_best_checkpoint,1207,1208,70.0
afterstate_full_board_best_checkpoint,1208,1209,126.0
afterstate_full_board_best_checkpoint,1209,1210,135.0
afterstate_full_board_best_checkpoint,1210,1211,101.0
afterstate_full_board_best_checkpoint,1211,1212,88.0
afterstate_full_board_best_checkpoint,1212,1213,141.0
afterstate_full_board_best_checkpoint,1213,1214,86.0
afterstate_full_board_best_checkpoint,1214,1215,144.0
afterstate_full_board_best_checkpoint,1215,1216,154.0
afterstate_full_board_best_checkpoint,1216,1217,89.0
afterstate_full_board_best_checkpoint,1217,1218,106.0
afterstate_full_board_best_checkpoint,1218,1219,116.0
afterstate_full_board_best_checkpoint,1219,1220,67.0
afterstate_full_board_best_checkpoint,1220,1221,134.0
afterstate_full_board_best_checkpoint,1221,1222,137.0
afterstate_full_board_best_checkpoint,1222,1223,137.0
afterstate_full_board_best_checkpoint,1223,1224,162.0
afterstate_full_board_best_checkpoint,1224,1225,99.0
afterstate_full_board_best_checkpoint,1225,1226,118.0
afterstate_full_board_best_checkpoint,1226,1227,114.0
afterstate_full_board_best_checkpoint,1227,1228,99.0
afterstate_full_board_best_checkpoint,1228,1229,141.0
afterstate_full_board_best_checkpoint,1229,1230,131.0
afterstate_full_board_best_checkpoint,1230,1231,89.0
afterstate_full_board_best_checkpoint,1231,1232,109.0
afterstate_full_board_best_checkpoint,1232,1233,85.0
afterstate_full_board_best_checkpoint,1233,1234,132.0
afterstate_full_board_best_checkpoint,1234,1235,119.0
afterstate_full_board_best_checkpoint,1235,1236,109.0
afterstate_full_board_best_checkpoint,1236,1237,113.0
afterstate_full_board_best_checkpoint,1237,1238,151.0
afterstate_full_board_best_checkpoint,1238,1239,98.0
afterstate_full_board_best_checkpoint,1239,1240,81.0
afterstate_full_board_best_checkpoint,1240,1241,105.0
afterstate_full_board_best_checkpoint,1241,1242,98.0
afterstate_full_board_best_checkpoint,1242,1243,113.0
afterstate_full_board_best_checkpoint,1243,1244,125.0
afterstate_full_board_best_checkpoint,1244,1245,96.0
afterstate_full_board_best_checkpoint,1245,1246,76.0
afterstate_full_board_best_checkpoint,1246,1247,89.0
afterstate_full_board_best_checkpoint,1247,1248,60.0
afterstate_full_board_best_checkpoint,1248,1249,114.0
afterstate_full_board_best_checkpoint,1249,1250,71.0
afterstate_full_board_best_checkpoint,1250,1251,127.0
afterstate_full_board_best_checkpoint,1251,1252,89.0
afterstate_full_board_best_checkpoint,1252,1253,76.0
afterstate_full_board_best_checkpoint,1253,1254,73.0
afterstate_full_board_best_checkpoint,1254,1255,92.0
afterstate_full_board_best_checkpoint,1255,1256,104.0
afterstate_full_board_best_checkpoint,1256,1257,85.0
afterstate_full_board_best_checkpoint,1257,1258,144.0
afterstate_full_board_best_checkpoint,1258,1259,98.0
afterstate_full_board_best_checkpoint,1259,1260,101.0
afterstate_full_board_best_checkpoint,1260,1261,125.0
afterstate_full_board_best_checkpoint,1261,1262,92.0
afterstate_full_board_best_checkpoint,1262,1263,152.0
afterstate_full_board_best_checkpoint,1263,1264,152.0
afterstate_full_board_best_checkpoint,1264,1265,88.0
afterstate_full_board_best_checkpoint,1265,1266,125.0
afterstate_full_board_best_checkpoint,1266,1267,120.0
afterstate_full_board_best_checkpoint,1267,1268,95.0
afterstate_full_board_best_checkpoint,1268,1269,145.0
afterstate_full_board_best_checkpoint,1269,1270,83.0
afterstate_full_board_best_checkpoint,1270,1271,146.0
afterstate_full_board_best_checkpoint,1271,1272,68.0
afterstate_full_board_best_checkpoint,1272,1273,112.0
afterstate_full_board_best_checkpoint,1273,1274,121.0
afterstate_full_board_best_checkpoint,1274,1275,104.0
afterstate_full_board_best_checkpoint,1275,1276,110.0
afterstate_full_board_best_checkpoint,1276,1277,116.0
afterstate_full_board_best_checkpoint,1277,1278,164.0
afterstate_full_board_best_checkpoint,1278,1279,138.0
afterstate_full_board_best_checkpoint,1279,1280,113.0
afterstate_full_board_best_checkpoint,1280,1281,155.0
afterstate_full_board_best_checkpoint,1281,1282,111.0
afterstate_full_board_best_checkpoint,1282,1283,133.0
afterstate_full_board_best_checkpoint,1283,1284,117.0
afterstate_full_board_best_checkpoint,1284,1285,93.0
afterstate_full_board_best_checkpoint,1285,1286,127.0
afterstate_full_board_best_checkpoint,1286,1287,105.0
afterstate_full_board_best_checkpoint,1287,1288,107.0
afterstate_full_board_best_checkpoint,1288,1289,63.0
afterstate_full_board_best_checkpoint,1289,1290,114.0
afterstate_full_board_best_checkpoint,1290,1291,104.0
afterstate_full_board_best_checkpoint,1291,1292,158.0
afterstate_full_board_best_checkpoint,1292,1293,135.0
afterstate_full_board_best_checkpoint,1293,1294,106.0
afterstate_full_board_best_checkpoint,1294,1295,104.0
afterstate_full_board_best_checkpoint,1295,1296,161.0
afterstate_full_board_best_checkpoint,1296,1297,93.0
afterstate_full_board_best_checkpoint,1297,1298,157.0
afterstate_full_board_best_checkpoint,1298,1299,69.0
afterstate_full_board_best_checkpoint,1299,1300,96.0
afterstate_full_board_best_checkpoint,1300,1301,137.0
afterstate_full_board_best_checkpoint,1301,1302,68.0
afterstate_full_board_best_checkpoint,1302,1303,78.0
afterstate_full_board_best_checkpoint,1303,1304,84.0
afterstate_full_board_best_checkpoint,1304,1305,133.0
afterstate_full_board_best_checkpoint,1305,1306,136.0
afterstate_full_board_best_checkpoint,1306,1307,122.0
afterstate_full_board_best_checkpoint,1307,1308,90.0
afterstate_full_board_best_checkpoint,1308,1309,91.0
afterstate_full_board_best_checkpoint,1309,1310,109.0
afterstate_full_board_best_checkpoint,1310,1311,73.0
afterstate_full_board_best_checkpoint,1311,1312,133.0
afterstate_full_board_best_checkpoint,1312,1313,112.0
afterstate_full_board_best_checkpoint,1313,1314,110.0
afterstate_full_board_best_checkpoint,1314,1315,120.0
afterstate_full_board_best_checkpoint,1315,1316,108.0
afterstate_full_board_best_checkpoint,1316,1317,99.0
afterstate_full_board_best_checkpoint,1317,1318,85.0
afterstate_full_board_best_checkpoint,1318,1319,59.0
afterstate_full_board_best_checkpoint,1319,1320,112.0
afterstate_full_board_best_checkpoint,1320,1321,153.0
afterstate_full_board_best_checkpoint,1321,1322,65.0
afterstate_full_board_best_checkpoint,1322,1323,125.0
afterstate_full_board_best_checkpoint,1323,1324,132.0
afterstate_full_board_best_checkpoint,1324,1325,68.0
afterstate_full_board_best_checkpoint,1325,1326,105.0
afterstate_full_board_best_checkpoint,1326,1327,110.0
afterstate_full_board_best_checkpoint,1327,1328,118.0
afterstate_full_board_best_checkpoint,1328,1329,126.0
afterstate_full_board_best_checkpoint,1329,1330,105.0
afterstate_full_board_best_checkpoint,1330,1331,117.0
afterstate_full_board_best_checkpoint,1331,1332,70.0
afterstate_full_board_best_checkpoint,1332,1333,112.0
afterstate_full_board_best_checkpoint,1333,1334,72.0
afterstate_full_board_best_checkpoint,1334,1335,140.0
afterstate_full_board_best_checkpoint,1335,1336,73.0
afterstate_full_board_best_checkpoint,1336,1337,137.0
afterstate_full_board_best_checkpoint,1337,1338,111.0
afterstate_full_board_best_checkpoint,1338,1339,152.0
afterstate_full_board_best_checkpoint,1339,1340,115.0
afterstate_full_board_best_checkpoint,1340,1341,134.0
afterstate_full_board_best_checkpoint,1341,1342,95.0
afterstate_full_board_best_checkpoint,1342,1343,134.0
afterstate_full_board_best_checkpoint,1343,1344,111.0
afterstate_full_board_best_checkpoint,1344,1345,92.0
afterstate_full_board_best_checkpoint,1345,1346,75.0
afterstate_full_board_best_checkpoint,1346,1347,84.0
afterstate_full_board_best_checkpoint,1347,1348,125.0
afterstate_full_board_best_checkpoint,1348,1349,104.0
afterstate_full_board_best_checkpoint,1349,1350,159.0
afterstate_full_board_best_checkpoint,1350,1351,66.0
afterstate_full_board_best_checkpoint,1351,1352,87.0
afterstate_full_board_best_checkpoint,1352,1353,47.0
afterstate_full_board_best_checkpoint,1353,1354,116.0
afterstate_full_board_best_checkpoint,1354,1355,85.0
afterstate_full_board_best_checkpoint,1355,1356,138.0
afterstate_full_board_best_checkpoint,1356,1357,102.0
afterstate_full_board_best_checkpoint,1357,1358,110.0
afterstate_full_board_best_checkpoint,1358,1359,109.0
afterstate_full_board_best_checkpoint,1359,1360,104.0
afterstate_full_board_best_checkpoint,1360,1361,127.0
afterstate_full_board_best_checkpoint,1361,1362,84.0
afterstate_full_board_best_checkpoint,1362,1363,120.0
afterstate_full_board_best_checkpoint,1363,1364,125.0
afterstate_full_board_best_checkpoint,1364,1365,85.0
afterstate_full_board_best_checkpoint,1365,1366,64.0
afterstate_full_board_best_checkpoint,1366,1367,71.0
afterstate_full_board_best_checkpoint,1367,1368,92.0
afterstate_full_board_best_checkpoint,1368,1369,137.0
afterstate_full_board_best_checkpoint,1369,1370,135.0
afterstate_full_board_best_checkpoint,1370,1371,129.0
afterstate_full_board_best_checkpoint,1371,1372,121.0
afterstate_full_board_best_checkpoint,1372,1373,82.0
afterstate_full_board_best_checkpoint,1373,1374,132.0
afterstate_full_board_best_checkpoint,1374,1375,128.0
afterstate_full_board_best_checkpoint,1375,1376,101.0
afterstate_full_board_best_checkpoint,1376,1377,88.0
afterstate_full_board_best_checkpoint,1377,1378,59.0
afterstate_full_board_best_checkpoint,1378,1379,128.0
afterstate_full_board_best_checkpoint,1379,1380,104.0
afterstate_full_board_best_checkpoint,1380,1381,118.0
afterstate_full_board_best_checkpoint,1381,1382,130.0
afterstate_full_board_best_checkpoint,1382,1383,125.0
afterstate_full_board_best_checkpoint,1383,1384,75.0
afterstate_full_board_best_checkpoint,1384,1385,68.0
afterstate_full_board_best_checkpoint,1385,1386,86.0
afterstate_full_board_best_checkpoint,1386,1387,122.0
afterstate_full_board_best_checkpoint,1387,1388,84.0
afterstate_full_board_best_checkpoint,1388,1389,127.0
afterstate_full_board_best_checkpoint,1389,1390,99.0
afterstate_full_board_best_checkpoint,1390,1391,91.0
afterstate_full_board_best_checkpoint,1391,1392,95.0
afterstate_full_board_best_checkpoint,1392,1393,64.0
afterstate_full_board_best_checkpoint,1393,1394,101.0
afterstate_full_board_best_checkpoint,1394,1395,115.0
afterstate_full_board_best_checkpoint,1395,1396,100.0
afterstate_full_board_best_checkpoint,1396,1397,129.0
afterstate_full_board_best_checkpoint,1397,1398,115.0
afterstate_full_board_best_checkpoint,1398,1399,91.0
afterstate_full_board_best_checkpoint,1399,1400,90.0
afterstate_full_board_best_checkpoint,1400,1401,86.0
afterstate_full_board_best_checkpoint,1401,1402,83.0
afterstate_full_board_best_checkpoint,1402,1403,89.0
afterstate_full_board_best_checkpoint,1403,1404,164.0
afterstate_full_board_best_checkpoint,1404,1405,98.0
afterstate_full_board_best_checkpoint,1405,1406,103.0
afterstate_full_board_best_checkpoint,1406,1407,78.0
afterstate_full_board_best_checkpoint,1407,1408,76.0
afterstate_full_board_best_checkpoint,1408,1409,106.0
afterstate_full_board_best_checkpoint,1409,1410,80.0
afterstate_full_board_best_checkpoint,1410,1411,89.0
afterstate_full_board_best_checkpoint,1411,1412,110.0
afterstate_full_board_best_checkpoint,1412,1413,122.0
afterstate_full_board_best_checkpoint,1413,1414,186.0
afterstate_full_board_best_checkpoint,1414,1415,76.0
afterstate_full_board_best_checkpoint,1415,1416,130.0
afterstate_full_board_best_checkpoint,1416,1417,86.0
afterstate_full_board_best_checkpoint,1417,1418,91.0
afterstate_full_board_best_checkpoint,1418,1419,127.0
afterstate_full_board_best_checkpoint,1419,1420,103.0
afterstate_full_board_best_checkpoint,1420,1421,126.0
afterstate_full_board_best_checkpoint,1421,1422,121.0
afterstate_full_board_best_checkpoint,1422,1423,161.0
afterstate_full_board_best_checkpoint,1423,1424,124.0
afterstate_full_board_best_checkpoint,1424,1425,116.0
afterstate_full_board_best_checkpoint,1425,1426,110.0
afterstate_full_board_best_checkpoint,1426,1427,112.0
afterstate_full_board_best_checkpoint,1427,1428,109.0
afterstate_full_board_best_checkpoint,1428,1429,116.0
afterstate_full_board_best_checkpoint,1429,1430,137.0
afterstate_full_board_best_checkpoint,1430,1431,77.0
afterstate_full_board_best_checkpoint,1431,1432,93.0
afterstate_full_board_best_checkpoint,1432,1433,144.0
afterstate_full_board_best_checkpoint,1433,1434,96.0
afterstate_full_board_best_checkpoint,1434,1435,169.0
afterstate_full_board_best_checkpoint,1435,1436,87.0
afterstate_full_board_best_checkpoint,1436,1437,95.0
afterstate_full_board_best_checkpoint,1437,1438,122.0
afterstate_full_board_best_checkpoint,1438,1439,100.0
afterstate_full_board_best_checkpoint,1439,1440,142.0
afterstate_full_board_best_checkpoint,1440,1441,93.0
afterstate_full_board_best_checkpoint,1441,1442,76.0
afterstate_full_board_best_checkpoint,1442,1443,122.0
afterstate_full_board_best_checkpoint,1443,1444,113.0
afterstate_full_board_best_checkpoint,1444,1445,99.0
afterstate_full_board_best_checkpoint,1445,1446,104.0
afterstate_full_board_best_checkpoint,1446,1447,94.0
afterstate_full_board_best_checkpoint,1447,1448,69.0
afterstate_full_board_best_checkpoint,1448,1449,104.0
afterstate_full_board_best_checkpoint,1449,1450,80.0
afterstate_full_board_best_checkpoint,1450,1451,110.0
afterstate_full_board_best_checkpoint,1451,1452,94.0
afterstate_full_board_best_checkpoint,1452,1453,120.0
afterstate_full_board_best_checkpoint,1453,1454,82.0
afterstate_full_board_best_checkpoint,1454,1455,93.0
afterstate_full_board_best_checkpoint,1455,1456,104.0
afterstate_full_board_best_checkpoint,1456,1457,116.0
afterstate_full_board_best_checkpoint,1457,1458,117.0
afterstate_full_board_best_checkpoint,1458,1459,85.0
afterstate_full_board_best_checkpoint,1459,1460,118.0
afterstate_full_board_best_checkpoint,1460,1461,120.0
afterstate_full_board_best_checkpoint,1461,1462,127.0
afterstate_full_board_best_checkpoint,1462,1463,113.0
afterstate_full_board_best_checkpoint,1463,1464,117.0
afterstate_full_board_best_checkpoint,1464,1465,70.0
afterstate_full_board_best_checkpoint,1465,1466,140.0
afterstate_full_board_best_checkpoint,1466,1467,57.0
afterstate_full_board_best_checkpoint,1467,1468,90.0
afterstate_full_board_best_checkpoint,1468,1469,113.0
afterstate_full_board_best_checkpoint,1469,1470,94.0
afterstate_full_board_best_checkpoint,1470,1471,102.0
afterstate_full_board_best_checkpoint,1471,1472,145.0
afterstate_full_board_best_checkpoint,1472,1473,72.0
afterstate_full_board_best_checkpoint,1473,1474,128.0
afterstate_full_board_best_checkpoint,1474,1475,84.0
afterstate_full_board_best_checkpoint,1475,1476,78.0
afterstate_full_board_best_checkpoint,1476,1477,89.0
afterstate_full_board_best_checkpoint,1477,1478,130.0
afterstate_full_board_best_checkpoint,1478,1479,79.0
afterstate_full_board_best_checkpoint,1479,1480,131.0
afterstate_full_board_best_checkpoint,1480,1481,63.0
afterstate_full_board_best_checkpoint,1481,1482,86.0
afterstate_full_board_best_checkpoint,1482,1483,100.0
afterstate_full_board_best_checkpoint,1483,1484,113.0
afterstate_full_board_best_checkpoint,1484,1485,95.0
afterstate_full_board_best_checkpoint,1485,1486,143.0
afterstate_full_board_best_checkpoint,1486,1487,86.0
afterstate_full_board_best_checkpoint,1487,1488,134.0
afterstate_full_board_best_checkpoint,1488,1489,84.0
afterstate_full_board_best_checkpoint,1489,1490,153.0
afterstate_full_board_best_checkpoint,1490,1491,42.0
afterstate_full_board_best_checkpoint,1491,1492,111.0
afterstate_full_board_best_checkpoint,1492,1493,105.0
afterstate_full_board_best_checkpoint,1493,1494,150.0
afterstate_full_board_best_checkpoint,1494,1495,96.0
afterstate_full_board_best_checkpoint,1495,1496,138.0
afterstate_full_board_best_checkpoint,1496,1497,111.0
afterstate_full_board_best_checkpoint,1497,1498,108.0
afterstate_full_board_best_checkpoint,1498,1499,138.0
afterstate_full_board_best_checkpoint,1499,1500,110.0
afterstate_full_board_best_checkpoint,1500,1501,121.0
afterstate_full_board_best_checkpoint,1501,1502,89.0
afterstate_full_board_best_checkpoint,1502,1503,96.0
afterstate_full_board_best_checkpoint,1503,1504,100.0
afterstate_full_board_best_checkpoint,1504,1505,110.0
afterstate_full_board_best_checkpoint,1505,1506,123.0
afterstate_full_board_best_checkpoint,1506,1507,77.0
afterstate_full_board_best_checkpoint,1507,1508,117.0
afterstate_full_board_best_checkpoint,1508,1509,104.0
afterstate_full_board_best_checkpoint,1509,1510,53.0
afterstate_full_board_best_checkpoint,1510,1511,65.0
afterstate_full_board_best_checkpoint,1511,1512,115.0
afterstate_full_board_best_checkpoint,1512,1513,101.0
afterstate_full_board_best_checkpoint,1513,1514,66.0
afterstate_full_board_best_checkpoint,1514,1515,109.0
afterstate_full_board_best_checkpoint,1515,1516,103.0
afterstate_full_board_best_checkpoint,1516,1517,74.0
afterstate_full_board_best_checkpoint,1517,1518,113.0
afterstate_full_board_best_checkpoint,1518,1519,114.0
afterstate_full_board_best_checkpoint,1519,1520,97.0
afterstate_full_board_best_checkpoint,1520,1521,123.0
afterstate_full_board_best_checkpoint,1521,1522,150.0
afterstate_full_board_best_checkpoint,1522,1523,102.0
afterstate_full_board_best_checkpoint,1523,1524,106.0
afterstate_full_board_best_checkpoint,1524,1525,119.0
afterstate_full_board_best_checkpoint,1525,1526,86.0
afterstate_full_board_best_checkpoint,1526,1527,92.0
afterstate_full_board_best_checkpoint,1527,1528,73.0
afterstate_full_board_best_checkpoint,1528,1529,126.0
afterstate_full_board_best_checkpoint,1529,1530,93.0
afterstate_full_board_best_checkpoint,1530,1531,114.0
afterstate_full_board_best_checkpoint,1531,1532,117.0
afterstate_full_board_best_checkpoint,1532,1533,142.0
afterstate_full_board_best_checkpoint,1533,1534,45.0
afterstate_full_board_best_checkpoint,1534,1535,107.0
afterstate_full_board_best_checkpoint,1535,1536,112.0
afterstate_full_board_best_checkpoint,1536,1537,123.0
afterstate_full_board_best_checkpoint,1537,1538,134.0
afterstate_full_board_best_checkpoint,1538,1539,105.0
afterstate_full_board_best_checkpoint,1539,1540,130.0
afterstate_full_board_best_checkpoint,1540,1541,63.0
afterstate_full_board_best_checkpoint,1541,1542,95.0
afterstate_full_board_best_checkpoint,1542,1543,101.0
afterstate_full_board_best_checkpoint,1543,1544,137.0
afterstate_full_board_best_checkpoint,1544,1545,116.0
afterstate_full_board_best_checkpoint,1545,1546,77.0
afterstate_full_board_best_checkpoint,1546,1547,132.0
afterstate_full_board_best_checkpoint,1547,1548,73.0
afterstate_full_board_best_checkpoint,1548,1549,73.0
afterstate_full_board_best_checkpoint,1549,1550,104.0
afterstate_full_board_best_checkpoint,1550,1551,149.0
afterstate_full_board_best_checkpoint,1551,1552,94.0
afterstate_full_board_best_checkpoint,1552,1553,125.0
afterstate_full_board_best_checkpoint,1553,1554,112.0
afterstate_full_board_best_checkpoint,1554,1555,121.0
afterstate_full_board_best_checkpoint,1555,1556,127.0
afterstate_full_board_best_checkpoint,1556,1557,89.0
afterstate_full_board_best_checkpoint,1557,1558,122.0
afterstate_full_board_best_checkpoint,1558,1559,148.0
afterstate_full_board_best_checkpoint,1559,1560,96.0
afterstate_full_board_best_checkpoint,1560,1561,98.0
afterstate_full_board_best_checkpoint,1561,1562,111.0
afterstate_full_board_best_checkpoint,1562,1563,100.0
afterstate_full_board_best_checkpoint,1563,1564,125.0
afterstate_full_board_best_checkpoint,1564,1565,42.0
afterstate_full_board_best_checkpoint,1565,1566,94.0
afterstate_full_board_best_checkpoint,1566,1567,73.0
afterstate_full_board_best_checkpoint,1567,1568,76.0
afterstate_full_board_best_checkpoint,1568,1569,124.0
afterstate_full_board_best_checkpoint,1569,1570,78.0
afterstate_full_board_best_checkpoint,1570,1571,55.0
afterstate_full_board_best_checkpoint,1571,1572,118.0
afterstate_full_board_best_checkpoint,1572,1573,116.0
afterstate_full_board_best_checkpoint,1573,1574,99.0
afterstate_full_board_best_checkpoint,1574,1575,104.0
afterstate_full_board_best_checkpoint,1575,1576,98.0
afterstate_full_board_best_checkpoint,1576,1577,169.0
afterstate_full_board_best_checkpoint,1577,1578,101.0
afterstate_full_board_best_checkpoint,1578,1579,161.0
afterstate_full_board_best_checkpoint,1579,1580,112.0
afterstate_full_board_best_checkpoint,1580,1581,89.0
afterstate_full_board_best_checkpoint,1581,1582,124.0
afterstate_full_board_best_checkpoint,1582,1583,132.0
afterstate_full_board_best_checkpoint,1583,1584,132.0
afterstate_full_board_best_checkpoint,1584,1585,53.0
afterstate_full_board_best_checkpoint,1585,1586,88.0
afterstate_full_board_best_checkpoint,1586,1587,97.0
afterstate_full_board_best_checkpoint,1587,1588,118.0
afterstate_full_board_best_checkpoint,1588,1589,114.0
afterstate_full_board_best_checkpoint,1589,1590,119.0
afterstate_full_board_best_checkpoint,1590,1591,64.0
afterstate_full_board_best_checkpoint,1591,1592,124.0
afterstate_full_board_best_checkpoint,1592,1593,117.0
afterstate_full_board_best_checkpoint,1593,1594,102.0
afterstate_full_board_best_checkpoint,1594,1595,98.0
afterstate_full_board_best_checkpoint,1595,1596,103.0
afterstate_full_board_best_checkpoint,1596,1597,79.0
afterstate_full_board_best_checkpoint,1597,1598,133.0
afterstate_full_board_best_checkpoint,1598,1599,138.0
afterstate_full_board_best_checkpoint,1599,1600,89.0
afterstate_full_board_best_checkpoint,1600,1601,103.0
afterstate_full_board_best_checkpoint,1601,1602,71.0
afterstate_full_board_best_checkpoint,1602,1603,102.0
afterstate_full_board_best_checkpoint,1603,1604,91.0
afterstate_full_board_best_checkpoint,1604,1605,117.0
afterstate_full_board_best_checkpoint,1605,1606,103.0
afterstate_full_board_best_checkpoint,1606,1607,131.0
afterstate_full_board_best_checkpoint,1607,1608,135.0
afterstate_full_board_best_checkpoint,1608,1609,97.0
afterstate_full_board_best_checkpoint,1609,1610,159.0
afterstate_full_board_best_checkpoint,1610,1611,127.0
afterstate_full_board_best_checkpoint,1611,1612,112.0
afterstate_full_board_best_checkpoint,1612,1613,96.0
afterstate_full_board_best_checkpoint,1613,1614,105.0
afterstate_full_board_best_checkpoint,1614,1615,142.0
afterstate_full_board_best_checkpoint,1615,1616,82.0
afterstate_full_board_best_checkpoint,1616,1617,117.0
afterstate_full_board_best_checkpoint,1617,1618,104.0
afterstate_full_board_best_checkpoint,1618,1619,93.0
afterstate_full_board_best_checkpoint,1619,1620,169.0
afterstate_full_board_best_checkpoint,1620,1621,59.0
afterstate_full_board_best_checkpoint,1621,1622,77.0
afterstate_full_board_best_checkpoint,1622,1623,93.0
afterstate_full_board_best_checkpoint,1623,1624,210.0
afterstate_full_board_best_checkpoint,1624,1625,103.0
afterstate_full_board_best_checkpoint,1625,1626,144.0
afterstate_full_board_best_checkpoint,1626,1627,93.0
afterstate_full_board_best_checkpoint,1627,1628,90.0
afterstate_full_board_best_checkpoint,1628,1629,118.0
afterstate_full_board_best_checkpoint,1629,1630,112.0
afterstate_full_board_best_checkpoint,1630,1631,88.0
afterstate_full_board_best_checkpoint,1631,1632,94.0
afterstate_full_board_best_checkpoint,1632,1633,83.0
afterstate_full_board_best_checkpoint,1633,1634,135.0
afterstate_full_board_best_checkpoint,1634,1635,132.0
afterstate_full_board_best_checkpoint,1635,1636,76.0
afterstate_full_board_best_checkpoint,1636,1637,133.0
afterstate_full_board_best_checkpoint,1637,1638,81.0
afterstate_full_board_best_checkpoint,1638,1639,94.0
afterstate_full_board_best_checkpoint,1639,1640,81.0
afterstate_full_board_best_checkpoint,1640,1641,72.0
afterstate_full_board_best_checkpoint,1641,1642,126.0
afterstate_full_board_best_checkpoint,1642,1643,82.0
afterstate_full_board_best_checkpoint,1643,1644,110.0
afterstate_full_board_best_checkpoint,1644,1645,136.0
afterstate_full_board_best_checkpoint,1645,1646,119.0
afterstate_full_board_best_checkpoint,1646,1647,172.0
afterstate_full_board_best_checkpoint,1647,1648,95.0
afterstate_full_board_best_checkpoint,1648,1649,97.0
afterstate_full_board_best_checkpoint,1649,1650,103.0
afterstate_full_board_best_checkpoint,1650,1651,99.0
afterstate_full_board_best_checkpoint,1651,1652,137.0
afterstate_full_board_best_checkpoint,1652,1653,95.0
afterstate_full_board_best_checkpoint,1653,1654,130.0
afterstate_full_board_best_checkpoint,1654,1655,107.0
afterstate_full_board_best_checkpoint,1655,1656,91.0
afterstate_full_board_best_checkpoint,1656,1657,97.0
afterstate_full_board_best_checkpoint,1657,1658,98.0
afterstate_full_board_best_checkpoint,1658,1659,92.0
afterstate_full_board_best_checkpoint,1659,1660,120.0
afterstate_full_board_best_checkpoint,1660,1661,96.0
afterstate_full_board_best_checkpoint,1661,1662,148.0
afterstate_full_board_best_checkpoint,1662,1663,113.0
afterstate_full_board_best_checkpoint,1663,1664,98.0
afterstate_full_board_best_checkpoint,1664,1665,133.0
afterstate_full_board_best_checkpoint,1665,1666,107.0
afterstate_full_board_best_checkpoint,1666,1667,122.0
afterstate_full_board_best_checkpoint,1667,1668,114.0
afterstate_full_board_best_checkpoint,1668,1669,73.0
afterstate_full_board_best_checkpoint,1669,1670,99.0
afterstate_full_board_best_checkpoint,1670,1671,120.0
afterstate_full_board_best_checkpoint,1671,1672,92.0
afterstate_full_board_best_checkpoint,1672,1673,145.0
afterstate_full_board_best_checkpoint,1673,1674,107.0
afterstate_full_board_best_checkpoint,1674,1675,124.0
afterstate_full_board_best_checkpoint,1675,1676,107.0
afterstate_full_board_best_checkpoint,1676,1677,160.0
afterstate_full_board_best_checkpoint,1677,1678,84.0
afterstate_full_board_best_checkpoint,1678,1679,91.0
afterstate_full_board_best_checkpoint,1679,1680,116.0
afterstate_full_board_best_checkpoint,1680,1681,112.0
afterstate_full_board_best_checkpoint,1681,1682,82.0
afterstate_full_board_best_checkpoint,1682,1683,66.0
afterstate_full_board_best_checkpoint,1683,1684,80.0
afterstate_full_board_best_checkpoint,1684,1685,169.0
afterstate_full_board_best_checkpoint,1685,1686,105.0
afterstate_full_board_best_checkpoint,1686,1687,142.0
afterstate_full_board_best_checkpoint,1687,1688,99.0
afterstate_full_board_best_checkpoint,1688,1689,92.0
afterstate_full_board_best_checkpoint,1689,1690,122.0
afterstate_full_board_best_checkpoint,1690,1691,129.0
afterstate_full_board_best_checkpoint,1691,1692,163.0
afterstate_full_board_best_checkpoint,1692,1693,131.0
afterstate_full_board_best_checkpoint,1693,1694,93.0
afterstate_full_board_best_checkpoint,1694,1695,86.0
afterstate_full_board_best_checkpoint,1695,1696,55.0
afterstate_full_board_best_checkpoint,1696,1697,110.0
afterstate_full_board_best_checkpoint,1697,1698,83.0
afterstate_full_board_best_checkpoint,1698,1699,119.0
afterstate_full_board_best_checkpoint,1699,1700,125.0
afterstate_full_board_best_checkpoint,1700,1701,131.0
afterstate_full_board_best_checkpoint,1701,1702,135.0
afterstate_full_board_best_checkpoint,1702,1703,117.0
afterstate_full_board_best_checkpoint,1703,1704,119.0
afterstate_full_board_best_checkpoint,1704,1705,70.0
afterstate_full_board_best_checkpoint,1705,1706,102.0
afterstate_full_board_best_checkpoint,1706,1707,92.0
afterstate_full_board_best_checkpoint,1707,1708,115.0
afterstate_full_board_best_checkpoint,1708,1709,77.0
afterstate_full_board_best_checkpoint,1709,1710,148.0
afterstate_full_board_best_checkpoint,1710,1711,127.0
afterstate_full_board_best_checkpoint,1711,1712,117.0
afterstate_full_board_best_checkpoint,1712,1713,108.0
afterstate_full_board_best_checkpoint,1713,1714,90.0
afterstate_full_board_best_checkpoint,1714,1715,138.0
afterstate_full_board_best_checkpoint,1715,1716,123.0
afterstate_full_board_best_checkpoint,1716,1717,80.0
afterstate_full_board_best_checkpoint,1717,1718,94.0
afterstate_full_board_best_checkpoint,1718,1719,161.0
afterstate_full_board_best_checkpoint,1719,1720,140.0
afterstate_full_board_best_checkpoint,1720,1721,99.0
afterstate_full_board_best_checkpoint,1721,1722,128.0
afterstate_full_board_best_checkpoint,1722,1723,83.0
afterstate_full_board_best_checkpoint,1723,1724,72.0
afterstate_full_board_best_checkpoint,1724,1725,99.0
afterstate_full_board_best_checkpoint,1725,1726,115.0
afterstate_full_board_best_checkpoint,1726,1727,96.0
afterstate_full_board_best_checkpoint,1727,1728,163.0
afterstate_full_board_best_checkpoint,1728,1729,127.0
afterstate_full_board_best_checkpoint,1729,1730,124.0
afterstate_full_board_best_checkpoint,1730,1731,104.0
afterstate_full_board_best_checkpoint,1731,1732,120.0
afterstate_full_board_best_checkpoint,1732,1733,151.0
afterstate_full_board_best_checkpoint,1733,1734,125.0
afterstate_full_board_best_checkpoint,1734,1735,99.0
afterstate_full_board_best_checkpoint,1735,1736,81.0
afterstate_full_board_best_checkpoint,1736,1737,128.0
afterstate_full_board_best_checkpoint,1737,1738,58.0
afterstate_full_board_best_checkpoint,1738,1739,84.0
afterstate_full_board_best_checkpoint,1739,1740,72.0
afterstate_full_board_best_checkpoint,1740,1741,85.0
afterstate_full_board_best_checkpoint,1741,1742,103.0
afterstate_full_board_best_checkpoint,1742,1743,120.0
afterstate_full_board_best_checkpoint,1743,1744,88.0
afterstate_full_board_best_checkpoint,1744,1745,96.0
afterstate_full_board_best_checkpoint,1745,1746,100.0
afterstate_full_board_best_checkpoint,1746,1747,130.0
afterstate_full_board_best_checkpoint,1747,1748,138.0
afterstate_full_board_best_checkpoint,1748,1749,98.0
afterstate_full_board_best_checkpoint,1749,1750,179.0
afterstate_full_board_best_checkpoint,1750,1751,211.0
afterstate_full_board_best_checkpoint,1751,1752,131.0
afterstate_full_board_best_checkpoint,1752,1753,117.0
afterstate_full_board_best_checkpoint,1753,1754,74.0
afterstate_full_board_best_checkpoint,1754,1755,163.0
afterstate_full_board_best_checkpoint,1755,1756,93.0
afterstate_full_board_best_checkpoint,1756,1757,117.0
afterstate_full_board_best_checkpoint,1757,1758,120.0
afterstate_full_board_best_checkpoint,1758,1759,74.0
afterstate_full_board_best_checkpoint,1759,1760,135.0
afterstate_full_board_best_checkpoint,1760,1761,85.0
afterstate_full_board_best_checkpoint,1761,1762,63.0
afterstate_full_board_best_checkpoint,1762,1763,108.0
afterstate_full_board_best_checkpoint,1763,1764,131.0
afterstate_full_board_best_checkpoint,1764,1765,142.0
afterstate_full_board_best_checkpoint,1765,1766,46.0
afterstate_full_board_best_checkpoint,1766,1767,138.0
afterstate_full_board_best_checkpoint,1767,1768,85.0
afterstate_full_board_best_checkpoint,1768,1769,99.0
afterstate_full_board_best_checkpoint,1769,1770,90.0
afterstate_full_board_best_checkpoint,1770,1771,115.0
afterstate_full_board_best_checkpoint,1771,1772,122.0
afterstate_full_board_best_checkpoint,1772,1773,146.0
afterstate_full_board_best_checkpoint,1773,1774,119.0
afterstate_full_board_best_checkpoint,1774,1775,116.0
afterstate_full_board_best_checkpoint,1775,1776,132.0
afterstate_full_board_best_checkpoint,1776,1777,94.0
afterstate_full_board_best_checkpoint,1777,1778,110.0
afterstate_full_board_best_checkpoint,1778,1779,99.0
afterstate_full_board_best_checkpoint,1779,1780,82.0
afterstate_full_board_best_checkpoint,1780,1781,98.0
afterstate_full_board_best_checkpoint,1781,1782,120.0
afterstate_full_board_best_checkpoint,1782,1783,118.0
afterstate_full_board_best_checkpoint,1783,1784,147.0
afterstate_full_board_best_checkpoint,1784,1785,98.0
afterstate_full_board_best_checkpoint,1785,1786,91.0
afterstate_full_board_best_checkpoint,1786,1787,96.0
afterstate_full_board_best_checkpoint,1787,1788,83.0
afterstate_full_board_best_checkpoint,1788,1789,80.0
afterstate_full_board_best_checkpoint,1789,1790,74.0
afterstate_full_board_best_checkpoint,1790,1791,109.0
afterstate_full_board_best_checkpoint,1791,1792,95.0
afterstate_full_board_best_checkpoint,1792,1793,104.0
afterstate_full_board_best_checkpoint,1793,1794,162.0
afterstate_full_board_best_checkpoint,1794,1795,109.0
afterstate_full_board_best_checkpoint,1795,1796,114.0
afterstate_full_board_best_checkpoint,1796,1797,110.0
afterstate_full_board_best_checkpoint,1797,1798,83.0
afterstate_full_board_best_checkpoint,1798,1799,99.0
afterstate_full_board_best_checkpoint,1799,1800,120.0
afterstate_full_board_best_checkpoint,1800,1801,108.0
afterstate_full_board_best_checkpoint,1801,1802,162.0
afterstate_full_board_best_checkpoint,1802,1803,84.0
afterstate_full_board_best_checkpoint,1803,1804,125.0
afterstate_full_board_best_checkpoint,1804,1805,112.0
afterstate_full_board_best_checkpoint,1805,1806,100.0
afterstate_full_board_best_checkpoint,1806,1807,97.0
afterstate_full_board_best_checkpoint,1807,1808,91.0
afterstate_full_board_best_checkpoint,1808,1809,62.0
afterstate_full_board_best_checkpoint,1809,1810,151.0
afterstate_full_board_best_checkpoint,1810,1811,98.0
afterstate_full_board_best_checkpoint,1811,1812,102.0
afterstate_full_board_best_checkpoint,1812,1813,114.0
afterstate_full_board_best_checkpoint,1813,1814,104.0
afterstate_full_board_best_checkpoint,1814,1815,117.0
afterstate_full_board_best_checkpoint,1815,1816,136.0
afterstate_full_board_best_checkpoint,1816,1817,95.0
afterstate_full_board_best_checkpoint,1817,1818,112.0
afterstate_full_board_best_checkpoint,1818,1819,110.0
afterstate_full_board_best_checkpoint,1819,1820,103.0
afterstate_full_board_best_checkpoint,1820,1821,107.0
afterstate_full_board_best_checkpoint,1821,1822,63.0
afterstate_full_board_best_checkpoint,1822,1823,101.0
afterstate_full_board_best_checkpoint,1823,1824,134.0
afterstate_full_board_best_checkpoint,1824,1825,87.0
afterstate_full_board_best_checkpoint,1825,1826,75.0
afterstate_full_board_best_checkpoint,1826,1827,162.0
afterstate_full_board_best_checkpoint,1827,1828,50.0
afterstate_full_board_best_checkpoint,1828,1829,101.0
afterstate_full_board_best_checkpoint,1829,1830,135.0
afterstate_full_board_best_checkpoint,1830,1831,96.0
afterstate_full_board_best_checkpoint,1831,1832,101.0
afterstate_full_board_best_checkpoint,1832,1833,102.0
afterstate_full_board_best_checkpoint,1833,1834,79.0
afterstate_full_board_best_checkpoint,1834,1835,144.0
afterstate_full_board_best_checkpoint,1835,1836,117.0
afterstate_full_board_best_checkpoint,1836,1837,125.0
afterstate_full_board_best_checkpoint,1837,1838,121.0
afterstate_full_board_best_checkpoint,1838,1839,102.0
afterstate_full_board_best_checkpoint,1839,1840,80.0
afterstate_full_board_best_checkpoint,1840,1841,126.0
afterstate_full_board_best_checkpoint,1841,1842,122.0
afterstate_full_board_best_checkpoint,1842,1843,86.0
afterstate_full_board_best_checkpoint,1843,1844,144.0
afterstate_full_board_best_checkpoint,1844,1845,111.0
afterstate_full_board_best_checkpoint,1845,1846,102.0
afterstate_full_board_best_checkpoint,1846,1847,148.0
afterstate_full_board_best_checkpoint,1847,1848,80.0
afterstate_full_board_best_checkpoint,1848,1849,88.0
afterstate_full_board_best_checkpoint,1849,1850,142.0
afterstate_full_board_best_checkpoint,1850,1851,116.0
afterstate_full_board_best_checkpoint,1851,1852,145.0
afterstate_full_board_best_checkpoint,1852,1853,104.0
afterstate_full_board_best_checkpoint,1853,1854,133.0
afterstate_full_board_best_checkpoint,1854,1855,57.0
afterstate_full_board_best_checkpoint,1855,1856,102.0
afterstate_full_board_best_checkpoint,1856,1857,74.0
afterstate_full_board_best_checkpoint,1857,1858,108.0
afterstate_full_board_best_checkpoint,1858,1859,127.0
afterstate_full_board_best_checkpoint,1859,1860,142.0
afterstate_full_board_best_checkpoint,1860,1861,117.0
afterstate_full_board_best_checkpoint,1861,1862,101.0
afterstate_full_board_best_checkpoint,1862,1863,128.0
afterstate_full_board_best_checkpoint,1863,1864,134.0
afterstate_full_board_best_checkpoint,1864,1865,143.0
afterstate_full_board_best_checkpoint,1865,1866,114.0
afterstate_full_board_best_checkpoint,1866,1867,92.0
afterstate_full_board_best_checkpoint,1867,1868,97.0
afterstate_full_board_best_checkpoint,1868,1869,68.0
afterstate_full_board_best_checkpoint,1869,1870,108.0
afterstate_full_board_best_checkpoint,1870,1871,93.0
afterstate_full_board_best_checkpoint,1871,1872,122.0
afterstate_full_board_best_checkpoint,1872,1873,95.0
afterstate_full_board_best_checkpoint,1873,1874,136.0
afterstate_full_board_best_checkpoint,1874,1875,98.0
afterstate_full_board_best_checkpoint,1875,1876,122.0
afterstate_full_board_best_checkpoint,1876,1877,98.0
afterstate_full_board_best_checkpoint,1877,1878,66.0
afterstate_full_board_best_checkpoint,1878,1879,90.0
afterstate_full_board_best_checkpoint,1879,1880,172.0
afterstate_full_board_best_checkpoint,1880,1881,75.0
afterstate_full_board_best_checkpoint,1881,1882,67.0
afterstate_full_board_best_checkpoint,1882,1883,64.0
afterstate_full_board_best_checkpoint,1883,1884,108.0
afterstate_full_board_best_checkpoint,1884,1885,83.0
afterstate_full_board_best_checkpoint,1885,1886,121.0
afterstate_full_board_best_checkpoint,1886,1887,157.0
afterstate_full_board_best_checkpoint,1887,1888,135.0
afterstate_full_board_best_checkpoint,1888,1889,72.0
afterstate_full_board_best_checkpoint,1889,1890,87.0
afterstate_full_board_best_checkpoint,1890,1891,112.0
afterstate_full_board_best_checkpoint,1891,1892,109.0
afterstate_full_board_best_checkpoint,1892,1893,117.0
afterstate_full_board_best_checkpoint,1893,1894,89.0
afterstate_full_board_best_checkpoint,1894,1895,139.0
afterstate_full_board_best_checkpoint,1895,1896,85.0
afterstate_full_board_best_checkpoint,1896,1897,114.0
afterstate_full_board_best_checkpoint,1897,1898,76.0
afterstate_full_board_best_checkpoint,1898,1899,84.0
afterstate_full_board_best_checkpoint,1899,1900,119.0
afterstate_full_board_best_checkpoint,1900,1901,62.0
afterstate_full_board_best_checkpoint,1901,1902,119.0
afterstate_full_board_best_checkpoint,1902,1903,103.0
afterstate_full_board_best_checkpoint,1903,1904,137.0
afterstate_full_board_best_checkpoint,1904,1905,67.0
afterstate_full_board_best_checkpoint,1905,1906,104.0
afterstate_full_board_best_checkpoint,1906,1907,99.0
afterstate_full_board_best_checkpoint,1907,1908,112.0
afterstate_full_board_best_checkpoint,1908,1909,54.0
afterstate_full_board_best_checkpoint,1909,1910,107.0
afterstate_full_board_best_checkpoint,1910,1911,82.0
afterstate_full_board_best_checkpoint,1911,1912,139.0
afterstate_full_board_best_checkpoint,1912,1913,132.0
afterstate_full_board_best_checkpoint,1913,1914,99.0
afterstate_full_board_best_checkpoint,1914,1915,144.0
afterstate_full_board_best_checkpoint,1915,1916,76.0
afterstate_full_board_best_checkpoint,1916,1917,97.0
afterstate_full_board_best_checkpoint,1917,1918,124.0
afterstate_full_board_best_checkpoint,1918,1919,145.0
afterstate_full_board_best_checkpoint,1919,1920,81.0
afterstate_full_board_best_checkpoint,1920,1921,150.0
afterstate_full_board_best_checkpoint,1921,1922,129.0
afterstate_full_board_best_checkpoint,1922,1923,93.0
afterstate_full_board_best_checkpoint,1923,1924,112.0
afterstate_full_board_best_checkpoint,1924,1925,56.0
afterstate_full_board_best_checkpoint,1925,1926,106.0
afterstate_full_board_best_checkpoint,1926,1927,90.0
afterstate_full_board_best_checkpoint,1927,1928,56.0
afterstate_full_board_best_checkpoint,1928,1929,151.0
afterstate_full_board_best_checkpoint,1929,1930,79.0
afterstate_full_board_best_checkpoint,1930,1931,72.0
afterstate_full_board_best_checkpoint,1931,1932,101.0
afterstate_full_board_best_checkpoint,1932,1933,138.0
afterstate_full_board_best_checkpoint,1933,1934,101.0
afterstate_full_board_best_checkpoint,1934,1935,128.0
afterstate_full_board_best_checkpoint,1935,1936,90.0
afterstate_full_board_best_checkpoint,1936,1937,63.0
afterstate_full_board_best_checkpoint,1937,1938,92.0
afterstate_full_board_best_checkpoint,1938,1939,98.0
afterstate_full_board_best_checkpoint,1939,1940,120.0
afterstate_full_board_best_checkpoint,1940,1941,132.0
afterstate_full_board_best_checkpoint,1941,1942,105.0
afterstate_full_board_best_checkpoint,1942,1943,115.0
afterstate_full_board_best_checkpoint,1943,1944,107.0
afterstate_full_board_best_checkpoint,1944,1945,124.0
afterstate_full_board_best_checkpoint,1945,1946,166.0
afterstate_full_board_best_checkpoint,1946,1947,130.0
afterstate_full_board_best_checkpoint,1947,1948,105.0
afterstate_full_board_best_checkpoint,1948,1949,78.0
afterstate_full_board_best_checkpoint,1949,1950,115.0
afterstate_full_board_best_checkpoint,1950,1951,88.0
afterstate_full_board_best_checkpoint,1951,1952,108.0
afterstate_full_board_best_checkpoint,1952,1953,137.0
afterstate_full_board_best_checkpoint,1953,1954,63.0
afterstate_full_board_best_checkpoint,1954,1955,62.0
afterstate_full_board_best_checkpoint,1955,1956,116.0
afterstate_full_board_best_checkpoint,1956,1957,93.0
afterstate_full_board_best_checkpoint,1957,1958,114.0
afterstate_full_board_best_checkpoint,1958,1959,100.0
afterstate_full_board_best_checkpoint,1959,1960,119.0
afterstate_full_board_best_checkpoint,1960,1961,108.0
afterstate_full_board_best_checkpoint,1961,1962,126.0
afterstate_full_board_best_checkpoint,1962,1963,145.0
afterstate_full_board_best_checkpoint,1963,1964,127.0
afterstate_full_board_best_checkpoint,1964,1965,68.0
afterstate_full_board_best_checkpoint,1965,1966,101.0
afterstate_full_board_best_checkpoint,1966,1967,80.0
afterstate_full_board_best_checkpoint,1967,1968,106.0
afterstate_full_board_best_checkpoint,1968,1969,112.0
afterstate_full_board_best_checkpoint,1969,1970,98.0
afterstate_full_board_best_checkpoint,1970,1971,83.0
afterstate_full_board_best_checkpoint,1971,1972,102.0
afterstate_full_board_best_checkpoint,1972,1973,91.0
afterstate_full_board_best_checkpoint,1973,1974,86.0
afterstate_full_board_best_checkpoint,1974,1975,101.0
afterstate_full_board_best_checkpoint,1975,1976,138.0
afterstate_full_board_best_checkpoint,1976,1977,91.0
afterstate_full_board_best_checkpoint,1977,1978,83.0
afterstate_full_board_best_checkpoint,1978,1979,127.0
afterstate_full_board_best_checkpoint,1979,1980,59.0
afterstate_full_board_best_checkpoint,1980,1981,103.0
afterstate_full_board_best_checkpoint,1981,1982,84.0
afterstate_full_board_best_checkpoint,1982,1983,48.0
afterstate_full_board_best_checkpoint,1983,1984,130.0
afterstate_full_board_best_checkpoint,1984,1985,71.0
afterstate_full_board_best_checkpoint,1985,1986,86.0
afterstate_full_board_best_checkpoint,1986,1987,133.0
afterstate_full_board_best_checkpoint,1987,1988,65.0
afterstate_full_board_best_checkpoint,1988,1989,132.0
afterstate_full_board_best_checkpoint,1989,1990,101.0
afterstate_full_board_best_checkpoint,1990,1991,127.0
afterstate_full_board_best_checkpoint,1991,1992,106.0
afterstate_full_board_best_checkpoint,1992,1993,143.0
afterstate_full_board_best_checkpoint,1993,1994,126.0
afterstate_full_board_best_checkpoint,1994,1995,115.0
afterstate_full_board_best_checkpoint,1995,1996,91.0
afterstate_full_board_best_checkpoint,1996,1997,116.0
afterstate_full_board_best_checkpoint,1997,1998,113.0
afterstate_full_board_best_checkpoint,1998,1999,109.0
afterstate_full_board_best_checkpoint,1999,2000,116.0
