agent,episode_index,seed,score
afterstate_full_board,0,1,155.0
afterstate_full_board,1,2,144.0
afterstate_full_board,2,3,221.0
afterstate_full_board,3,4,156.0
afterstate_full_board,4,5,221.0
afterstate_full_board,5,6,176.0
afterstate_full_board,6,7,154.0
afterstate_full_board,7,8,188.0
afterstate_full_board,8,9,162.0
afterstate_full_board,9,10,132.0
afterstate_full_board,10,11,170.0
afterstate_full_board,11,12,169.0
afterstate_full_board,12,13,163.0
afterstate_full_board,13,14,185.0
afterstate_full_board,14,15,171.0
afterstate_full_board,15,16,155.0
afterstate_full_board,16,17,174.0
afterstate_full_board,17,18,146.0
afterstate_full_board,18,19,156.0
afterstate_full_board,19,20,191.0
afterstate_full_board,20,21,140.0
afterstate_full_board,21,22,168.0
afterstate_full_board,22,23,118.0
afterstate_full_board,23,24,167.0
afterstate_full_board,24,25,156.0
afterstate_full_board,25,26,130.0
afterstate_full_board,26,27,179.0
afterstate_full_board,27,28,139.0
afterstate_full_board,28,29,202.0
afterstate_full_board,29,30,165.0
afterstate_full_board,30,31,157.0
afterstate_full_board,31,32,160.0
afterstate_full_board,32,33,152.0
afterstate_full_board,33,34,154.0
afterstate_full_board,34,35,145.0
afterstate_full_board,35,36,179.0
afterstate_full_board,36,37,159.0
afterstate_full_board,37,38,145.0
afterstate_full_board,38,39,163.0
afterstate_full_board,39,40,148.0
afterstate_full_board,40,41,176.0
afterstate_full_board,41,42,146.0
afterstate_full_board,42,43,144.0
afterstate_full_board,43,44,154.0
afterstate_full_board,44,45,147.0
afterstate_full_board,45,46,133.0
afterstate_full_board,46,47,143.0
afterstate_full_board,47,48,136.0
afterstate_full_board,48,49,139.0
afterstate_full_board,49,50,170.0
afterstate_full_board,50,51,185.0
afterstate_full_board,51,52,163.0
afterstate_full_board,52,53,142.0
afterstate_full_board,53,54,159.0
afterstate_full_board,54,55,122.0
afterstate_full_board,55,56,179.0
afterstate_full_board,56,57,175.0
afterstate_full_board,57,58,129.0
afterstate_full_board,58,59,220.0
afterstate_full_board,59,60,183.0
afterstate_full_board,60,61,168.0
afterstate_full_board,61,62,114.0
afterstate_full_board,62,63,136.0
afterstate_full_board,63,64,172.0
afterstate_full_board,64,65,200.0
afterstate_full_board,65,66,129.0
afterstate_full_board,66,67,186.0
afterstate_full_board,67,68,141.0
afterstate_full_board,68,69,167.0
afterstate_full_board,69,70,107.0
afterstate_full_board,70,71,176.0
afterstate_full_board,71,72,218.0
afterstate_full_board,72,73,156.0
afterstate_full_board,73,74,137.0
afterstate_full_board,74,75,156.0
afterstate_full_board,75,76,104.0
afterstate_full_board,76,77,173.0
afterstate_full_board,77,78,133.0
afterstate_full_board,78,79,104.0
afterstate_full_board,79,80,145.0
afterstate_full_board,80,81,189.0
afterstate_full_board,81,82,150.0
afterstate_full_board,82,83,166.0
afterstate_full_board,83,84,224.0
afterstate_full_board,84,85,99.0
afterstate_full_board,85,86,124.0
afterstate_full_board,86,87,187.0
afterstate_full_board,87,88,137.0
afterstate_full_board,88,89,163.0
afterstate_full_board,89,90,197.0
afterstate_full_board,90,91,125.0
afterstate_full_board,91,92,170.0
afterstate_full_board,92,93,171.0
afterstate_full_board,93,94,142.0
afterstate_full_board,94,95,140.0
afterstate_full_board,95,96,173.0
afterstate_full_board,96,97,171.0
afterstate_full_board,97,98,122.0
afterstate_full_board,98,99,160.0
afterstate_full_board,99,100,208.0
afterstate_full_board,100,101,208.0
afterstate_full_board,101,102,152.0
afterstate_full_board,102,103,93.0
afterstate_full_board,103,104,93.0
afterstate_full_board,104,105,244.0
afterstate_full_board,105,106,232.0
afterstate_full_board,106,107,190.0
afterstate_full_board,107,108,172.0
afterstate_full_board,108,109,132.0
afterstate_full_board,109,110,158.0
afterstate_full_board,110,111,159.0
afterstate_full_board,111,112,159.0
afterstate_full_board,112,113,150.0
afterstate_full_board,113,114,179.0
afterstate_full_board,114,115,157.0
afterstate_full_board,115,116,174.0
afterstate_full_board,116,117,166.0
afterstate_full_board,117,118,153.0
afterstate_full_board,118,119,140.0
afterstate_full_board,119,120,134.0
afterstate_full_board,120,121,147.0
afterstate_full_board,121,122,167.0
afterstate_full_board,122,123,86.0
afterstate_full_board,123,124,157.0
afterstate_full_board,124,125,160.0
afterstate_full_board,125,126,166.0
afterstate_full_board,126,127,188.0
afterstate_full_board,127,128,150.0
afterstate_full_board,128,129,153.0
afterstate_full_board,129,130,152.0
afterstate_full_board,130,131,167.0
afterstate_full_board,131,132,148.0
afterstate_full_board,132,133,140.0
afterstate_full_board,133,134,112.0
afterstate_full_board,134,135,190.0
afterstate_full_board,135,136,175.0
afterstate_full_board,136,137,135.0
afterstate_full_board,137,138,169.0
afterstate_full_board,138,139,121.0
afterstate_full_board,139,140,111.0
afterstate_full_board,140,141,148.0
afterstate_full_board,141,142,100.0
afterstate_full_board,142,143,182.0
afterstate_full_board,143,144,154.0
afterstate_full_board,144,145,159.0
afterstate_full_board,145,146,169.0
afterstate_full_board,146,147,164.0
afterstate_full_board,147,148,199.0
afterstate_full_board,148,149,125.0
afterstate_full_board,149,150,119.0
afterstate_full_board,150,151,137.0
afterstate_full_board,151,152,182.0
afterstate_full_board,152,153,159.0
afterstate_full_board,153,154,159.0
afterstate_full_board,154,155,149.0
afterstate_full_board,155,156,142.0
afterstate_full_board,156,157,134.0
afterstate_full_board,157,158,145.0
afterstate_full_board,158,159,166.0
afterstate_full_board,159,160,223.0
afterstate_full_board,160,161,168.0
afterstate_full_board,161,162,115.0
afterstate_full_board,162,163,214.0
afterstate_full_board,163,164,146.0
afterstate_full_board,164,165,121.0
afterstate_full_board,165,166,176.0
afterstate_full_board,166,167,169.0
afterstate_full_board,167,168,148.0
afterstate_full_board,168,169,130.0
afterstate_full_board,169,170,134.0
afterstate_full_board,170,171,189.0
afterstate_full_board,171,172,184.0
afterstate_full_board,172,173,176.0
afterstate_full_board,173,174,143.0
afterstate_full_board,174,175,170.0
afterstate_full_board,175,176,134.0
afterstate_full_board,176,177,142.0
afterstate_full_board,177,178,188.0
afterstate_full_board,178,179,208.0
afterstate_full_board,179,180,213.0
afterstate_full_board,180,181,158.0
afterstate_full_board,181,182,135.0
afterstate_full_board,182,183,135.0
afterstate_full_board,183,184,88.0
afterstate_full_board,184,185,164.0
afterstate_full_board,185,186,184.0
afterstate_full_board,186,187,202.0
afterstate_full_board,187,188,152.0
afterstate_full_board,188,189,118.0
afterstate_full_board,189,190,190.0
afterstate_full_board,190,191,157.0
afterstate_full_board,191,192,114.0
afterstate_full_board,192,193,159.0
afterstate_full_board,193,194,177.0
afterstate_full_board,194,195,188.0
afterstate_full_board,195,196,134.0
afterstate_full_board,196,197,131.0
afterstate_full_board,197,198,192.0
afterstate_full_board,198,199,166.0
afterstate_full_board,199,200,179.0
afterstate_full_board,200,201,107.0
afterstate_full_board,201,202,134.0
afterstate_full_board,202,203,148.0
afterstate_full_board,203,204,144.0
afterstate_full_board,204,205,185.0
afterstate_full_board,205,206,160.0
afterstate_full_board,206,207,190.0
afterstate_full_board,207,208,175.0
afterstate_full_board,208,209,168.0
afterstate_full_board,209,210,210.0
afterstate_full_board,210,211,142.0
afterstate_full_board,211,212,155.0
afterstate_full_board,212,213,154.0
afterstate_full_board,213,214,168.0
afterstate_full_board,214,215,122.0
afterstate_full_board,215,216,118.0
afterstate_full_board,216,217,158.0
afterstate_full_board,217,218,151.0
afterstate_full_board,218,219,167.0
afterstate_full_board,219,220,172.0
afterstate_full_board,220,221,181.0
afterstate_full_board,221,222,220.0
afterstate_full_board,222,223,179.0
afterstate_full_board,223,224,167.0
afterstate_full_board,224,225,177.0
afterstate_full_board,225,226,164.0
afterstate_full_board,226,227,173.0
afterstate_full_board,227,228,148.0
afterstate_full_board,228,229,144.0
afterstate_full_board,229,230,126.0
afterstate_full_board,230,231,189.0
afterstate_full_board,231,232,161.0
afterstate_full_board,232,233,150.0
afterstate_full_board,233,234,185.0
afterstate_full_board,234,235,173.0
afterstate_full_board,235,236,157.0
afterstate_full_board,236,237,208.0
afterstate_full_board,237,238,113.0
afterstate_full_board,238,239,150.0
afterstate_full_board,239,240,201.0
afterstate_full_board,240,241,163.0
afterstate_full_board,241,242,160.0
afterstate_full_board,242,243,95.0
afterstate_full_board,243,244,174.0
afterstate_full_board,244,245,185.0
afterstate_full_board,245,246,173.0
afterstate_full_board,246,247,141.0
afterstate_full_board,247,248,239.0
afterstate_full_board,248,249,190.0
afterstate_full_board,249,250,142.0
afterstate_full_board,250,251,148.0
afterstate_full_board,251,252,178.0
afterstate_full_board,252,253,126.0
afterstate_full_board,253,254,132.0
afterstate_full_board,254,255,129.0
afterstate_full_board,255,256,161.0
afterstate_full_board,256,257,162.0
afterstate_full_board,257,258,162.0
afterstate_full_board,258,259,152.0
afterstate_full_board,259,260,159.0
afterstate_full_board,260,261,118.0
afterstate_full_board,261,262,151.0
afterstate_full_board,262,263,151.0
afterstate_full_board,263,264,154.0
afterstate_full_board,264,265,155.0
afterstate_full_board,265,266,137.0
afterstate_full_board,266,267,122.0
afterstate_full_board,267,268,155.0
afterstate_full_board,268,269,177.0
afterstate_full_board,269,270,156.0
afterstate_full_board,270,271,175.0
afterstate_full_board,271,272,155.0
afterstate_full_board,272,273,109.0
afterstate_full_board,273,274,147.0
afterstate_full_board,274,275,147.0
afterstate_full_board,275,276,172.0
afterstate_full_board,276,277,159.0
afterstate_full_board,277,278,153.0
afterstate_full_board,278,279,164.0
afterstate_full_board,279,280,189.0
afterstate_full_board,280,281,171.0
afterstate_full_board,281,282,154.0
afterstate_full_board,282,283,167.0
afterstate_full_board,283,284,194.0
afterstate_full_board,284,285,160.0
afterstate_full_board,285,286,160.0
afterstate_full_board,286,287,128.0
afterstate_full_board,287,288,196.0
afterstate_full_board,288,289,158.0
afterstate_full_board,289,290,208.0
afterstate_full_board,290,291,147.0
afterstate_full_board,291,292,145.0
afterstate_full_board,292,293,142.0
afterstate_full_board,293,294,132.0
afterstate_full_board,294,295,136.0
afterstate_full_board,295,296,173.0
afterstate_full_board,296,297,178.0
afterstate_full_board,297,298,192.0
afterstate_full_board,298,299,176.0
afterstate_full_board,299,300,163.0
afterstate_full_board,300,301,165.0
afterstate_full_board,301,302,144.0
afterstate_full_board,302,303,154.0
afterstate_full_board,303,304,175.0
afterstate_full_board,304,305,180.0
afterstate_full_board,305,306,118.0
afterstate_full_board,306,307,170.0
afterstate_full_board,307,308,166.0
afterstate_full_board,308,309,164.0
afterstate_full_board,309,310,87.0
afterstate_full_board,310,311,205.0
afterstate_full_board,311,312,188.0
afterstate_full_board,312,313,164.0
afterstate_full_board,313,314,178.0
afterstate_full_board,314,315,189.0
afterstate_full_board,315,316,152.0
afterstate_full_board,316,317,167.0
afterstate_full_board,317,318,185.0
afterstate_full_board,318,319,113.0
afterstate_full_board,319,320,126.0
afterstate_full_board,320,321,155.0
afterstate_full_board,321,322,206.0
afterstate_full_board,322,323,199.0
afterstate_full_board,323,324,166.0
afterstate_full_board,324,325,161.0
afterstate_full_board,325,326,170.0
afterstate_full_board,326,327,130.0
afterstate_full_board,327,328,206.0
afterstate_full_board,328,329,137.0
afterstate_full_board,329,330,137.0
afterstate_full_board,330,331,157.0
afterstate_full_board,331,332,97.0
afterstate_full_board,332,333,153.0
afterstate_full_board,333,334,193.0
afterstate_full_board,334,335,156.0
afterstate_full_board,335,336,166.0
afterstate_full_board,336,337,179.0
afterstate_full_board,337,338,134.0
afterstate_full_board,338,339,191.0
afterstate_full_board,339,340,174.0
afterstate_full_board,340,341,129.0
afterstate_full_board,341,342,153.0
afterstate_full_board,342,343,160.0
afterstate_full_board,343,344,146.0
afterstate_full_board,344,345,165.0
afterstate_full_board,345,346,174.0
afterstate_full_board,346,347,208.0
afterstate_full_board,347,348,109.0
afterstate_full_board,348,349,162.0
afterstate_full_board,349,350,142.0
afterstate_full_board,350,351,136.0
afterstate_full_board,351,352,199.0
afterstate_full_board,352,353,126.0
afterstate_full_board,353,354,193.0
afterstate_full_board,354,355,148.0
afterstate_full_board,355,356,136.0
afterstate_full_board,356,357,172.0
afterstate_full_board,357,358,161.0
afterstate_full_board,358,359,195.0
afterstate_full_board,359,360,213.0
afterstate_full_board,360,361,152.0
afterstate_full_board,361,362,164.0
afterstate_full_board,362,363,175.0
afterstate_full_board,363,364,184.0
afterstate_full_board,364,365,134.0
afterstate_full_board,365,366,106.0
afterstate_full_board,366,367,169.0
afterstate_full_board,367,368,190.0
afterstate_full_board,368,369,142.0
afterstate_full_board,369,370,184.0
afterstate_full_board,370,371,130.0
afterstate_full_board,371,372,153.0
afterstate_full_board,372,373,221.0
afterstate_full_board,373,374,135.0
afterstate_full_board,374,375,141.0
afterstate_full_board,375,376,89.0
afterstate_full_board,376,377,153.0
afterstate_full_board,377,378,152.0
afterstate_full_board,378,379,163.0
afterstate_full_board,379,380,134.0
afterstate_full_board,380,381,187.0
afterstate_full_board,381,382,186.0
afterstate_full_board,382,383,156.0
afterstate_full_board,383,384,180.0
afterstate_full_board,384,385,151.0
afterstate_full_board,385,386,137.0
afterstate_full_board,386,387,157.0
afterstate_full_board,387,388,149.0
afterstate_full_board,388,389,144.0
afterstate_full_board,389,390,157.0
afterstate_full_board,390,391,203.0
afterstate_full_board,391,392,132.0
afterstate_full_board,392,393,195.0
afterstate_full_board,393,394,173.0
afterstate_full_board,394,395,96.0
afterstate_full_board,395,396,115.0
afterstate_full_board,396,397,148.0
afterstate_full_board,397,398,149.0
afterstate_full_board,398,399,185.0
afterstate_full_board,399,400,139.0
afterstate_full_board,400,401,165.0
afterstate_full_board,401,402,133.0
afterstate_full_board,402,403,177.0
afterstate_full_board,403,404,175.0
afterstate_full_board,404,405,149.0
afterstate_full_board,405,406,195.0
afterstate_full_board,406,407,178.0
afterstate_full_board,407,408,183.0
afterstate_full_board,408,409,160.0
afterstate_full_board,409,410,138.0
afterstate_full_board,410,411,156.0
afterstate_full_board,411,412,140.0
afterstate_full_board,412,413,118.0
afterstate_full_board,413,414,155.0
afterstate_full_board,414,415,183.0
afterstate_full_board,415,416,184.0
afterstate_full_board,416,417,148.0
afterstate_full_board,417,418,148.0
afterstate_full_board,418,419,213.0
afterstate_full_board,419,420,119.0
afterstate_full_board,420,421,153.0
afterstate_full_board,421,422,145.0
afterstate_full_board,422,423,156.0
afterstate_full_board,423,424,176.0
afterstate_full_board,424,425,142.0
afterstate_full_board,425,426,200.0
afterstate_full_board,426,427,173.0
afterstate_full_board,427,428,121.0
afterstate_full_board,428,429,160.0
afterstate_full_board,429,430,161.0
afterstate_full_board,430,431,164.0
afterstate_full_board,431,432,200.0
afterstate_full_board,432,433,193.0
afterstate_full_board,433,434,152.0
afterstate_full_board,434,435,133.0
afterstate_full_board,435,436,150.0
afterstate_full_board,436,437,198.0
afterstate_full_board,437,438,179.0
afterstate_full_board,438,439,78.0
afterstate_full_board,439,440,185.0
afterstate_full_board,440,441,180.0
afterstate_full_board,441,442,175.0
afterstate_full_board,442,443,186.0
afterstate_full_board,443,444,151.0
afterstate_full_board,444,445,91.0
afterstate_full_board,445,446,197.0
afterstate_full_board,446,447,150.0
afterstate_full_board,447,448,127.0
afterstate_full_board,448,449,126.0
afterstate_full_board,449,450,135.0
afterstate_full_board,450,451,211.0
afterstate_full_board,451,452,164.0
afterstate_full_board,452,453,172.0
afterstate_full_board,453,454,174.0
afterstate_full_board,454,455,112.0
afterstate_full_board,455,456,110.0
afterstate_full_board,456,457,216.0
afterstate_full_board,457,458,187.0
afterstate_full_board,458,459,212.0
afterstate_full_board,459,460,138.0
afterstate_full_board,460,461,187.0
afterstate_full_board,461,462,113.0
afterstate_full_board,462,463,146.0
afterstate_full_board,463,464,181.0
afterstate_full_board,464,465,175.0
afterstate_full_board,465,466,165.0
afterstate_full_board,466,467,168.0
afterstate_full_board,467,468,146.0
afterstate_full_board,468,469,173.0
afterstate_full_board,469,470,169.0
afterstate_full_board,470,471,126.0
afterstate_full_board,471,472,170.0
afterstate_full_board,472,473,188.0
afterstate_full_board,473,474,199.0
afterstate_full_board,474,475,142.0
afterstate_full_board,475,476,156.0
afterstate_full_board,476,477,182.0
afterstate_full_board,477,478,199.0
afterstate_full_board,478,479,149.0
afterstate_full_board,479,480,125.0
afterstate_full_board,480,481,210.0
afterstate_full_board,481,482,162.0
afterstate_full_board,482,483,212.0
afterstate_full_board,483,484,159.0
afterstate_full_board,484,485,170.0
afterstate_full_board,485,486,175.0
afterstate_full_board,486,487,162.0
afterstate_full_board,487,488,171.0
afterstate_full_board,488,489,131.0
afterstate_full_board,489,490,170.0
afterstate_full_board,490,491,147.0
afterstate_full_board,491,492,148.0
afterstate_full_board,492,493,179.0
afterstate_full_board,493,494,143.0
afterstate_full_board,494,495,179.0
afterstate_full_board,495,496,143.0
afterstate_full_board,496,497,145.0
afterstate_full_board,497,498,187.0
afterstate_full_board,498,499,174.0
afterstate_full_board,499,500,106.0
afterstate_full_board,500,501,160.0
afterstate_full_board,501,502,149.0
afterstate_full_board,502,503,150.0
afterstate_full_board,503,504,213.0
afterstate_full_board,504,505,172.0
afterstate_full_board,505,506,170.0
afterstate_full_board,506,507,149.0
afterstate_full_board,507,508,143.0
afterstate_full_board,508,509,165.0
afterstate_full_board,509,510,133.0
afterstate_full_board,510,511,183.0
afterstate_full_board,511,512,123.0
afterstate_full_board,512,513,178.0
afterstate_full_board,513,514,154.0
afterstate_full_board,514,515,147.0
afterstate_full_board,515,516,170.0
afterstate_full_board,516,517,167.0
afterstate_full_board,517,518,184.0
afterstate_full_board,518,519,129.0
afterstate_full_board,519,520,189.0
afterstate_full_board,520,521,135.0
afterstate_full_board,521,522,135.0
afterstate_full_board,522,523,181.0
afterstate_full_board,523,524,152.0
afterstate_full_board,524,525,179.0
afterstate_full_board,525,526,163.0
afterstate_full_board,526,527,161.0
afterstate_full_board,527,528,135.0
afterstate_full_board,528,529,167.0
afterstate_full_board,529,530,148.0
afterstate_full_board,530,531,162.0
afterstate_full_board,531,532,156.0
afterstate_full_board,532,533,166.0
afterstate_full_board,533,534,145.0
afterstate_full_board,534,535,196.0
afterstate_full_board,535,536,128.0
afterstate_full_board,536,537,162.0
afterstate_full_board,537,538,176.0
afterstate_full_board,538,539,168.0
afterstate_full_board,539,540,157.0
afterstate_full_board,540,541,151.0
afterstate_full_board,541,542,148.0
afterstate_full_board,542,543,186.0
afterstate_full_board,543,544,122.0
afterstate_full_board,544,545,141.0
afterstate_full_board,545,546,174.0
afterstate_full_board,546,547,155.0
afterstate_full_board,547,548,191.0
afterstate_full_board,548,549,184.0
afterstate_full_board,549,550,172.0
afterstate_full_board,550,551,148.0
afterstate_full_board,551,552,203.0
afterstate_full_board,552,553,165.0
afterstate_full_board,553,554,163.0
afterstate_full_board,554,555,169.0
afterstate_full_board,555,556,171.0
afterstate_full_board,556,557,147.0
afterstate_full_board,557,558,151.0
afterstate_full_board,558,559,114.0
afterstate_full_board,559,560,160.0
afterstate_full_board,560,561,199.0
afterstate_full_board,561,562,159.0
afterstate_full_board,562,563,168.0
afterstate_full_board,563,564,160.0
afterstate_full_board,564,565,157.0
afterstate_full_board,565,566,190.0
afterstate_full_board,566,567,128.0
afterstate_full_board,567,568,194.0
afterstate_full_board,568,569,192.0
afterstate_full_board,569,570,125.0
afterstate_full_board,570,571,163.0
afterstate_full_board,571,572,125.0
afterstate_full_board,572,573,161.0
afterstate_full_board,573,574,197.0
afterstate_full_board,574,575,189.0
afterstate_full_board,575,576,126.0
afterstate_full_board,576,577,156.0
afterstate_full_board,577,578,150.0
afterstate_full_board,578,579,186.0
afterstate_full_board,579,580,143.0
afterstate_full_board,580,581,138.0
afterstate_full_board,581,582,184.0
afterstate_full_board,582,583,130.0
afterstate_full_board,583,584,152.0
afterstate_full_board,584,585,143.0
afterstate_full_board,585,586,90.0
afterstate_full_board,586,587,126.0
afterstate_full_board,587,588,177.0
afterstate_full_board,588,589,188.0
afterstate_full_board,589,590,134.0
afterstate_full_board,590,591,122.0
afterstate_full_board,591,592,150.0
afterstate_full_board,592,593,162.0
afterstate_full_board,593,594,155.0
afterstate_full_board,594,595,153.0
afterstate_full_board,595,596,177.0
afterstate_full_board,596,597,158.0
afterstate_full_board,597,598,174.0
afterstate_full_board,598,599,172.0
afterstate_full_board,599,600,158.0
afterstate_full_board,600,601,116.0
afterstate_full_board,601,602,149.0
afterstate_full_board,602,603,143.0
afterstate_full_board,603,604,153.0
afterstate_full_board,604,605,210.0
afterstate_full_board,605,606,211.0
afterstate_full_board,606,607,173.0
afterstate_full_board,607,608,150.0
afterstate_full_board,608,609,142.0
afterstate_full_board,609,610,160.0
afterstate_full_board,610,611,148.0
afterstate_full_board,611,612,168.0
afterstate_full_board,612,613,164.0
afterstate_full_board,613,614,194.0
afterstate_full_board,614,615,168.0
afterstate_full_board,615,616,200.0
afterstate_full_board,616,617,124.0
afterstate_full_board,617,618,176.0
afterstate_full_board,618,619,176.0
afterstate_full_board,619,620,205.0
afterstate_full_board,620,621,146.0
afterstate_full_board,621,622,172.0
afterstate_full_board,622,623,182.0
afterstate_full_board,623,624,161.0
afterstate_full_board,624,625,170.0
afterstate_full_board,625,626,162.0
afterstate_full_board,626,627,130.0
afterstate_full_board,627,628,204.0
afterstate_full_board,628,629,150.0
afterstate_full_board,629,630,180.0
afterstate_full_board,630,631,173.0
afterstate_full_board,631,632,176.0
afterstate_full_board,632,633,195.0
afterstate_full_board,633,634,141.0
afterstate_full_board,634,635,161.0
afterstate_full_board,635,636,163.0
afterstate_full_board,636,637,163.0
afterstate_full_board,637,638,119.0
afterstate_full_board,638,639,163.0
afterstate_full_board,639,640,165.0
afterstate_full_board,640,641,93.0
afterstate_full_board,641,642,173.0
afterstate_full_board,642,643,161.0
afterstate_full_board,643,644,127.0
afterstate_full_board,644,645,155.0
afterstate_full_board,645,646,149.0
afterstate_full_board,646,647,129.0
afterstate_full_board,647,648,156.0
afterstate_full_board,648,649,157.0
afterstate_full_board,649,650,212.0
afterstate_full_board,650,651,200.0
afterstate_full_board,651,652,169.0
afterstate_full_board,652,653,139.0
afterstate_full_board,653,654,184.0
afterstate_full_board,654,655,158.0
afterstate_full_board,655,656,123.0
afterstate_full_board,656,657,153.0
afterstate_full_board,657,658,171.0
afterstate_full_board,658,659,191.0
afterstate_full_board,659,660,213.0
afterstate_full_board,660,661,130.0
afterstate_full_board,661,662,188.0
afterstate_full_board,662,663,156.0
afterstate_full_board,663,664,137.0
afterstate_full_board,664,665,183.0
afterstate_full_board,665,666,184.0
afterstate_full_board,666,667,167.0
afterstate_full_board,667,668,152.0
afterstate_full_board,668,669,138.0
afterstate_full_board,669,670,158.0
afterstate_full_board,670,671,164.0
afterstate_full_board,671,672,171.0
afterstate_full_board,672,673,135.0
afterstate_full_board,673,674,152.0
afterstate_full_board,674,675,161.0
afterstate_full_board,675,676,177.0
afterstate_full_board,676,677,133.0
afterstate_full_board,677,678,199.0
afterstate_full_board,678,679,155.0
afterstate_full_board,679,680,190.0
afterstate_full_board,680,681,173.0
afterstate_full_board,681,682,204.0
afterstate_full_board,682,683,155.0
afterstate_full_board,683,684,136.0
afterstate_full_board,684,685,131.0
afterstate_full_board,685,686,177.0
afterstate_full_board,686,687,177.0
afterstate_full_board,687,688,166.0
afterstate_full_board,688,689,176.0
afterstate_full_board,689,690,200.0
afterstate_full_board,690,691,196.0
afterstate_full_board,691,692,162.0
afterstate_full_board,692,693,138.0
afterstate_full_board,693,694,185.0
afterstate_full_board,694,695,221.0
afterstate_full_board,695,696,210.0
afterstate_full_board,696,697,181.0
afterstate_full_board,697,698,109.0
afterstate_full_board,698,699,163.0
afterstate_full_board,699,700,170.0
afterstate_full_board,700,701,193.0
afterstate_full_board,701,702,105.0
afterstate_full_board,702,703,201.0
afterstate_full_board,703,704,153.0
afterstate_full_board,704,705,182.0
afterstate_full_board,705,706,165.0
afterstate_full_board,706,707,104.0
afterstate_full_board,707,708,146.0
afterstate_full_board,708,709,166.0
afterstate_full_board,709,710,177.0
afterstate_full_board,710,711,181.0
afterstate_full_board,711,712,192.0
afterstate_full_board,712,713,164.0
afterstate_full_board,713,714,220.0
afterstate_full_board,714,715,175.0
afterstate_full_board,715,716,156.0
afterstate_full_board,716,717,183.0
afterstate_full_board,717,718,159.0
afterstate_full_board,718,719,190.0
afterstate_full_board,719,720,165.0
afterstate_full_board,720,721,153.0
afterstate_full_board,721,722,105.0
afterstate_full_board,722,723,177.0
afterstate_full_board,723,724,184.0
afterstate_full_board,724,725,192.0
afterstate_full_board,725,726,137.0
afterstate_full_board,726,727,140.0
afterstate_full_board,727,728,186.0
afterstate_full_board,728,729,122.0
afterstate_full_board,729,730,171.0
afterstate_full_board,730,731,151.0
afterstate_full_board,731,732,169.0
afterstate_full_board,732,733,166.0
afterstate_full_board,733,734,172.0
afterstate_full_board,734,735,111.0
afterstate_full_board,735,736,168.0
afterstate_full_board,736,737,172.0
afterstate_full_board,737,738,164.0
afterstate_full_board,738,739,213.0
afterstate_full_board,739,740,125.0
afterstate_full_board,740,741,140.0
afterstate_full_board,741,742,155.0
afterstate_full_board,742,743,143.0
afterstate_full_board,743,744,143.0
afterstate_full_board,744,745,174.0
afterstate_full_board,745,746,143.0
afterstate_full_board,746,747,179.0
afterstate_full_board,747,748,212.0
afterstate_full_board,748,749,165.0
afterstate_full_board,749,750,125.0
afterstate_full_board,750,751,145.0
afterstate_full_board,751,752,189.0
afterstate_full_board,752,753,160.0
afterstate_full_board,753,754,154.0
afterstate_full_board,754,755,175.0
afterstate_full_board,755,756,157.0
afterstate_full_board,756,757,184.0
afterstate_full_board,757,758,116.0
afterstate_full_board,758,759,116.0
afterstate_full_board,759,760,187.0
afterstate_full_board,760,761,137.0
afterstate_full_board,761,762,180.0
afterstate_full_board,762,763,173.0
afterstate_full_board,763,764,136.0
afterstate_full_board,764,765,197.0
afterstate_full_board,765,766,175.0
afterstate_full_board,766,767,168.0
afterstate_full_board,767,768,179.0
afterstate_full_board,768,769,196.0
afterstate_full_board,769,770,162.0
afterstate_full_board,770,771,153.0
afterstate_full_board,771,772,161.0
afterstate_full_board,772,773,152.0
afterstate_full_board,773,774,162.0
afterstate_full_board,774,775,129.0
afterstate_full_board,775,776,155.0
afterstate_full_board,776,777,121.0
afterstate_full_board,777,778,164.0
afterstate_full_board,778,779,156.0
afterstate_full_board,779,780,163.0
afterstate_full_board,780,781,189.0
afterstate_full_board,781,782,243.0
afterstate_full_board,782,783,126.0
afterstate_full_board,783,784,170.0
afterstate_full_board,784,785,204.0
afterstate_full_board,785,786,150.0
afterstate_full_board,786,787,139.0
afterstate_full_board,787,788,217.0
afterstate_full_board,788,789,155.0
afterstate_full_board,789,790,173.0
afterstate_full_board,790,791,135.0
afterstate_full_board,791,792,142.0
afterstate_full_board,792,793,177.0
afterstate_full_board,793,794,154.0
afterstate_full_board,794,795,141.0
afterstate_full_board,795,796,204.0
afterstate_full_board,796,797,131.0
afterstate_full_board,797,798,167.0
afterstate_full_board,798,799,195.0
afterstate_full_board,799,800,107.0
afterstate_full_board,800,801,183.0
afterstate_full_board,801,802,154.0
afterstate_full_board,802,803,132.0
afterstate_full_board,803,804,156.0
afterstate_full_board,804,805,119.0
afterstate_full_board,805,806,150.0
afterstate_full_board,806,807,190.0
afterstate_full_board,807,808,133.0
afterstate_full_board,808,809,126.0
afterstate_full_board,809,810,187.0
afterstate_full_board,810,811,168.0
afterstate_full_board,811,812,185.0
afterstate_full_board,812,813,151.0
afterstate_full_board,813,814,123.0
afterstate_full_board,814,815,115.0
afterstate_full_board,815,816,145.0
afterstate_full_board,816,817,158.0
afterstate_full_board,817,818,172.0
afterstate_full_board,818,819,142.0
afterstate_full_board,819,820,150.0
afterstate_full_board,820,821,122.0
afterstate_full_board,821,822,107.0
afterstate_full_board,822,823,158.0
afterstate_full_board,823,824,164.0
afterstate_full_board,824,825,146.0
afterstate_full_board,825,826,138.0
afterstate_full_board,826,827,179.0
afterstate_full_board,827,828,141.0
afterstate_full_board,828,829,162.0
afterstate_full_board,829,830,145.0
afterstate_full_board,830,831,154.0
afterstate_full_board,831,832,98.0
afterstate_full_board,832,833,154.0
afterstate_full_board,833,834,176.0
afterstate_full_board,834,835,170.0
afterstate_full_board,835,836,216.0
afterstate_full_board,836,837,163.0
afterstate_full_board,837,838,190.0
afterstate_full_board,838,839,182.0
afterstate_full_board,839,840,167.0
afterstate_full_board,840,841,122.0
afterstate_full_board,841,842,168.0
afterstate_full_board,842,843,175.0
afterstate_full_board,843,844,122.0
afterstate_full_board,844,845,165.0
afterstate_full_board,845,846,187.0
afterstate_full_board,846,847,187.0
afterstate_full_board,847,848,177.0
afterstate_full_board,848,849,141.0
afterstate_full_board,849,850,174.0
afterstate_full_board,850,851,148.0
afterstate_full_board,851,852,168.0
afterstate_full_board,852,853,110.0
afterstate_full_board,853,854,162.0
afterstate_full_board,854,855,152.0
afterstate_full_board,855,856,87.0
afterstate_full_board,856,857,139.0
afterstate_full_board,857,858,167.0
afterstate_full_board,858,859,159.0
afterstate_full_board,859,860,168.0
afterstate_full_board,860,861,142.0
afterstate_full_board,861,862,207.0
afterstate_full_board,862,863,176.0
afterstate_full_board,863,864,163.0
afterstate_full_board,864,865,161.0
afterstate_full_board,865,866,167.0
afterstate_full_board,866,867,152.0
afterstate_full_board,867,868,156.0
afterstate_full_board,868,869,137.0
afterstate_full_board,869,870,136.0
afterstate_full_board,870,871,212.0
afterstate_full_board,871,872,186.0
afterstate_full_board,872,873,151.0
afterstate_full_board,873,874,158.0
afterstate_full_board,874,875,165.0
afterstate_full_board,875,876,120.0
afterstate_full_board,876,877,131.0
afterstate_full_board,877,878,125.0
afterstate_full_board,878,879,129.0
afterstate_full_board,879,880,138.0
afterstate_full_board,880,881,113.0
afterstate_full_board,881,882,164.0
afterstate_full_board,882,883,138.0
afterstate_full_board,883,884,170.0
afterstate_full_board,884,885,111.0
afterstate_full_board,885,886,156.0
afterstate_full_board,886,887,180.0
afterstate_full_board,887,888,137.0
afterstate_full_board,888,889,131.0
afterstate_full_board,889,890,139.0
afterstate_full_board,890,891,175.0
afterstate_full_board,891,892,196.0
afterstate_full_board,892,893,155.0
afterstate_full_board,893,894,187.0
afterstate_full_board,894,895,180.0
afterstate_full_board,895,896,161.0
afterstate_full_board,896,897,193.0
afterstate_full_board,897,898,133.0
afterstate_full_board,898,899,169.0
afterstate_full_board,899,900,165.0
afterstate_full_board,900,901,147.0
afterstate_full_board,901,902,170.0
afterstate_full_board,902,903,173.0
afterstate_full_board,903,904,177.0
afterstate_full_board,904,905,135.0
afterstate_full_board,905,906,188.0
afterstate_full_board,906,907,164.0
afterstate_full_board,907,908,148.0
afterstate_full_board,908,909,146.0
afterstate_full_board,909,910,162.0
afterstate_full_board,910,911,171.0
afterstate_full_board,911,912,151.0
afterstate_full_board,912,913,131.0
afterstate_full_board,913,914,162.0
afterstate_full_board,914,915,150.0
afterstate_full_board,915,916,175.0
afterstate_full_board,916,917,103.0
afterstate_full_board,917,918,156.0
afterstate_full_board,918,919,192.0
afterstate_full_board,919,920,204.0
afterstate_full_board,920,921,165.0
afterstate_full_board,921,922,167.0
afterstate_full_board,922,923,155.0
afterstate_full_board,923,924,161.0
afterstate_full_board,924,925,148.0
afterstate_full_board,925,926,182.0
afterstate_full_board,926,927,205.0
afterstate_full_board,927,928,255.0
afterstate_full_board,928,929,158.0
afterstate_full_board,929,930,95.0
afterstate_full_board,930,931,207.0
afterstate_full_board,931,932,176.0
afterstate_full_board,932,933,155.0
afterstate_full_board,933,934,131.0
afterstate_full_board,934,935,154.0
afterstate_full_board,935,936,169.0
afterstate_full_board,936,937,137.0
afterstate_full_board,937,938,189.0
afterstate_full_board,938,939,185.0
afterstate_full_board,939,940,152.0
afterstate_full_board,940,941,164.0
afterstate_full_board,941,942,147.0
afterstate_full_board,942,943,185.0
afterstate_full_board,943,944,130.0
afterstate_full_board,944,945,157.0
afterstate_full_board,945,946,156.0
afterstate_full_board,946,947,190.0
afterstate_full_board,947,948,160.0
afterstate_full_board,948,949,128.0
afterstate_full_board,949,950,84.0
afterstate_full_board,950,951,207.0
afterstate_full_board,951,952,111.0
afterstate_full_board,952,953,91.0
afterstate_full_board,953,954,203.0
afterstate_full_board,954,955,133.0
afterstate_full_board,955,956,136.0
afterstate_full_board,956,957,177.0
afterstate_full_board,957,958,157.0
afterstate_full_board,958,959,159.0
afterstate_full_board,959,960,156.0
afterstate_full_board,960,961,175.0
afterstate_full_board,961,962,183.0
afterstate_full_board,962,963,131.0
afterstate_full_board,963,964,123.0
afterstate_full_board,964,965,130.0
afterstate_full_board,965,966,179.0
afterstate_full_board,966,967,139.0
afterstate_full_board,967,968,102.0
afterstate_full_board,968,969,164.0
afterstate_full_board,969,970,126.0
afterstate_full_board,970,971,184.0
afterstate_full_board,971,972,189.0
afterstate_full_board,972,973,185.0
afterstate_full_board,973,974,201.0
afterstate_full_board,974,975,187.0
afterstate_full_board,975,976,158.0
afterstate_full_board,976,977,199.0
afterstate_full_board,977,978,201.0
afterstate_full_board,978,979,152.0
afterstate_full_board,979,980,156.0
afterstate_full_board,980,981,184.0
afterstate_full_board,981,982,167.0
afterstate_full_board,982,983,155.0
afterstate_full_board,983,984,158.0
afterstate_full_board,984,985,133.0
afterstate_full_board,985,986,103.0
afterstate_full_board,986,987,158.0
afterstate_full_board,987,988,162.0
afterstate_full_board,988,989,117.0
afterstate_full_board,989,990,122.0
afterstate_full_board,990,991,199.0
afterstate_full_board,991,992,211.0
afterstate_full_board,992,993,132.0
afterstate_full_board,993,994,187.0
afterstate_full_board,994,995,162.0
afterstate_full_board,995,996,197.0
afterstate_full_board,996,997,159.0
afterstate_full_board,997,998,118.0
afterstate_full_board,998,999,182.0
afterstate_full_board,999,1000,196.0
afterstate_full_board,1000,1001,152.0
afterstate_full_board,1001,1002,206.0
afterstate_full_board,1002,1003,150.0
afterstate_full_board,1003,1004,175.0
afterstate_full_board,1004,1005,183.0
afterstate_full_board,1005,1006,151.0
afterstate_full_board,1006,1007,158.0
afterstate_full_board,1007,1008,189.0
afterstate_full_board,1008,1009,180.0
afterstate_full_board,1009,1010,146.0
afterstate_full_board,1010,1011,156.0
afterstate_full_board,1011,1012,164.0
afterstate_full_board,1012,1013,181.0
afterstate_full_board,1013,1014,157.0
afterstate_full_board,1014,1015,188.0
afterstate_full_board,1015,1016,202.0
afterstate_full_board,1016,1017,165.0
afterstate_full_board,1017,1018,86.0
afterstate_full_board,1018,1019,148.0
afterstate_full_board,1019,1020,142.0
afterstate_full_board,1020,1021,204.0
afterstate_full_board,1021,1022,173.0
afterstate_full_board,1022,1023,153.0
afterstate_full_board,1023,1024,171.0
afterstate_full_board,1024,1025,199.0
afterstate_full_board,1025,1026,170.0
afterstate_full_board,1026,1027,138.0
afterstate_full_board,1027,1028,184.0
afterstate_full_board,1028,1029,186.0
afterstate_full_board,1029,1030,200.0
afterstate_full_board,1030,1031,152.0
afterstate_full_board,1031,1032,158.0
afterstate_full_board,1032,1033,197.0
afterstate_full_board,1033,1034,200.0
afterstate_full_board,1034,1035,159.0
afterstate_full_board,1035,1036,183.0
afterstate_full_board,1036,1037,190.0
afterstate_full_board,1037,1038,172.0
afterstate_full_board,1038,1039,184.0
afterstate_full_board,1039,1040,180.0
afterstate_full_board,1040,1041,171.0
afterstate_full_board,1041,1042,156.0
afterstate_full_board,1042,1043,162.0
afterstate_full_board,1043,1044,161.0
afterstate_full_board,1044,1045,148.0
afterstate_full_board,1045,1046,165.0
afterstate_full_board,1046,1047,138.0
afterstate_full_board,1047,1048,151.0
afterstate_full_board,1048,1049,172.0
afterstate_full_board,1049,1050,125.0
afterstate_full_board,1050,1051,172.0
afterstate_full_board,1051,1052,192.0
afterstate_full_board,1052,1053,149.0
afterstate_full_board,1053,1054,150.0
afterstate_full_board,1054,1055,163.0
afterstate_full_board,1055,1056,188.0
afterstate_full_board,1056,1057,153.0
afterstate_full_board,1057,1058,194.0
afterstate_full_board,1058,1059,167.0
afterstate_full_board,1059,1060,158.0
afterstate_full_board,1060,1061,138.0
afterstate_full_board,1061,1062,157.0
afterstate_full_board,1062,1063,147.0
afterstate_full_board,1063,1064,163.0
afterstate_full_board,1064,1065,171.0
afterstate_full_board,1065,1066,173.0
afterstate_full_board,1066,1067,201.0
afterstate_full_board,1067,1068,112.0
afterstate_full_board,1068,1069,219.0
afterstate_full_board,1069,1070,131.0
afterstate_full_board,1070,1071,247.0
afterstate_full_board,1071,1072,141.0
afterstate_full_board,1072,1073,180.0
afterstate_full_board,1073,1074,154.0
afterstate_full_board,1074,1075,162.0
afterstate_full_board,1075,1076,138.0
afterstate_full_board,1076,1077,177.0
afterstate_full_board,1077,1078,99.0
afterstate_full_board,1078,1079,155.0
afterstate_full_board,1079,1080,185.0
afterstate_full_board,1080,1081,165.0
afterstate_full_board,1081,1082,168.0
afterstate_full_board,1082,1083,185.0
afterstate_full_board,1083,1084,193.0
afterstate_full_board,1084,1085,192.0
afterstate_full_board,1085,1086,101.0
afterstate_full_board,1086,1087,153.0
afterstate_full_board,1087,1088,170.0
afterstate_full_board,1088,1089,134.0
afterstate_full_board,1089,1090,119.0
afterstate_full_board,1090,1091,169.0
afterstate_full_board,1091,1092,135.0
afterstate_full_board,1092,1093,173.0
afterstate_full_board,1093,1094,148.0
afterstate_full_board,1094,1095,137.0
afterstate_full_board,1095,1096,152.0
afterstate_full_board,1096,1097,201.0
afterstate_full_board,1097,1098,158.0
afterstate_full_board,1098,1099,124.0
afterstate_full_board,1099,1100,201.0
afterstate_full_board,1100,1101,221.0
afterstate_full_board,1101,1102,157.0
afterstate_full_board,1102,1103,146.0
afterstate_full_board,1103,1104,171.0
afterstate_full_board,1104,1105,156.0
afterstate_full_board,1105,1106,154.0
afterstate_full_board,1106,1107,140.0
afterstate_full_board,1107,1108,172.0
afterstate_full_board,1108,1109,106.0
afterstate_full_board,1109,1110,179.0
afterstate_full_board,1110,1111,157.0
afterstate_full_board,1111,1112,193.0
afterstate_full_board,1112,1113,207.0
afterstate_full_board,1113,1114,168.0
afterstate_full_board,1114,1115,145.0
afterstate_full_board,1115,1116,181.0
afterstate_full_board,1116,1117,173.0
afterstate_full_board,1117,1118,142.0
afterstate_full_board,1118,1119,179.0
afterstate_full_board,1119,1120,161.0
afterstate_full_board,1120,1121,142.0
afterstate_full_board,1121,1122,135.0
afterstate_full_board,1122,1123,221.0
afterstate_full_board,1123,1124,197.0
afterstate_full_board,1124,1125,162.0
afterstate_full_board,1125,1126,166.0
afterstate_full_board,1126,1127,157.0
afterstate_full_board,1127,1128,131.0
afterstate_full_board,1128,1129,101.0
afterstate_full_board,1129,1130,120.0
afterstate_full_board,1130,1131,177.0
afterstate_full_board,1131,1132,162.0
afterstate_full_board,1132,1133,153.0
afterstate_full_board,1133,1134,213.0
afterstate_full_board,1134,1135,114.0
afterstate_full_board,1135,1136,202.0
afterstate_full_board,1136,1137,143.0
afterstate_full_board,1137,1138,133.0
afterstate_full_board,1138,1139,189.0
afterstate_full_board,1139,1140,148.0
afterstate_full_board,1140,1141,174.0
afterstate_full_board,1141,1142,197.0
afterstate_full_board,1142,1143,206.0
afterstate_full_board,1143,1144,186.0
afterstate_full_board,1144,1145,144.0
afterstate_full_board,1145,1146,167.0
afterstate_full_board,1146,1147,145.0
afterstate_full_board,1147,1148,231.0
afterstate_full_board,1148,1149,146.0
afterstate_full_board,1149,1150,159.0
afterstate_full_board,1150,1151,163.0
afterstate_full_board,1151,1152,130.0
afterstate_full_board,1152,1153,211.0
afterstate_full_board,1153,1154,138.0
afterstate_full_board,1154,1155,174.0
afterstate_full_board,1155,1156,179.0
afterstate_full_board,1156,1157,206.0
afterstate_full_board,1157,1158,177.0
afterstate_full_board,1158,1159,155.0
afterstate_full_board,1159,1160,146.0
afterstate_full_board,1160,1161,185.0
afterstate_full_board,1161,1162,148.0
afterstate_full_board,1162,1163,130.0
afterstate_full_board,1163,1164,185.0
afterstate_full_board,1164,1165,143.0
afterstate_full_board,1165,1166,159.0
afterstate_full_board,1166,1167,224.0
afterstate_full_board,1167,1168,149.0
afterstate_full_board,1168,1169,177.0
afterstate_full_board,1169,1170,142.0
afterstate_full_board,1170,1171,180.0
afterstate_full_board,1171,1172,153.0
afterstate_full_board,1172,1173,159.0
afterstate_full_board,1173,1174,170.0
afterstate_full_board,1174,1175,166.0
afterstate_full_board,1175,1176,169.0
afterstate_full_board,1176,1177,153.0
afterstate_full_board,1177,1178,134.0
afterstate_full_board,1178,1179,170.0
afterstate_full_board,1179,1180,166.0
afterstate_full_board,1180,1181,159.0
afterstate_full_board,1181,1182,178.0
afterstate_full_board,1182,1183,211.0
afterstate_full_board,1183,1184,190.0
afterstate_full_board,1184,1185,210.0
afterstate_full_board,1185,1186,169.0
afterstate_full_board,1186,1187,112.0
afterstate_full_board,1187,1188,137.0
afterstate_full_board,1188,1189,153.0
afterstate_full_board,1189,1190,194.0
afterstate_full_board,1190,1191,127.0
afterstate_full_board,1191,1192,178.0
afterstate_full_board,1192,1193,158.0
afterstate_full_board,1193,1194,195.0
afterstate_full_board,1194,1195,163.0
afterstate_full_board,1195,1196,172.0
afterstate_full_board,1196,1197,154.0
afterstate_full_board,1197,1198,102.0
afterstate_full_board,1198,1199,162.0
afterstate_full_board,1199,1200,137.0
afterstate_full_board,1200,1201,143.0
afterstate_full_board,1201,1202,165.0
afterstate_full_board,1202,1203,183.0
afterstate_full_board,1203,1204,147.0
afterstate_full_board,1204,1205,95.0
afterstate_full_board,1205,1206,122.0
afterstate_full_board,1206,1207,187.0
afterstate_full_board,1207,1208,162.0
afterstate_full_board,1208,1209,153.0
afterstate_full_board,1209,1210,137.0
afterstate_full_board,1210,1211,206.0
afterstate_full_board,1211,1212,151.0
afterstate_full_board,1212,1213,206.0
afterstate_full_board,1213,1214,129.0
afterstate_full_board,1214,1215,202.0
afterstate_full_board,1215,1216,140.0
afterstate_full_board,1216,1217,138.0
afterstate_full_board,1217,1218,168.0
afterstate_full_board,1218,1219,129.0
afterstate_full_board,1219,1220,137.0
afterstate_full_board,1220,1221,174.0
afterstate_full_board,1221,1222,152.0
afterstate_full_board,1222,1223,171.0
afterstate_full_board,1223,1224,190.0
afterstate_full_board,1224,1225,150.0
afterstate_full_board,1225,1226,165.0
afterstate_full_board,1226,1227,141.0
afterstate_full_board,1227,1228,146.0
afterstate_full_board,1228,1229,209.0
afterstate_full_board,1229,1230,169.0
afterstate_full_board,1230,1231,174.0
afterstate_full_board,1231,1232,116.0
afterstate_full_board,1232,1233,180.0
afterstate_full_board,1233,1234,192.0
afterstate_full_board,1234,1235,147.0
afterstate_full_board,1235,1236,139.0
afterstate_full_board,1236,1237,183.0
afterstate_full_board,1237,1238,153.0
afterstate_full_board,1238,1239,154.0
afterstate_full_board,1239,1240,185.0
afterstate_full_board,1240,1241,150.0
afterstate_full_board,1241,1242,184.0
afterstate_full_board,1242,1243,140.0
afterstate_full_board,1243,1244,139.0
afterstate_full_board,1244,1245,128.0
afterstate_full_board,1245,1246,123.0
afterstate_full_board,1246,1247,185.0
afterstate_full_board,1247,1248,113.0
afterstate_full_board,1248,1249,136.0
afterstate_full_board,1249,1250,183.0
afterstate_full_board,1250,1251,118.0
afterstate_full_board,1251,1252,129.0
afterstate_full_board,1252,1253,143.0
afterstate_full_board,1253,1254,157.0
afterstate_full_board,1254,1255,201.0
afterstate_full_board,1255,1256,152.0
afterstate_full_board,1256,1257,116.0
afterstate_full_board,1257,1258,162.0
afterstate_full_board,1258,1259,147.0
afterstate_full_board,1259,1260,155.0
afterstate_full_board,1260,1261,140.0
afterstate_full_board,1261,1262,148.0
afterstate_full_board,1262,1263,177.0
afterstate_full_board,1263,1264,147.0
afterstate_full_board,1264,1265,143.0
afterstate_full_board,1265,1266,182.0
afterstate_full_board,1266,1267,201.0
afterstate_full_board,1267,1268,165.0
afterstate_full_board,1268,1269,217.0
afterstate_full_board,1269,1270,190.0
afterstate_full_board,1270,1271,134.0
afterstate_full_board,1271,1272,183.0
afterstate_full_board,1272,1273,126.0
afterstate_full_board,1273,1274,155.0
afterstate_full_board,1274,1275,170.0
afterstate_full_board,1275,1276,169.0
afterstate_full_board,1276,1277,104.0
afterstate_full_board,1277,1278,182.0
afterstate_full_board,1278,1279,141.0
afterstate_full_board,1279,1280,201.0
afterstate_full_board,1280,1281,152.0
afterstate_full_board,1281,1282,154.0
afterstate_full_board,1282,1283,211.0
afterstate_full_board,1283,1284,185.0
afterstate_full_board,1284,1285,136.0
afterstate_full_board,1285,1286,198.0
afterstate_full_board,1286,1287,207.0
afterstate_full_board,1287,1288,117.0
afterstate_full_board,1288,1289,158.0
afterstate_full_board,1289,1290,168.0
afterstate_full_board,1290,1291,151.0
afterstate_full_board,1291,1292,168.0
afterstate_full_board,1292,1293,111.0
afterstate_full_board,1293,1294,164.0
afterstate_full_board,1294,1295,146.0
afterstate_full_board,1295,1296,154.0
afterstate_full_board,1296,1297,185.0
afterstate_full_board,1297,1298,167.0
afterstate_full_board,1298,1299,153.0
afterstate_full_board,1299,1300,122.0
afterstate_full_board,1300,1301,206.0
afterstate_full_board,1301,1302,180.0
afterstate_full_board,1302,1303,140.0
afterstate_full_board,1303,1304,170.0
afterstate_full_board,1304,1305,187.0
afterstate_full_board,1305,1306,201.0
afterstate_full_board,1306,1307,159.0
afterstate_full_board,1307,1308,167.0
afterstate_full_board,1308,1309,169.0
afterstate_full_board,1309,1310,160.0
afterstate_full_board,1310,1311,162.0
afterstate_full_board,1311,1312,160.0
afterstate_full_board,1312,1313,175.0
afterstate_full_board,1313,1314,217.0
afterstate_full_board,1314,1315,165.0
afterstate_full_board,1315,1316,161.0
afterstate_full_board,1316,1317,172.0
afterstate_full_board,1317,1318,150.0
afterstate_full_board,1318,1319,135.0
afterstate_full_board,1319,1320,178.0
afterstate_full_board,1320,1321,147.0
afterstate_full_board,1321,1322,146.0
afterstate_full_board,1322,1323,141.0
afterstate_full_board,1323,1324,135.0
afterstate_full_board,1324,1325,128.0
afterstate_full_board,1325,1326,149.0
afterstate_full_board,1326,1327,127.0
afterstate_full_board,1327,1328,155.0
afterstate_full_board,1328,1329,174.0
afterstate_full_board,1329,1330,166.0
afterstate_full_board,1330,1331,135.0
afterstate_full_board,1331,1332,164.0
afterstate_full_board,1332,1333,158.0
afterstate_full_board,1333,1334,162.0
afterstate_full_board,1334,1335,220.0
afterstate_full_board,1335,1336,107.0
afterstate_full_board,1336,1337,114.0
afterstate_full_board,1337,1338,191.0
afterstate_full_board,1338,1339,176.0
afterstate_full_board,1339,1340,171.0
afterstate_full_board,1340,1341,200.0
afterstate_full_board,1341,1342,177.0
afterstate_full_board,1342,1343,215.0
afterstate_full_board,1343,1344,150.0
afterstate_full_board,1344,1345,176.0
afterstate_full_board,1345,1346,194.0
afterstate_full_board,1346,1347,160.0
afterstate_full_board,1347,1348,160.0
afterstate_full_board,1348,1349,148.0
afterstate_full_board,1349,1350,215.0
afterstate_full_board,1350,1351,131.0
afterstate_full_board,1351,1352,167.0
afterstate_full_board,1352,1353,138.0
afterstate_full_board,1353,1354,174.0
afterstate_full_board,1354,1355,160.0
afterstate_full_board,1355,1356,174.0
afterstate_full_board,1356,1357,121.0
afterstate_full_board,1357,1358,166.0
afterstate_full_board,1358,1359,174.0
afterstate_full_board,1359,1360,188.0
afterstate_full_board,1360,1361,146.0
afterstate_full_board,1361,1362,155.0
afterstate_full_board,1362,1363,171.0
afterstate_full_board,1363,1364,111.0
afterstate_full_board,1364,1365,200.0
afterstate_full_board,1365,1366,139.0
afterstate_full_board,1366,1367,151.0
afterstate_full_board,1367,1368,149.0
afterstate_full_board,1368,1369,181.0
afterstate_full_board,1369,1370,167.0
afterstate_full_board,1370,1371,125.0
afterstate_full_board,1371,1372,157.0
afterstate_full_board,1372,1373,178.0
afterstate_full_board,1373,1374,191.0
afterstate_full_board,1374,1375,165.0
afterstate_full_board,1375,1376,140.0
afterstate_full_board,1376,1377,172.0
afterstate_full_board,1377,1378,92.0
afterstate_full_board,1378,1379,132.0
afterstate_full_board,1379,1380,110.0
afterstate_full_board,1380,1381,168.0
afterstate_full_board,1381,1382,147.0
afterstate_full_board,1382,1383,147.0
afterstate_full_board,1383,1384,98.0
afterstate_full_board,1384,1385,135.0
afterstate_full_board,1385,1386,184.0
afterstate_full_board,1386,1387,164.0
afterstate_full_board,1387,1388,172.0
afterstate_full_board,1388,1389,149.0
afterstate_full_board,1389,1390,138.0
afterstate_full_board,1390,1391,98.0
afterstate_full_board,1391,1392,144.0
afterstate_full_board,1392,1393,187.0
afterstate_full_board,1393,1394,154.0
afterstate_full_board,1394,1395,116.0
afterstate_full_board,1395,1396,88.0
afterstate_full_board,1396,1397,161.0
afterstate_full_board,1397,1398,194.0
afterstate_full_board,1398,1399,173.0
afterstate_full_board,1399,1400,207.0
afterstate_full_board,1400,1401,180.0
afterstate_full_board,1401,1402,160.0
afterstate_full_board,1402,1403,182.0
afterstate_full_board,1403,1404,122.0
afterstate_full_board,1404,1405,121.0
afterstate_full_board,1405,1406,150.0
afterstate_full_board,1406,1407,124.0
afterstate_full_board,1407,1408,166.0
afterstate_full_board,1408,1409,179.0
afterstate_full_board,1409,1410,178.0
afterstate_full_board,1410,1411,176.0
afterstate_full_board,1411,1412,160.0
afterstate_full_board,1412,1413,131.0
afterstate_full_board,1413,1414,195.0
afterstate_full_board,1414,1415,117.0
afterstate_full_board,1415,1416,158.0
afterstate_full_board,1416,1417,232.0
afterstate_full_board,1417,1418,141.0
afterstate_full_board,1418,1419,139.0
afterstate_full_board,1419,1420,107.0
afterstate_full_board,1420,1421,101.0
afterstate_full_board,1421,1422,154.0
afterstate_full_board,1422,1423,161.0
afterstate_full_board,1423,1424,161.0
afterstate_full_board,1424,1425,183.0
afterstate_full_board,1425,1426,175.0
afterstate_full_board,1426,1427,137.0
afterstate_full_board,1427,1428,191.0
afterstate_full_board,1428,1429,167.0
afterstate_full_board,1429,1430,128.0
afterstate_full_board,1430,1431,196.0
afterstate_full_board,1431,1432,174.0
afterstate_full_board,1432,1433,172.0
afterstate_full_board,1433,1434,112.0
afterstate_full_board,1434,1435,152.0
afterstate_full_board,1435,1436,162.0
afterstate_full_board,1436,1437,114.0
afterstate_full_board,1437,1438,166.0
afterstate_full_board,1438,1439,145.0
afterstate_full_board,1439,1440,203.0
afterstate_full_board,1440,1441,201.0
afterstate_full_board,1441,1442,143.0
afterstate_full_board,1442,1443,144.0
afterstate_full_board,1443,1444,187.0
afterstate_full_board,1444,1445,157.0
afterstate_full_board,1445,1446,110.0
afterstate_full_board,1446,1447,192.0
afterstate_full_board,1447,1448,177.0
afterstate_full_board,1448,1449,191.0
afterstate_full_board,1449,1450,158.0
afterstate_full_board,1450,1451,145.0
afterstate_full_board,1451,1452,183.0
afterstate_full_board,1452,1453,141.0
afterstate_full_board,1453,1454,132.0
afterstate_full_board,1454,1455,157.0
afterstate_full_board,1455,1456,157.0
afterstate_full_board,1456,1457,189.0
afterstate_full_board,1457,1458,163.0
afterstate_full_board,1458,1459,177.0
afterstate_full_board,1459,1460,227.0
afterstate_full_board,1460,1461,150.0
afterstate_full_board,1461,1462,122.0
afterstate_full_board,1462,1463,162.0
afterstate_full_board,1463,1464,137.0
afterstate_full_board,1464,1465,191.0
afterstate_full_board,1465,1466,177.0
afterstate_full_board,1466,1467,141.0
afterstate_full_board,1467,1468,171.0
afterstate_full_board,1468,1469,179.0
afterstate_full_board,1469,1470,146.0
afterstate_full_board,1470,1471,107.0
afterstate_full_board,1471,1472,140.0
afterstate_full_board,1472,1473,171.0
afterstate_full_board,1473,1474,201.0
afterstate_full_board,1474,1475,145.0
afterstate_full_board,1475,1476,129.0
afterstate_full_board,1476,1477,216.0
afterstate_full_board,1477,1478,131.0
afterstate_full_board,1478,1479,141.0
afterstate_full_board,1479,1480,175.0
afterstate_full_board,1480,1481,180.0
afterstate_full_board,1481,1482,129.0
afterstate_full_board,1482,1483,152.0
afterstate_full_board,1483,1484,186.0
afterstate_full_board,1484,1485,139.0
afterstate_full_board,1485,1486,206.0
afterstate_full_board,1486,1487,112.0
afterstate_full_board,1487,1488,159.0
afterstate_full_board,1488,1489,177.0
afterstate_full_board,1489,1490,190.0
afterstate_full_board,1490,1491,195.0
afterstate_full_board,1491,1492,156.0
afterstate_full_board,1492,1493,182.0
afterstate_full_board,1493,1494,55.0
afterstate_full_board,1494,1495,151.0
afterstate_full_board,1495,1496,165.0
afterstate_full_board,1496,1497,127.0
afterstate_full_board,1497,1498,195.0
afterstate_full_board,1498,1499,198.0
afterstate_full_board,1499,1500,152.0
afterstate_full_board,1500,1501,157.0
afterstate_full_board,1501,1502,179.0
afterstate_full_board,1502,1503,113.0
afterstate_full_board,1503,1504,212.0
afterstate_full_board,1504,1505,165.0
afterstate_full_board,1505,1506,135.0
afterstate_full_board,1506,1507,178.0
afterstate_full_board,1507,1508,185.0
afterstate_full_board,1508,1509,150.0
afterstate_full_board,1509,1510,175.0
afterstate_full_board,1510,1511,164.0
afterstate_full_board,1511,1512,147.0
afterstate_full_board,1512,1513,153.0
afterstate_full_board,1513,1514,138.0
afterstate_full_board,1514,1515,168.0
afterstate_full_board,1515,1516,170.0
afterstate_full_board,1516,1517,164.0
afterstate_full_board,1517,1518,143.0
afterstate_full_board,1518,1519,105.0
afterstate_full_board,1519,1520,118.0
afterstate_full_board,1520,1521,190.0
afterstate_full_board,1521,1522,183.0
afterstate_full_board,1522,1523,143.0
afterstate_full_board,1523,1524,171.0
afterstate_full_board,1524,1525,161.0
afterstate_full_board,1525,1526,190.0
afterstate_full_board,1526,1527,155.0
afterstate_full_board,1527,1528,166.0
afterstate_full_board,1528,1529,135.0
afterstate_full_board,1529,1530,171.0
afterstate_full_board,1530,1531,203.0
afterstate_full_board,1531,1532,169.0
afterstate_full_board,1532,1533,147.0
afterstate_full_board,1533,1534,177.0
afterstate_full_board,1534,1535,123.0
afterstate_full_board,1535,1536,146.0
afterstate_full_board,1536,1537,140.0
afterstate_full_board,1537,1538,130.0
afterstate_full_board,1538,1539,155.0
afterstate_full_board,1539,1540,196.0
afterstate_full_board,1540,1541,102.0
afterstate_full_board,1541,1542,168.0
afterstate_full_board,1542,1543,155.0
afterstate_full_board,1543,1544,145.0
afterstate_full_board,1544,1545,179.0
afterstate_full_board,1545,1546,115.0
afterstate_full_board,1546,1547,187.0
afterstate_full_board,1547,1548,112.0
afterstate_full_board,1548,1549,188.0
afterstate_full_board,1549,1550,167.0
afterstate_full_board,1550,1551,199.0
afterstate_full_board,1551,1552,193.0
afterstate_full_board,1552,1553,187.0
afterstate_full_board,1553,1554,178.0
afterstate_full_board,1554,1555,184.0
afterstate_full_board,1555,1556,208.0
afterstate_full_board,1556,1557,170.0
afterstate_full_board,1557,1558,151.0
afterstate_full_board,1558,1559,185.0
afterstate_full_board,1559,1560,197.0
afterstate_full_board,1560,1561,195.0
afterstate_full_board,1561,1562,153.0
afterstate_full_board,1562,1563,119.0
afterstate_full_board,1563,1564,170.0
afterstate_full_board,1564,1565,161.0
afterstate_full_board,1565,1566,171.0
afterstate_full_board,1566,1567,118.0
afterstate_full_board,1567,1568,194.0
afterstate_full_board,1568,1569,163.0
afterstate_full_board,1569,1570,142.0
afterstate_full_board,1570,1571,143.0
afterstate_full_board,1571,1572,158.0
afterstate_full_board,1572,1573,135.0
afterstate_full_board,1573,1574,178.0
afterstate_full_board,1574,1575,158.0
afterstate_full_board,1575,1576,169.0
afterstate_full_board,1576,1577,159.0
afterstate_full_board,1577,1578,204.0
afterstate_full_board,1578,1579,140.0
afterstate_full_board,1579,1580,163.0
afterstate_full_board,1580,1581,169.0
afterstate_full_board,1581,1582,176.0
afterstate_full_board,1582,1583,149.0
afterstate_full_board,1583,1584,167.0
afterstate_full_board,1584,1585,185.0
afterstate_full_board,1585,1586,187.0
afterstate_full_board,1586,1587,157.0
afterstate_full_board,1587,1588,159.0
afterstate_full_board,1588,1589,119.0
afterstate_full_board,1589,1590,184.0
afterstate_full_board,1590,1591,123.0
afterstate_full_board,1591,1592,145.0
afterstate_full_board,1592,1593,154.0
afterstate_full_board,1593,1594,181.0
afterstate_full_board,1594,1595,161.0
afterstate_full_board,1595,1596,182.0
afterstate_full_board,1596,1597,118.0
afterstate_full_board,1597,1598,202.0
afterstate_full_board,1598,1599,149.0
afterstate_full_board,1599,1600,170.0
afterstate_full_board,1600,1601,147.0
afterstate_full_board,1601,1602,173.0
afterstate_full_board,1602,1603,167.0
afterstate_full_board,1603,1604,122.0
afterstate_full_board,1604,1605,182.0
afterstate_full_board,1605,1606,120.0
afterstate_full_board,1606,1607,201.0
afterstate_full_board,1607,1608,167.0
afterstate_full_board,1608,1609,161.0
afterstate_full_board,1609,1610,139.0
afterstate_full_board,1610,1611,214.0
afterstate_full_board,1611,1612,152.0
afterstate_full_board,1612,1613,184.0
afterstate_full_board,1613,1614,117.0
afterstate_full_board,1614,1615,172.0
afterstate_full_board,1615,1616,208.0
afterstate_full_board,1616,1617,162.0
afterstate_full_board,1617,1618,175.0
afterstate_full_board,1618,1619,190.0
afterstate_full_board,1619,1620,130.0
afterstate_full_board,1620,1621,160.0
afterstate_full_board,1621,1622,139.0
afterstate_full_board,1622,1623,160.0
afterstate_full_board,1623,1624,189.0
afterstate_full_board,1624,1625,142.0
afterstate_full_board,1625,1626,228.0
afterstate_full_board,1626,1627,127.0
afterstate_full_board,1627,1628,152.0
afterstate_full_board,1628,1629,134.0
afterstate_full_board,1629,1630,124.0
afterstate_full_board,1630,1631,177.0
afterstate_full_board,1631,1632,182.0
afterstate_full_board,1632,1633,182.0
afterstate_full_board,1633,1634,92.0
afterstate_full_board,1634,1635,158.0
afterstate_full_board,1635,1636,112.0
afterstate_full_board,1636,1637,125.0
afterstate_full_board,1637,1638,156.0
afterstate_full_board,1638,1639,180.0
afterstate_full_board,1639,1640,184.0
afterstate_full_board,1640,1641,201.0
afterstate_full_board,1641,1642,184.0
afterstate_full_board,1642,1643,152.0
afterstate_full_board,1643,1644,181.0
afterstate_full_board,1644,1645,163.0
afterstate_full_board,1645,1646,151.0
afterstate_full_board,1646,1647,168.0
afterstate_full_board,1647,1648,150.0
afterstate_full_board,1648,1649,136.0
afterstate_full_board,1649,1650,179.0
afterstate_full_board,1650,1651,153.0
afterstate_full_board,1651,1652,161.0
afterstate_full_board,1652,1653,148.0
afterstate_full_board,1653,1654,174.0
afterstate_full_board,1654,1655,127.0
afterstate_full_board,1655,1656,194.0
afterstate_full_board,1656,1657,124.0
afterstate_full_board,1657,1658,153.0
afterstate_full_board,1658,1659,199.0
afterstate_full_board,1659,1660,157.0
afterstate_full_board,1660,1661,158.0
afterstate_full_board,1661,1662,191.0
afterstate_full_board,1662,1663,139.0
afterstate_full_board,1663,1664,196.0
afterstate_full_board,1664,1665,165.0
afterstate_full_board,1665,1666,170.0
afterstate_full_board,1666,1667,178.0
afterstate_full_board,1667,1668,176.0
afterstate_full_board,1668,1669,122.0
afterstate_full_board,1669,1670,150.0
afterstate_full_board,1670,1671,186.0
afterstate_full_board,1671,1672,185.0
afterstate_full_board,1672,1673,161.0
afterstate_full_board,1673,1674,189.0
afterstate_full_board,1674,1675,144.0
afterstate_full_board,1675,1676,176.0
afterstate_full_board,1676,1677,169.0
afterstate_full_board,1677,1678,165.0
afterstate_full_board,1678,1679,199.0
afterstate_full_board,1679,1680,178.0
afterstate_full_board,1680,1681,134.0
afterstate_full_board,1681,1682,144.0
afterstate_full_board,1682,1683,176.0
afterstate_full_board,1683,1684,151.0
afterstate_full_board,1684,1685,142.0
afterstate_full_board,1685,1686,178.0
afterstate_full_board,1686,1687,129.0
afterstate_full_board,1687,1688,182.0
afterstate_full_board,1688,1689,172.0
afterstate_full_board,1689,1690,149.0
afterstate_full_board,1690,1691,103.0
afterstate_full_board,1691,1692,139.0
afterstate_full_board,1692,1693,159.0
afterstate_full_board,1693,1694,159.0
afterstate_full_board,1694,1695,176.0
afterstate_full_board,1695,1696,117.0
afterstate_full_board,1696,1697,152.0
afterstate_full_board,1697,1698,148.0
afterstate_full_board,1698,1699,195.0
afterstate_full_board,1699,1700,137.0
afterstate_full_board,1700,1701,135.0
afterstate_full_board,1701,1702,180.0
afterstate_full_board,1702,1703,153.0
afterstate_full_board,1703,1704,195.0
afterstate_full_board,1704,1705,196.0
afterstate_full_board,1705,1706,127.0
afterstate_full_board,1706,1707,122.0
afterstate_full_board,1707,1708,182.0
afterstate_full_board,1708,1709,200.0
afterstate_full_board,1709,1710,163.0
afterstate_full_board,1710,1711,132.0
afterstate_full_board,1711,1712,169.0
afterstate_full_board,1712,1713,126.0
afterstate_full_board,1713,1714,131.0
afterstate_full_board,1714,1715,204.0
afterstate_full_board,1715,1716,201.0
afterstate_full_board,1716,1717,185.0
afterstate_full_board,1717,1718,225.0
afterstate_full_board,1718,1719,182.0
afterstate_full_board,1719,1720,126.0
afterstate_full_board,1720,1721,147.0
afterstate_full_board,1721,1722,168.0
afterstate_full_board,1722,1723,151.0
afterstate_full_board,1723,1724,128.0
afterstate_full_board,1724,1725,170.0
afterstate_full_board,1725,1726,171.0
afterstate_full_board,1726,1727,200.0
afterstate_full_board,1727,1728,162.0
afterstate_full_board,1728,1729,160.0
afterstate_full_board,1729,1730,157.0
afterstate_full_board,1730,1731,184.0
afterstate_full_board,1731,1732,147.0
afterstate_full_board,1732,1733,169.0
afterstate_full_board,1733,1734,151.0
afterstate_full_board,1734,1735,188.0
afterstate_full_board,1735,1736,149.0
afterstate_full_board,1736,1737,161.0
afterstate_full_board,1737,1738,163.0
afterstate_full_board,1738,1739,118.0
afterstate_full_board,1739,1740,113.0
afterstate_full_board,1740,1741,136.0
afterstate_full_board,1741,1742,140.0
afterstate_full_board,1742,1743,132.0
afterstate_full_board,1743,1744,176.0
afterstate_full_board,1744,1745,68.0
afterstate_full_board,1745,1746,206.0
afterstate_full_board,1746,1747,174.0
afterstate_full_board,1747,1748,213.0
afterstate_full_board,1748,1749,151.0
afterstate_full_board,1749,1750,177.0
afterstate_full_board,1750,1751,185.0
afterstate_full_board,1751,1752,214.0
afterstate_full_board,1752,1753,111.0
afterstate_full_board,1753,1754,153.0
afterstate_full_board,1754,1755,144.0
afterstate_full_board,1755,1756,171.0
afterstate_full_board,1756,1757,139.0
afterstate_full_board,1757,1758,144.0
afterstate_full_board,1758,1759,181.0
afterstate_full_board,1759,1760,150.0
afterstate_full_board,1760,1761,168.0
afterstate_full_board,1761,1762,147.0
afterstate_full_board,1762,1763,183.0
afterstate_full_board,1763,1764,226.0
afterstate_full_board,1764,1765,180.0
afterstate_full_board,1765,1766,99.0
afterstate_full_board,1766,1767,139.0
afterstate_full_board,1767,1768,171.0
afterstate_full_board,1768,1769,172.0
afterstate_full_board,1769,1770,158.0
afterstate_full_board,1770,1771,205.0
afterstate_full_board,1771,1772,175.0
afterstate_full_board,1772,1773,218.0
afterstate_full_board,1773,1774,177.0
afterstate_full_board,1774,1775,176.0
afterstate_full_board,1775,1776,177.0
afterstate_full_board,1776,1777,157.0
afterstate_full_board,1777,1778,177.0
afterstate_full_board,1778,1779,99.0
afterstate_full_board,1779,1780,130.0
afterstate_full_board,1780,1781,159.0
afterstate_full_board,1781,1782,160.0
afterstate_full_board,1782,1783,150.0
afterstate_full_board,1783,1784,186.0
afterstate_full_board,1784,1785,171.0
afterstate_full_board,1785,1786,131.0
afterstate_full_board,1786,1787,145.0
afterstate_full_board,1787,1788,175.0
afterstate_full_board,1788,1789,151.0
afterstate_full_board,1789,1790,166.0
afterstate_full_board,1790,1791,103.0
afterstate_full_board,1791,1792,186.0
afterstate_full_board,1792,1793,164.0
afterstate_full_board,1793,1794,155.0
afterstate_full_board,1794,1795,177.0
afterstate_full_board,1795,1796,126.0
afterstate_full_board,1796,1797,135.0
afterstate_full_board,1797,1798,161.0
afterstate_full_board,1798,1799,131.0
afterstate_full_board,1799,1800,193.0
afterstate_full_board,1800,1801,119.0
afterstate_full_board,1801,1802,190.0
afterstate_full_board,1802,1803,65.0
afterstate_full_board,1803,1804,177.0
afterstate_full_board,1804,1805,198.0
afterstate_full_board,1805,1806,179.0
afterstate_full_board,1806,1807,179.0
afterstate_full_board,1807,1808,174.0
afterstate_full_board,1808,1809,156.0
afterstate_full_board,1809,1810,169.0
afterstate_full_board,1810,1811,99.0
afterstate_full_board,1811,1812,158.0
afterstate_full_board,1812,1813,211.0
afterstate_full_board,1813,1814,136.0
afterstate_full_board,1814,1815,170.0
afterstate_full_board,1815,1816,143.0
afterstate_full_board,1816,1817,176.0
afterstate_full_board,1817,1818,169.0
afterstate_full_board,1818,1819,187.0
afterstate_full_board,1819,1820,159.0
afterstate_full_board,1820,1821,154.0
afterstate_full_board,1821,1822,142.0
afterstate_full_board,1822,1823,155.0
afterstate_full_board,1823,1824,143.0
afterstate_full_board,1824,1825,180.0
afterstate_full_board,1825,1826,138.0
afterstate_full_board,1826,1827,160.0
afterstate_full_board,1827,1828,159.0
afterstate_full_board,1828,1829,184.0
afterstate_full_board,1829,1830,145.0
afterstate_full_board,1830,1831,163.0
afterstate_full_board,1831,1832,152.0
afterstate_full_board,1832,1833,182.0
afterstate_full_board,1833,1834,100.0
afterstate_full_board,1834,1835,169.0
afterstate_full_board,1835,1836,149.0
afterstate_full_board,1836,1837,196.0
afterstate_full_board,1837,1838,115.0
afterstate_full_board,1838,1839,116.0
afterstate_full_board,1839,1840,190.0
afterstate_full_board,1840,1841,127.0
afterstate_full_board,1841,1842,199.0
afterstate_full_board,1842,1843,149.0
afterstate_full_board,1843,1844,150.0
afterstate_full_board,1844,1845,109.0
afterstate_full_board,1845,1846,181.0
afterstate_full_board,1846,1847,173.0
afterstate_full_board,1847,1848,167.0
afterstate_full_board,1848,1849,184.0
afterstate_full_board,1849,1850,182.0
afterstate_full_board,1850,1851,133.0
afterstate_full_board,1851,1852,165.0
afterstate_full_board,1852,1853,130.0
afterstate_full_board,1853,1854,150.0
afterstate_full_board,1854,1855,143.0
afterstate_full_board,1855,1856,137.0
afterstate_full_board,1856,1857,150.0
afterstate_full_board,1857,1858,139.0
afterstate_full_board,1858,1859,150.0
afterstate_full_board,1859,1860,256.0
afterstate_full_board,1860,1861,134.0
afterstate_full_board,1861,1862,173.0
afterstate_full_board,1862,1863,140.0
afterstate_full_board,1863,1864,168.0
afterstate_full_board,1864,1865,135.0
afterstate_full_board,1865,1866,198.0
afterstate_full_board,1866,1867,160.0
afterstate_full_board,1867,1868,124.0
afterstate_full_board,1868,1869,191.0
afterstate_full_board,1869,1870,97.0
afterstate_full_board,1870,1871,172.0
afterstate_full_board,1871,1872,129.0
afterstate_full_board,1872,1873,201.0
afterstate_full_board,1873,1874,186.0
afterstate_full_board,1874,1875,143.0
afterstate_full_board,1875,1876,166.0
afterstate_full_board,1876,1877,157.0
afterstate_full_board,1877,1878,175.0
afterstate_full_board,1878,1879,137.0
afterstate_full_board,1879,1880,151.0
afterstate_full_board,1880,1881,140.0
afterstate_full_board,1881,1882,142.0
afterstate_full_board,1882,1883,200.0
afterstate_full_board,1883,1884,185.0
afterstate_full_board,1884,1885,134.0
afterstate_full_board,1885,1886,161.0
afterstate_full_board,1886,1887,152.0
afterstate_full_board,1887,1888,171.0
afterstate_full_board,1888,1889,169.0
afterstate_full_board,1889,1890,181.0
afterstate_full_board,1890,1891,163.0
afterstate_full_board,1891,1892,168.0
afterstate_full_board,1892,1893,155.0
afterstate_full_board,1893,1894,152.0
afterstate_full_board,1894,1895,131.0
afterstate_full_board,1895,1896,147.0
afterstate_full_board,1896,1897,81.0
afterstate_full_board,1897,1898,130.0
afterstate_full_board,1898,1899,142.0
afterstate_full_board,1899,1900,168.0
afterstate_full_board,1900,1901,138.0
afterstate_full_board,1901,1902,145.0
afterstate_full_board,1902,1903,200.0
afterstate_full_board,1903,1904,199.0
afterstate_full_board,1904,1905,224.0
afterstate_full_board,1905,1906,186.0
afterstate_full_board,1906,1907,175.0
afterstate_full_board,1907,1908,121.0
afterstate_full_board,1908,1909,153.0
afterstate_full_board,1909,1910,148.0
afterstate_full_board,1910,1911,191.0
afterstate_full_board,1911,1912,226.0
afterstate_full_board,1912,1913,158.0
afterstate_full_board,1913,1914,158.0
afterstate_full_board,1914,1915,147.0
afterstate_full_board,1915,1916,175.0
afterstate_full_board,1916,1917,131.0
afterstate_full_board,1917,1918,178.0
afterstate_full_board,1918,1919,162.0
afterstate_full_board,1919,1920,148.0
afterstate_full_board,1920,1921,163.0
afterstate_full_board,1921,1922,169.0
afterstate_full_board,1922,1923,187.0
afterstate_full_board,1923,1924,126.0
afterstate_full_board,1924,1925,139.0
afterstate_full_board,1925,1926,138.0
afterstate_full_board,1926,1927,155.0
afterstate_full_board,1927,1928,121.0
afterstate_full_board,1928,1929,147.0
afterstate_full_board,1929,1930,164.0
afterstate_full_board,1930,1931,101.0
afterstate_full_board,1931,1932,206.0
afterstate_full_board,1932,1933,147.0
afterstate_full_board,1933,1934,139.0
afterstate_full_board,1934,1935,151.0
afterstate_full_board,1935,1936,151.0
afterstate_full_board,1936,1937,158.0
afterstate_full_board,1937,1938,161.0
afterstate_full_board,1938,1939,162.0
afterstate_full_board,1939,1940,169.0
afterstate_full_board,1940,1941,147.0
afterstate_full_board,1941,1942,129.0
afterstate_full_board,1942,1943,157.0
afterstate_full_board,1943,1944,152.0
afterstate_full_board,1944,1945,182.0
afterstate_full_board,1945,1946,148.0
afterstate_full_board,1946,1947,168.0
afterstate_full_board,1947,1948,167.0
afterstate_full_board,1948,1949,182.0
afterstate_full_board,1949,1950,176.0
afterstate_full_board,1950,1951,156.0
afterstate_full_board,1951,1952,206.0
afterstate_full_board,1952,1953,172.0
afterstate_full_board,1953,1954,121.0
afterstate_full_board,1954,1955,165.0
afterstate_full_board,1955,1956,253.0
afterstate_full_board,1956,1957,150.0
afterstate_full_board,1957,1958,187.0
afterstate_full_board,1958,1959,159.0
afterstate_full_board,1959,1960,138.0
afterstate_full_board,1960,1961,149.0
afterstate_full_board,1961,1962,100.0
afterstate_full_board,1962,1963,185.0
afterstate_full_board,1963,1964,177.0
afterstate_full_board,1964,1965,182.0
afterstate_full_board,1965,1966,204.0
afterstate_full_board,1966,1967,203.0
afterstate_full_board,1967,1968,132.0
afterstate_full_board,1968,1969,187.0
afterstate_full_board,1969,1970,180.0
afterstate_full_board,1970,1971,157.0
afterstate_full_board,1971,1972,135.0
afterstate_full_board,1972,1973,167.0
afterstate_full_board,1973,1974,201.0
afterstate_full_board,1974,1975,213.0
afterstate_full_board,1975,1976,182.0
afterstate_full_board,1976,1977,161.0
afterstate_full_board,1977,1978,162.0
afterstate_full_board,1978,1979,126.0
afterstate_full_board,1979,1980,163.0
afterstate_full_board,1980,1981,104.0
afterstate_full_board,1981,1982,149.0
afterstate_full_board,1982,1983,109.0
afterstate_full_board,1983,1984,173.0
afterstate_full_board,1984,1985,153.0
afterstate_full_board,1985,1986,143.0
afterstate_full_board,1986,1987,160.0
afterstate_full_board,1987,1988,147.0
afterstate_full_board,1988,1989,210.0
afterstate_full_board,1989,1990,157.0
afterstate_full_board,1990,1991,106.0
afterstate_full_board,1991,1992,202.0
afterstate_full_board,1992,1993,178.0
afterstate_full_board,1993,1994,171.0
afterstate_full_board,1994,1995,134.0
afterstate_full_board,1995,1996,152.0
afterstate_full_board,1996,1997,140.0
afterstate_full_board,1997,1998,159.0
afterstate_full_board,1998,1999,175.0
afterstate_full_board,1999,2000,132.0
afterstate_full_board_best_checkpoint,0,1,99.0
afterstate_full_board_best_checkpoint,1,2,109.0
afterstate_full_board_best_checkpoint,2,3,221.0
afterstate_full_board_best_checkpoint,3,4,156.0
afterstate_full_board_best_checkpoint,4,5,187.0
afterstate_full_board_best_checkpoint,5,6,129.0
afterstate_full_board_best_checkpoint,6,7,154.0
afterstate_full_board_best_checkpoint,7,8,188.0
afterstate_full_board_best_checkpoint,8,9,168.0
afterstate_full_board_best_checkpoint,9,10,125.0
afterstate_full_board_best_checkpoint,10,11,146.0
afterstate_full_board_best_checkpoint,11,12,175.0
afterstate_full_board_best_checkpoint,12,13,163.0
afterstate_full_board_best_checkpoint,13,14,185.0
afterstate_full_board_best_checkpoint,14,15,171.0
afterstate_full_board_best_checkpoint,15,16,160.0
afterstate_full_board_best_checkpoint,16,17,174.0
afterstate_full_board_best_checkpoint,17,18,146.0
afterstate_full_board_best_checkpoint,18,19,156.0
afterstate_full_board_best_checkpoint,19,20,191.0
afterstate_full_board_best_checkpoint,20,21,145.0
afterstate_full_board_best_checkpoint,21,22,168.0
afterstate_full_board_best_checkpoint,22,23,118.0
afterstate_full_board_best_checkpoint,23,24,167.0
afterstate_full_board_best_checkpoint,24,25,162.0
afterstate_full_board_best_checkpoint,25,26,142.0
afterstate_full_board_best_checkpoint,26,27,172.0
afterstate_full_board_best_checkpoint,27,28,139.0
afterstate_full_board_best_checkpoint,28,29,202.0
afterstate_full_board_best_checkpoint,29,30,173.0
afterstate_full_board_best_checkpoint,30,31,117.0
afterstate_full_board_best_checkpoint,31,32,111.0
afterstate_full_board_best_checkpoint,32,33,152.0
afterstate_full_board_best_checkpoint,33,34,161.0
afterstate_full_board_best_checkpoint,34,35,164.0
afterstate_full_board_best_checkpoint,35,36,179.0
afterstate_full_board_best_checkpoint,36,37,128.0
afterstate_full_board_best_checkpoint,37,38,145.0
afterstate_full_board_best_checkpoint,38,39,175.0
afterstate_full_board_best_checkpoint,39,40,151.0
afterstate_full_board_best_checkpoint,40,41,176.0
afterstate_full_board_best_checkpoint,41,42,146.0
afterstate_full_board_best_checkpoint,42,43,183.0
afterstate_full_board_best_checkpoint,43,44,148.0
afterstate_full_board_best_checkpoint,44,45,147.0
afterstate_full_board_best_checkpoint,45,46,166.0
afterstate_full_board_best_checkpoint,46,47,143.0
afterstate_full_board_best_checkpoint,47,48,153.0
afterstate_full_board_best_checkpoint,48,49,139.0
afterstate_full_board_best_checkpoint,49,50,176.0
afterstate_full_board_best_checkpoint,50,51,185.0
afterstate_full_board_best_checkpoint,51,52,163.0
afterstate_full_board_best_checkpoint,52,53,203.0
afterstate_full_board_best_checkpoint,53,54,159.0
afterstate_full_board_best_checkpoint,54,55,128.0
afterstate_full_board_best_checkpoint,55,56,165.0
afterstate_full_board_best_checkpoint,56,57,175.0
afterstate_full_board_best_checkpoint,57,58,129.0
afterstate_full_board_best_checkpoint,58,59,220.0
afterstate_full_board_best_checkpoint,59,60,205.0
afterstate_full_board_best_checkpoint,60,61,126.0
afterstate_full_board_best_checkpoint,61,62,114.0
afterstate_full_board_best_checkpoint,62,63,160.0
afterstate_full_board_best_checkpoint,63,64,158.0
afterstate_full_board_best_checkpoint,64,65,200.0
afterstate_full_board_best_checkpoint,65,66,133.0
afterstate_full_board_best_checkpoint,66,67,157.0
afterstate_full_board_best_checkpoint,67,68,106.0
afterstate_full_board_best_checkpoint,68,69,167.0
afterstate_full_board_best_checkpoint,69,70,107.0
afterstate_full_board_best_checkpoint,70,71,163.0
afterstate_full_board_best_checkpoint,71,72,218.0
afterstate_full_board_best_checkpoint,72,73,188.0
afterstate_full_board_best_checkpoint,73,74,161.0
afterstate_full_board_best_checkpoint,74,75,156.0
afterstate_full_board_best_checkpoint,75,76,149.0
afterstate_full_board_best_checkpoint,76,77,161.0
afterstate_full_board_best_checkpoint,77,78,138.0
afterstate_full_board_best_checkpoint,78,79,104.0
afterstate_full_board_best_checkpoint,79,80,145.0
afterstate_full_board_best_checkpoint,80,81,189.0
afterstate_full_board_best_checkpoint,81,82,173.0
afterstate_full_board_best_checkpoint,82,83,166.0
afterstate_full_board_best_checkpoint,83,84,224.0
afterstate_full_board_best_checkpoint,84,85,99.0
afterstate_full_board_best_checkpoint,85,86,124.0
afterstate_full_board_best_checkpoint,86,87,192.0
afterstate_full_board_best_checkpoint,87,88,121.0
afterstate_full_board_best_checkpoint,88,89,163.0
afterstate_full_board_best_checkpoint,89,90,197.0
afterstate_full_board_best_checkpoint,90,91,125.0
afterstate_full_board_best_checkpoint,91,92,185.0
afterstate_full_board_best_checkpoint,92,93,171.0
afterstate_full_board_best_checkpoint,93,94,142.0
afterstate_full_board_best_checkpoint,94,95,153.0
afterstate_full_board_best_checkpoint,95,96,146.0
afterstate_full_board_best_checkpoint,96,97,171.0
afterstate_full_board_best_checkpoint,97,98,127.0
afterstate_full_board_best_checkpoint,98,99,160.0
afterstate_full_board_best_checkpoint,99,100,159.0
afterstate_full_board_best_checkpoint,100,101,157.0
afterstate_full_board_best_checkpoint,101,102,152.0
afterstate_full_board_best_checkpoint,102,103,93.0
afterstate_full_board_best_checkpoint,103,104,93.0
afterstate_full_board_best_checkpoint,104,105,244.0
afterstate_full_board_best_checkpoint,105,106,232.0
afterstate_full_board_best_checkpoint,106,107,162.0
afterstate_full_board_best_checkpoint,107,108,172.0
afterstate_full_board_best_checkpoint,108,109,132.0
afterstate_full_board_best_checkpoint,109,110,142.0
afterstate_full_board_best_checkpoint,110,111,159.0
afterstate_full_board_best_checkpoint,111,112,143.0
afterstate_full_board_best_checkpoint,112,113,150.0
afterstate_full_board_best_checkpoint,113,114,186.0
afterstate_full_board_best_checkpoint,114,115,157.0
afterstate_full_board_best_checkpoint,115,116,165.0
afterstate_full_board_best_checkpoint,116,117,166.0
afterstate_full_board_best_checkpoint,117,118,176.0
afterstate_full_board_best_checkpoint,118,119,166.0
afterstate_full_board_best_checkpoint,119,120,134.0
afterstate_full_board_best_checkpoint,120,121,147.0
afterstate_full_board_best_checkpoint,121,122,159.0
afterstate_full_board_best_checkpoint,122,123,86.0
afterstate_full_board_best_checkpoint,123,124,177.0
afterstate_full_board_best_checkpoint,124,125,160.0
afterstate_full_board_best_checkpoint,125,126,166.0
afterstate_full_board_best_checkpoint,126,127,101.0
afterstate_full_board_best_checkpoint,127,128,150.0
afterstate_full_board_best_checkpoint,128,129,153.0
afterstate_full_board_best_checkpoint,129,130,152.0
afterstate_full_board_best_checkpoint,130,131,177.0
afterstate_full_board_best_checkpoint,131,132,157.0
afterstate_full_board_best_checkpoint,132,133,140.0
afterstate_full_board_best_checkpoint,133,134,112.0
afterstate_full_board_best_checkpoint,134,135,190.0
afterstate_full_board_best_checkpoint,135,136,167.0
afterstate_full_board_best_checkpoint,136,137,135.0
afterstate_full_board_best_checkpoint,137,138,169.0
afterstate_full_board_best_checkpoint,138,139,124.0
afterstate_full_board_best_checkpoint,139,140,147.0
afterstate_full_board_best_checkpoint,140,141,148.0
afterstate_full_board_best_checkpoint,141,142,100.0
afterstate_full_board_best_checkpoint,142,143,150.0
afterstate_full_board_best_checkpoint,143,144,154.0
afterstate_full_board_best_checkpoint,144,145,159.0
afterstate_full_board_best_checkpoint,145,146,176.0
afterstate_full_board_best_checkpoint,146,147,164.0
afterstate_full_board_best_checkpoint,147,148,201.0
afterstate_full_board_best_checkpoint,148,149,125.0
afterstate_full_board_best_checkpoint,149,150,174.0
afterstate_full_board_best_checkpoint,150,151,117.0
afterstate_full_board_best_checkpoint,151,152,182.0
afterstate_full_board_best_checkpoint,152,153,159.0
afterstate_full_board_best_checkpoint,153,154,132.0
afterstate_full_board_best_checkpoint,154,155,149.0
afterstate_full_board_best_checkpoint,155,156,130.0
afterstate_full_board_best_checkpoint,156,157,134.0
afterstate_full_board_best_checkpoint,157,158,148.0
afterstate_full_board_best_checkpoint,158,159,123.0
afterstate_full_board_best_checkpoint,159,160,223.0
afterstate_full_board_best_checkpoint,160,161,168.0
afterstate_full_board_best_checkpoint,161,162,185.0
afterstate_full_board_best_checkpoint,162,163,214.0
afterstate_full_board_best_checkpoint,163,164,129.0
afterstate_full_board_best_checkpoint,164,165,114.0
afterstate_full_board_best_checkpoint,165,166,176.0
afterstate_full_board_best_checkpoint,166,167,169.0
afterstate_full_board_best_checkpoint,167,168,148.0
afterstate_full_board_best_checkpoint,168,169,130.0
afterstate_full_board_best_checkpoint,169,170,134.0
afterstate_full_board_best_checkpoint,170,171,200.0
afterstate_full_board_best_checkpoint,171,172,184.0
afterstate_full_board_best_checkpoint,172,173,176.0
afterstate_full_board_best_checkpoint,173,174,177.0
afterstate_full_board_best_checkpoint,174,175,170.0
afterstate_full_board_best_checkpoint,175,176,160.0
afterstate_full_board_best_checkpoint,176,177,125.0
afterstate_full_board_best_checkpoint,177,178,155.0
afterstate_full_board_best_checkpoint,178,179,163.0
afterstate_full_board_best_checkpoint,179,180,213.0
afterstate_full_board_best_checkpoint,180,181,158.0
afterstate_full_board_best_checkpoint,181,182,135.0
afterstate_full_board_best_checkpoint,182,183,178.0
afterstate_full_board_best_checkpoint,183,184,144.0
afterstate_full_board_best_checkpoint,184,185,171.0
afterstate_full_board_best_checkpoint,185,186,173.0
afterstate_full_board_best_checkpoint,186,187,202.0
afterstate_full_board_best_checkpoint,187,188,167.0
afterstate_full_board_best_checkpoint,188,189,118.0
afterstate_full_board_best_checkpoint,189,190,190.0
afterstate_full_board_best_checkpoint,190,191,172.0
afterstate_full_board_best_checkpoint,191,192,114.0
afterstate_full_board_best_checkpoint,192,193,153.0
afterstate_full_board_best_checkpoint,193,194,177.0
afterstate_full_board_best_checkpoint,194,195,188.0
afterstate_full_board_best_checkpoint,195,196,134.0
afterstate_full_board_best_checkpoint,196,197,190.0
afterstate_full_board_best_checkpoint,197,198,192.0
afterstate_full_board_best_checkpoint,198,199,166.0
afterstate_full_board_best_checkpoint,199,200,179.0
afterstate_full_board_best_checkpoint,200,201,107.0
afterstate_full_board_best_checkpoint,201,202,134.0
afterstate_full_board_best_checkpoint,202,203,160.0
afterstate_full_board_best_checkpoint,203,204,144.0
afterstate_full_board_best_checkpoint,204,205,185.0
afterstate_full_board_best_checkpoint,205,206,160.0
afterstate_full_board_best_checkpoint,206,207,178.0
afterstate_full_board_best_checkpoint,207,208,168.0
afterstate_full_board_best_checkpoint,208,209,184.0
afterstate_full_board_best_checkpoint,209,210,177.0
afterstate_full_board_best_checkpoint,210,211,142.0
afterstate_full_board_best_checkpoint,211,212,159.0
afterstate_full_board_best_checkpoint,212,213,190.0
afterstate_full_board_best_checkpoint,213,214,135.0
afterstate_full_board_best_checkpoint,214,215,156.0
afterstate_full_board_best_checkpoint,215,216,189.0
afterstate_full_board_best_checkpoint,216,217,158.0
afterstate_full_board_best_checkpoint,217,218,175.0
afterstate_full_board_best_checkpoint,218,219,167.0
afterstate_full_board_best_checkpoint,219,220,182.0
afterstate_full_board_best_checkpoint,220,221,181.0
afterstate_full_board_best_checkpoint,221,222,220.0
afterstate_full_board_best_checkpoint,222,223,121.0
afterstate_full_board_best_checkpoint,223,224,113.0
afterstate_full_board_best_checkpoint,224,225,177.0
afterstate_full_board_best_checkpoint,225,226,164.0
afterstate_full_board_best_checkpoint,226,227,152.0
afterstate_full_board_best_checkpoint,227,228,148.0
afterstate_full_board_best_checkpoint,228,229,144.0
afterstate_full_board_best_checkpoint,229,230,175.0
afterstate_full_board_best_checkpoint,230,231,145.0
afterstate_full_board_best_checkpoint,231,232,166.0
afterstate_full_board_best_checkpoint,232,233,150.0
afterstate_full_board_best_checkpoint,233,234,181.0
afterstate_full_board_best_checkpoint,234,235,173.0
afterstate_full_board_best_checkpoint,235,236,157.0
afterstate_full_board_best_checkpoint,236,237,211.0
afterstate_full_board_best_checkpoint,237,238,113.0
afterstate_full_board_best_checkpoint,238,239,150.0
afterstate_full_board_best_checkpoint,239,240,198.0
afterstate_full_board_best_checkpoint,240,241,163.0
afterstate_full_board_best_checkpoint,241,242,160.0
afterstate_full_board_best_checkpoint,242,243,95.0
afterstate_full_board_best_checkpoint,243,244,174.0
afterstate_full_board_best_checkpoint,244,245,185.0
afterstate_full_board_best_checkpoint,245,246,137.0
afterstate_full_board_best_checkpoint,246,247,141.0
afterstate_full_board_best_checkpoint,247,248,184.0
afterstate_full_board_best_checkpoint,248,249,190.0
afterstate_full_board_best_checkpoint,249,250,135.0
afterstate_full_board_best_checkpoint,250,251,148.0
afterstate_full_board_best_checkpoint,251,252,178.0
afterstate_full_board_best_checkpoint,252,253,100.0
afterstate_full_board_best_checkpoint,253,254,135.0
afterstate_full_board_best_checkpoint,254,255,129.0
afterstate_full_board_best_checkpoint,255,256,153.0
afterstate_full_board_best_checkpoint,256,257,162.0
afterstate_full_board_best_checkpoint,257,258,162.0
afterstate_full_board_best_checkpoint,258,259,186.0
afterstate_full_board_best_checkpoint,259,260,159.0
afterstate_full_board_best_checkpoint,260,261,118.0
afterstate_full_board_best_checkpoint,261,262,151.0
afterstate_full_board_best_checkpoint,262,263,151.0
afterstate_full_board_best_checkpoint,263,264,176.0
afterstate_full_board_best_checkpoint,264,265,143.0
afterstate_full_board_best_checkpoint,265,266,137.0
afterstate_full_board_best_checkpoint,266,267,122.0
afterstate_full_board_best_checkpoint,267,268,155.0
afterstate_full_board_best_checkpoint,268,269,177.0
afterstate_full_board_best_checkpoint,269,270,170.0
afterstate_full_board_best_checkpoint,270,271,175.0
afterstate_full_board_best_checkpoint,271,272,140.0
afterstate_full_board_best_checkpoint,272,273,109.0
afterstate_full_board_best_checkpoint,273,274,142.0
afterstate_full_board_best_checkpoint,274,275,147.0
afterstate_full_board_best_checkpoint,275,276,172.0
afterstate_full_board_best_checkpoint,276,277,137.0
afterstate_full_board_best_checkpoint,277,278,153.0
afterstate_full_board_best_checkpoint,278,279,164.0
afterstate_full_board_best_checkpoint,279,280,189.0
afterstate_full_board_best_checkpoint,280,281,171.0
afterstate_full_board_best_checkpoint,281,282,178.0
afterstate_full_board_best_checkpoint,282,283,167.0
afterstate_full_board_best_checkpoint,283,284,161.0
afterstate_full_board_best_checkpoint,284,285,145.0
afterstate_full_board_best_checkpoint,285,286,129.0
afterstate_full_board_best_checkpoint,286,287,122.0
afterstate_full_board_best_checkpoint,287,288,173.0
afterstate_full_board_best_checkpoint,288,289,158.0
afterstate_full_board_best_checkpoint,289,290,208.0
afterstate_full_board_best_checkpoint,290,291,119.0
afterstate_full_board_best_checkpoint,291,292,145.0
afterstate_full_board_best_checkpoint,292,293,142.0
afterstate_full_board_best_checkpoint,293,294,173.0
afterstate_full_board_best_checkpoint,294,295,171.0
afterstate_full_board_best_checkpoint,295,296,173.0
afterstate_full_board_best_checkpoint,296,297,134.0
afterstate_full_board_best_checkpoint,297,298,192.0
afterstate_full_board_best_checkpoint,298,299,176.0
afterstate_full_board_best_checkpoint,299,300,131.0
afterstate_full_board_best_checkpoint,300,301,135.0
afterstate_full_board_best_checkpoint,301,302,144.0
afterstate_full_board_best_checkpoint,302,303,154.0
afterstate_full_board_best_checkpoint,303,304,175.0
afterstate_full_board_best_checkpoint,304,305,128.0
afterstate_full_board_best_checkpoint,305,306,118.0
afterstate_full_board_best_checkpoint,306,307,204.0
afterstate_full_board_best_checkpoint,307,308,166.0
afterstate_full_board_best_checkpoint,308,309,152.0
afterstate_full_board_best_checkpoint,309,310,87.0
afterstate_full_board_best_checkpoint,310,311,200.0
afterstate_full_board_best_checkpoint,311,312,180.0
afterstate_full_board_best_checkpoint,312,313,164.0
afterstate_full_board_best_checkpoint,313,314,204.0
afterstate_full_board_best_checkpoint,314,315,189.0
afterstate_full_board_best_checkpoint,315,316,152.0
afterstate_full_board_best_checkpoint,316,317,209.0
afterstate_full_board_best_checkpoint,317,318,231.0
afterstate_full_board_best_checkpoint,318,319,118.0
afterstate_full_board_best_checkpoint,319,320,126.0
afterstate_full_board_best_checkpoint,320,321,173.0
afterstate_full_board_best_checkpoint,321,322,206.0
afterstate_full_board_best_checkpoint,322,323,199.0
afterstate_full_board_best_checkpoint,323,324,139.0
afterstate_full_board_best_checkpoint,324,325,161.0
afterstate_full_board_best_checkpoint,325,326,170.0
afterstate_full_board_best_checkpoint,326,327,130.0
afterstate_full_board_best_checkpoint,327,328,198.0
afterstate_full_board_best_checkpoint,328,329,137.0
afterstate_full_board_best_checkpoint,329,330,137.0
afterstate_full_board_best_checkpoint,330,331,163.0
afterstate_full_board_best_checkpoint,331,332,120.0
afterstate_full_board_best_checkpoint,332,333,153.0
afterstate_full_board_best_checkpoint,333,334,193.0
afterstate_full_board_best_checkpoint,334,335,172.0
afterstate_full_board_best_checkpoint,335,336,188.0
afterstate_full_board_best_checkpoint,336,337,179.0
afterstate_full_board_best_checkpoint,337,338,134.0
afterstate_full_board_best_checkpoint,338,339,191.0
afterstate_full_board_best_checkpoint,339,340,174.0
afterstate_full_board_best_checkpoint,340,341,129.0
afterstate_full_board_best_checkpoint,341,342,189.0
afterstate_full_board_best_checkpoint,342,343,160.0
afterstate_full_board_best_checkpoint,343,344,146.0
afterstate_full_board_best_checkpoint,344,345,134.0
afterstate_full_board_best_checkpoint,345,346,171.0
afterstate_full_board_best_checkpoint,346,347,162.0
afterstate_full_board_best_checkpoint,347,348,86.0
afterstate_full_board_best_checkpoint,348,349,158.0
afterstate_full_board_best_checkpoint,349,350,149.0
afterstate_full_board_best_checkpoint,350,351,136.0
afterstate_full_board_best_checkpoint,351,352,132.0
afterstate_full_board_best_checkpoint,352,353,126.0
afterstate_full_board_best_checkpoint,353,354,193.0
afterstate_full_board_best_checkpoint,354,355,148.0
afterstate_full_board_best_checkpoint,355,356,163.0
afterstate_full_board_best_checkpoint,356,357,133.0
afterstate_full_board_best_checkpoint,357,358,126.0
afterstate_full_board_best_checkpoint,358,359,195.0
afterstate_full_board_best_checkpoint,359,360,213.0
afterstate_full_board_best_checkpoint,360,361,193.0
afterstate_full_board_best_checkpoint,361,362,164.0
afterstate_full_board_best_checkpoint,362,363,175.0
afterstate_full_board_best_checkpoint,363,364,184.0
afterstate_full_board_best_checkpoint,364,365,161.0
afterstate_full_board_best_checkpoint,365,366,162.0
afterstate_full_board_best_checkpoint,366,367,169.0
afterstate_full_board_best_checkpoint,367,368,190.0
afterstate_full_board_best_checkpoint,368,369,103.0
afterstate_full_board_best_checkpoint,369,370,184.0
afterstate_full_board_best_checkpoint,370,371,130.0
afterstate_full_board_best_checkpoint,371,372,118.0
afterstate_full_board_best_checkpoint,372,373,221.0
afterstate_full_board_best_checkpoint,373,374,130.0
afterstate_full_board_best_checkpoint,374,375,141.0
afterstate_full_board_best_checkpoint,375,376,89.0
afterstate_full_board_best_checkpoint,376,377,166.0
afterstate_full_board_best_checkpoint,377,378,152.0
afterstate_full_board_best_checkpoint,378,379,168.0
afterstate_full_board_best_checkpoint,379,380,134.0
afterstate_full_board_best_checkpoint,380,381,177.0
afterstate_full_board_best_checkpoint,381,382,186.0
afterstate_full_board_best_checkpoint,382,383,156.0
afterstate_full_board_best_checkpoint,383,384,189.0
afterstate_full_board_best_checkpoint,384,385,178.0
afterstate_full_board_best_checkpoint,385,386,133.0
afterstate_full_board_best_checkpoint,386,387,157.0
afterstate_full_board_best_checkpoint,387,388,149.0
afterstate_full_board_best_checkpoint,388,389,87.0
afterstate_full_board_best_checkpoint,389,390,145.0
afterstate_full_board_best_checkpoint,390,391,203.0
afterstate_full_board_best_checkpoint,391,392,132.0
afterstate_full_board_best_checkpoint,392,393,152.0
afterstate_full_board_best_checkpoint,393,394,173.0
afterstate_full_board_best_checkpoint,394,395,96.0
afterstate_full_board_best_checkpoint,395,396,115.0
afterstate_full_board_best_checkpoint,396,397,97.0
afterstate_full_board_best_checkpoint,397,398,149.0
afterstate_full_board_best_checkpoint,398,399,185.0
afterstate_full_board_best_checkpoint,399,400,139.0
afterstate_full_board_best_checkpoint,400,401,165.0
afterstate_full_board_best_checkpoint,401,402,133.0
afterstate_full_board_best_checkpoint,402,403,170.0
afterstate_full_board_best_checkpoint,403,404,147.0
afterstate_full_board_best_checkpoint,404,405,193.0
afterstate_full_board_best_checkpoint,405,406,180.0
afterstate_full_board_best_checkpoint,406,407,129.0
afterstate_full_board_best_checkpoint,407,408,162.0
afterstate_full_board_best_checkpoint,408,409,160.0
afterstate_full_board_best_checkpoint,409,410,182.0
afterstate_full_board_best_checkpoint,410,411,128.0
afterstate_full_board_best_checkpoint,411,412,140.0
afterstate_full_board_best_checkpoint,412,413,128.0
afterstate_full_board_best_checkpoint,413,414,166.0
afterstate_full_board_best_checkpoint,414,415,183.0
afterstate_full_board_best_checkpoint,415,416,184.0
afterstate_full_board_best_checkpoint,416,417,192.0
afterstate_full_board_best_checkpoint,417,418,148.0
afterstate_full_board_best_checkpoint,418,419,213.0
afterstate_full_board_best_checkpoint,419,420,143.0
afterstate_full_board_best_checkpoint,420,421,159.0
afterstate_full_board_best_checkpoint,421,422,145.0
afterstate_full_board_best_checkpoint,422,423,121.0
afterstate_full_board_best_checkpoint,423,424,175.0
afterstate_full_board_best_checkpoint,424,425,147.0
afterstate_full_board_best_checkpoint,425,426,159.0
afterstate_full_board_best_checkpoint,426,427,173.0
afterstate_full_board_best_checkpoint,427,428,141.0
afterstate_full_board_best_checkpoint,428,429,160.0
afterstate_full_board_best_checkpoint,429,430,184.0
afterstate_full_board_best_checkpoint,430,431,127.0
afterstate_full_board_best_checkpoint,431,432,200.0
afterstate_full_board_best_checkpoint,432,433,204.0
afterstate_full_board_best_checkpoint,433,434,152.0
afterstate_full_board_best_checkpoint,434,435,133.0
afterstate_full_board_best_checkpoint,435,436,150.0
afterstate_full_board_best_checkpoint,436,437,184.0
afterstate_full_board_best_checkpoint,437,438,98.0
afterstate_full_board_best_checkpoint,438,439,78.0
afterstate_full_board_best_checkpoint,439,440,185.0
afterstate_full_board_best_checkpoint,440,441,180.0
afterstate_full_board_best_checkpoint,441,442,188.0
afterstate_full_board_best_checkpoint,442,443,186.0
afterstate_full_board_best_checkpoint,443,444,133.0
afterstate_full_board_best_checkpoint,444,445,138.0
afterstate_full_board_best_checkpoint,445,446,197.0
afterstate_full_board_best_checkpoint,446,447,150.0
afterstate_full_board_best_checkpoint,447,448,127.0
afterstate_full_board_best_checkpoint,448,449,146.0
afterstate_full_board_best_checkpoint,449,450,84.0
afterstate_full_board_best_checkpoint,450,451,143.0
afterstate_full_board_best_checkpoint,451,452,158.0
afterstate_full_board_best_checkpoint,452,453,172.0
afterstate_full_board_best_checkpoint,453,454,174.0
afterstate_full_board_best_checkpoint,454,455,154.0
afterstate_full_board_best_checkpoint,455,456,110.0
afterstate_full_board_best_checkpoint,456,457,216.0
afterstate_full_board_best_checkpoint,457,458,187.0
afterstate_full_board_best_checkpoint,458,459,212.0
afterstate_full_board_best_checkpoint,459,460,138.0
afterstate_full_board_best_checkpoint,460,461,187.0
afterstate_full_board_best_checkpoint,461,462,163.0
afterstate_full_board_best_checkpoint,462,463,127.0
afterstate_full_board_best_checkpoint,463,464,190.0
afterstate_full_board_best_checkpoint,464,465,134.0
afterstate_full_board_best_checkpoint,465,466,165.0
afterstate_full_board_best_checkpoint,466,467,146.0
afterstate_full_board_best_checkpoint,467,468,146.0
afterstate_full_board_best_checkpoint,468,469,157.0
afterstate_full_board_best_checkpoint,469,470,145.0
afterstate_full_board_best_checkpoint,470,471,126.0
afterstate_full_board_best_checkpoint,471,472,170.0
afterstate_full_board_best_checkpoint,472,473,188.0
afterstate_full_board_best_checkpoint,473,474,199.0
afterstate_full_board_best_checkpoint,474,475,142.0
afterstate_full_board_best_checkpoint,475,476,156.0
afterstate_full_board_best_checkpoint,476,477,182.0
afterstate_full_board_best_checkpoint,477,478,172.0
afterstate_full_board_best_checkpoint,478,479,144.0
afterstate_full_board_best_checkpoint,479,480,145.0
afterstate_full_board_best_checkpoint,480,481,210.0
afterstate_full_board_best_checkpoint,481,482,162.0
afterstate_full_board_best_checkpoint,482,483,212.0
afterstate_full_board_best_checkpoint,483,484,159.0
afterstate_full_board_best_checkpoint,484,485,170.0
afterstate_full_board_best_checkpoint,485,486,160.0
afterstate_full_board_best_checkpoint,486,487,163.0
afterstate_full_board_best_checkpoint,487,488,164.0
afterstate_full_board_best_checkpoint,488,489,143.0
afterstate_full_board_best_checkpoint,489,490,170.0
afterstate_full_board_best_checkpoint,490,491,154.0
afterstate_full_board_best_checkpoint,491,492,153.0
afterstate_full_board_best_checkpoint,492,493,165.0
afterstate_full_board_best_checkpoint,493,494,193.0
afterstate_full_board_best_checkpoint,494,495,179.0
afterstate_full_board_best_checkpoint,495,496,143.0
afterstate_full_board_best_checkpoint,496,497,145.0
afterstate_full_board_best_checkpoint,497,498,187.0
afterstate_full_board_best_checkpoint,498,499,150.0
afterstate_full_board_best_checkpoint,499,500,106.0
afterstate_full_board_best_checkpoint,500,501,160.0
afterstate_full_board_best_checkpoint,501,502,149.0
afterstate_full_board_best_checkpoint,502,503,151.0
afterstate_full_board_best_checkpoint,503,504,213.0
afterstate_full_board_best_checkpoint,504,505,172.0
afterstate_full_board_best_checkpoint,505,506,117.0
afterstate_full_board_best_checkpoint,506,507,163.0
afterstate_full_board_best_checkpoint,507,508,156.0
afterstate_full_board_best_checkpoint,508,509,165.0
afterstate_full_board_best_checkpoint,509,510,133.0
afterstate_full_board_best_checkpoint,510,511,183.0
afterstate_full_board_best_checkpoint,511,512,123.0
afterstate_full_board_best_checkpoint,512,513,178.0
afterstate_full_board_best_checkpoint,513,514,154.0
afterstate_full_board_best_checkpoint,514,515,147.0
afterstate_full_board_best_checkpoint,515,516,170.0
afterstate_full_board_best_checkpoint,516,517,167.0
afterstate_full_board_best_checkpoint,517,518,184.0
afterstate_full_board_best_checkpoint,518,519,101.0
afterstate_full_board_best_checkpoint,519,520,189.0
afterstate_full_board_best_checkpoint,520,521,135.0
afterstate_full_board_best_checkpoint,521,522,135.0
afterstate_full_board_best_checkpoint,522,523,171.0
afterstate_full_board_best_checkpoint,523,524,152.0
afterstate_full_board_best_checkpoint,524,525,157.0
afterstate_full_board_best_checkpoint,525,526,153.0
afterstate_full_board_best_checkpoint,526,527,161.0
afterstate_full_board_best_checkpoint,527,528,139.0
afterstate_full_board_best_checkpoint,528,529,167.0
afterstate_full_board_best_checkpoint,529,530,148.0
afterstate_full_board_best_checkpoint,530,531,162.0
afterstate_full_board_best_checkpoint,531,532,153.0
afterstate_full_board_best_checkpoint,532,533,140.0
afterstate_full_board_best_checkpoint,533,534,145.0
afterstate_full_board_best_checkpoint,534,535,151.0
afterstate_full_board_best_checkpoint,535,536,128.0
afterstate_full_board_best_checkpoint,536,537,153.0
afterstate_full_board_best_checkpoint,537,538,176.0
afterstate_full_board_best_checkpoint,538,539,168.0
afterstate_full_board_best_checkpoint,539,540,157.0
afterstate_full_board_best_checkpoint,540,541,151.0
afterstate_full_board_best_checkpoint,541,542,146.0
afterstate_full_board_best_checkpoint,542,543,186.0
afterstate_full_board_best_checkpoint,543,544,122.0
afterstate_full_board_best_checkpoint,544,545,141.0
afterstate_full_board_best_checkpoint,545,546,174.0
afterstate_full_board_best_checkpoint,546,547,139.0
afterstate_full_board_best_checkpoint,547,548,191.0
afterstate_full_board_best_checkpoint,548,549,135.0
afterstate_full_board_best_checkpoint,549,550,172.0
afterstate_full_board_best_checkpoint,550,551,148.0
afterstate_full_board_best_checkpoint,551,552,203.0
afterstate_full_board_best_checkpoint,552,553,165.0
afterstate_full_board_best_checkpoint,553,554,163.0
afterstate_full_board_best_checkpoint,554,555,169.0
afterstate_full_board_best_checkpoint,555,556,173.0
afterstate_full_board_best_checkpoint,556,557,147.0
afterstate_full_board_best_checkpoint,557,558,151.0
afterstate_full_board_best_checkpoint,558,559,140.0
afterstate_full_board_best_checkpoint,559,560,160.0
afterstate_full_board_best_checkpoint,560,561,199.0
afterstate_full_board_best_checkpoint,561,562,159.0
afterstate_full_board_best_checkpoint,562,563,180.0
afterstate_full_board_best_checkpoint,563,564,160.0
afterstate_full_board_best_checkpoint,564,565,157.0
afterstate_full_board_best_checkpoint,565,566,229.0
afterstate_full_board_best_checkpoint,566,567,197.0
afterstate_full_board_best_checkpoint,567,568,215.0
afterstate_full_board_best_checkpoint,568,569,192.0
afterstate_full_board_best_checkpoint,569,570,125.0
afterstate_full_board_best_checkpoint,570,571,184.0
afterstate_full_board_best_checkpoint,571,572,152.0
afterstate_full_board_best_checkpoint,572,573,161.0
afterstate_full_board_best_checkpoint,573,574,197.0
afterstate_full_board_best_checkpoint,574,575,189.0
afterstate_full_board_best_checkpoint,575,576,164.0
afterstate_full_board_best_checkpoint,576,577,165.0
afterstate_full_board_best_checkpoint,577,578,150.0
afterstate_full_board_best_checkpoint,578,579,186.0
afterstate_full_board_best_checkpoint,579,580,143.0
afterstate_full_board_best_checkpoint,580,581,151.0
afterstate_full_board_best_checkpoint,581,582,184.0
afterstate_full_board_best_checkpoint,582,583,139.0
afterstate_full_board_best_checkpoint,583,584,152.0
afterstate_full_board_best_checkpoint,584,585,143.0
afterstate_full_board_best_checkpoint,585,586,120.0
afterstate_full_board_best_checkpoint,586,587,147.0
afterstate_full_board_best_checkpoint,587,588,175.0
afterstate_full_board_best_checkpoint,588,589,173.0
afterstate_full_board_best_checkpoint,589,590,134.0
afterstate_full_board_best_checkpoint,590,591,122.0
afterstate_full_board_best_checkpoint,591,592,150.0
afterstate_full_board_best_checkpoint,592,593,162.0
afterstate_full_board_best_checkpoint,593,594,155.0
afterstate_full_board_best_checkpoint,594,595,143.0
afterstate_full_board_best_checkpoint,595,596,177.0
afterstate_full_board_best_checkpoint,596,597,134.0
afterstate_full_board_best_checkpoint,597,598,174.0
afterstate_full_board_best_checkpoint,598,599,184.0
afterstate_full_board_best_checkpoint,599,600,158.0
afterstate_full_board_best_checkpoint,600,601,171.0
afterstate_full_board_best_checkpoint,601,602,137.0
afterstate_full_board_best_checkpoint,602,603,171.0
afterstate_full_board_best_checkpoint,603,604,105.0
afterstate_full_board_best_checkpoint,604,605,157.0
afterstate_full_board_best_checkpoint,605,606,211.0
afterstate_full_board_best_checkpoint,606,607,173.0
afterstate_full_board_best_checkpoint,607,608,139.0
afterstate_full_board_best_checkpoint,608,609,161.0
afterstate_full_board_best_checkpoint,609,610,160.0
afterstate_full_board_best_checkpoint,610,611,148.0
afterstate_full_board_best_checkpoint,611,612,168.0
afterstate_full_board_best_checkpoint,612,613,164.0
afterstate_full_board_best_checkpoint,613,614,193.0
afterstate_full_board_best_checkpoint,614,615,132.0
afterstate_full_board_best_checkpoint,615,616,190.0
afterstate_full_board_best_checkpoint,616,617,124.0
afterstate_full_board_best_checkpoint,617,618,114.0
afterstate_full_board_best_checkpoint,618,619,139.0
afterstate_full_board_best_checkpoint,619,620,162.0
afterstate_full_board_best_checkpoint,620,621,155.0
afterstate_full_board_best_checkpoint,621,622,122.0
afterstate_full_board_best_checkpoint,622,623,194.0
afterstate_full_board_best_checkpoint,623,624,155.0
afterstate_full_board_best_checkpoint,624,625,133.0
afterstate_full_board_best_checkpoint,625,626,171.0
afterstate_full_board_best_checkpoint,626,627,130.0
afterstate_full_board_best_checkpoint,627,628,161.0
afterstate_full_board_best_checkpoint,628,629,150.0
afterstate_full_board_best_checkpoint,629,630,180.0
afterstate_full_board_best_checkpoint,630,631,173.0
afterstate_full_board_best_checkpoint,631,632,176.0
afterstate_full_board_best_checkpoint,632,633,143.0
afterstate_full_board_best_checkpoint,633,634,141.0
afterstate_full_board_best_checkpoint,634,635,165.0
afterstate_full_board_best_checkpoint,635,636,163.0
afterstate_full_board_best_checkpoint,636,637,163.0
afterstate_full_board_best_checkpoint,637,638,119.0
afterstate_full_board_best_checkpoint,638,639,143.0
afterstate_full_board_best_checkpoint,639,640,147.0
afterstate_full_board_best_checkpoint,640,641,138.0
afterstate_full_board_best_checkpoint,641,642,173.0
afterstate_full_board_best_checkpoint,642,643,161.0
afterstate_full_board_best_checkpoint,643,644,164.0
afterstate_full_board_best_checkpoint,644,645,148.0
afterstate_full_board_best_checkpoint,645,646,163.0
afterstate_full_board_best_checkpoint,646,647,129.0
afterstate_full_board_best_checkpoint,647,648,156.0
afterstate_full_board_best_checkpoint,648,649,157.0
afterstate_full_board_best_checkpoint,649,650,167.0
afterstate_full_board_best_checkpoint,650,651,162.0
afterstate_full_board_best_checkpoint,651,652,154.0
afterstate_full_board_best_checkpoint,652,653,139.0
afterstate_full_board_best_checkpoint,653,654,188.0
afterstate_full_board_best_checkpoint,654,655,158.0
afterstate_full_board_best_checkpoint,655,656,131.0
afterstate_full_board_best_checkpoint,656,657,153.0
afterstate_full_board_best_checkpoint,657,658,144.0
afterstate_full_board_best_checkpoint,658,659,191.0
afterstate_full_board_best_checkpoint,659,660,213.0
afterstate_full_board_best_checkpoint,660,661,130.0
afterstate_full_board_best_checkpoint,661,662,188.0
afterstate_full_board_best_checkpoint,662,663,156.0
afterstate_full_board_best_checkpoint,663,664,140.0
afterstate_full_board_best_checkpoint,664,665,183.0
afterstate_full_board_best_checkpoint,665,666,184.0
afterstate_full_board_best_checkpoint,666,667,168.0
afterstate_full_board_best_checkpoint,667,668,152.0
afterstate_full_board_best_checkpoint,668,669,130.0
afterstate_full_board_best_checkpoint,669,670,190.0
afterstate_full_board_best_checkpoint,670,671,166.0
afterstate_full_board_best_checkpoint,671,672,171.0
afterstate_full_board_best_checkpoint,672,673,135.0
afterstate_full_board_best_checkpoint,673,674,183.0
afterstate_full_board_best_checkpoint,674,675,153.0
afterstate_full_board_best_checkpoint,675,676,173.0
afterstate_full_board_best_checkpoint,676,677,133.0
afterstate_full_board_best_checkpoint,677,678,199.0
afterstate_full_board_best_checkpoint,678,679,173.0
afterstate_full_board_best_checkpoint,679,680,143.0
afterstate_full_board_best_checkpoint,680,681,173.0
afterstate_full_board_best_checkpoint,681,682,141.0
afterstate_full_board_best_checkpoint,682,683,131.0
afterstate_full_board_best_checkpoint,683,684,136.0
afterstate_full_board_best_checkpoint,684,685,113.0
afterstate_full_board_best_checkpoint,685,686,181.0
afterstate_full_board_best_checkpoint,686,687,177.0
afterstate_full_board_best_checkpoint,687,688,166.0
afterstate_full_board_best_checkpoint,688,689,154.0
afterstate_full_board_best_checkpoint,689,690,176.0
afterstate_full_board_best_checkpoint,690,691,196.0
afterstate_full_board_best_checkpoint,691,692,162.0
afterstate_full_board_best_checkpoint,692,693,138.0
afterstate_full_board_best_checkpoint,693,694,185.0
afterstate_full_board_best_checkpoint,694,695,200.0
afterstate_full_board_best_checkpoint,695,696,210.0
afterstate_full_board_best_checkpoint,696,697,181.0
afterstate_full_board_best_checkpoint,697,698,137.0
afterstate_full_board_best_checkpoint,698,699,163.0
afterstate_full_board_best_checkpoint,699,700,170.0
afterstate_full_board_best_checkpoint,700,701,193.0
afterstate_full_board_best_checkpoint,701,702,177.0
afterstate_full_board_best_checkpoint,702,703,221.0
afterstate_full_board_best_checkpoint,703,704,166.0
afterstate_full_board_best_checkpoint,704,705,182.0
afterstate_full_board_best_checkpoint,705,706,165.0
afterstate_full_board_best_checkpoint,706,707,111.0
afterstate_full_board_best_checkpoint,707,708,160.0
afterstate_full_board_best_checkpoint,708,709,184.0
afterstate_full_board_best_checkpoint,709,710,177.0
afterstate_full_board_best_checkpoint,710,711,173.0
afterstate_full_board_best_checkpoint,711,712,192.0
afterstate_full_board_best_checkpoint,712,713,186.0
afterstate_full_board_best_checkpoint,713,714,168.0
afterstate_full_board_best_checkpoint,714,715,175.0
afterstate_full_board_best_checkpoint,715,716,157.0
afterstate_full_board_best_checkpoint,716,717,183.0
afterstate_full_board_best_checkpoint,717,718,159.0
afterstate_full_board_best_checkpoint,718,719,163.0
afterstate_full_board_best_checkpoint,719,720,160.0
afterstate_full_board_best_checkpoint,720,721,153.0
afterstate_full_board_best_checkpoint,721,722,105.0
afterstate_full_board_best_checkpoint,722,723,125.0
afterstate_full_board_best_checkpoint,723,724,184.0
afterstate_full_board_best_checkpoint,724,725,143.0
afterstate_full_board_best_checkpoint,725,726,137.0
afterstate_full_board_best_checkpoint,726,727,184.0
afterstate_full_board_best_checkpoint,727,728,211.0
afterstate_full_board_best_checkpoint,728,729,196.0
afterstate_full_board_best_checkpoint,729,730,171.0
afterstate_full_board_best_checkpoint,730,731,190.0
afterstate_full_board_best_checkpoint,731,732,169.0
afterstate_full_board_best_checkpoint,732,733,170.0
afterstate_full_board_best_checkpoint,733,734,133.0
afterstate_full_board_best_checkpoint,734,735,111.0
afterstate_full_board_best_checkpoint,735,736,168.0
afterstate_full_board_best_checkpoint,736,737,148.0
afterstate_full_board_best_checkpoint,737,738,164.0
afterstate_full_board_best_checkpoint,738,739,162.0
afterstate_full_board_best_checkpoint,739,740,128.0
afterstate_full_board_best_checkpoint,740,741,140.0
afterstate_full_board_best_checkpoint,741,742,150.0
afterstate_full_board_best_checkpoint,742,743,150.0
afterstate_full_board_best_checkpoint,743,744,166.0
afterstate_full_board_best_checkpoint,744,745,125.0
afterstate_full_board_best_checkpoint,745,746,163.0
afterstate_full_board_best_checkpoint,746,747,179.0
afterstate_full_board_best_checkpoint,747,748,212.0
afterstate_full_board_best_checkpoint,748,749,165.0
afterstate_full_board_best_checkpoint,749,750,153.0
afterstate_full_board_best_checkpoint,750,751,145.0
afterstate_full_board_best_checkpoint,751,752,134.0
afterstate_full_board_best_checkpoint,752,753,160.0
afterstate_full_board_best_checkpoint,753,754,154.0
afterstate_full_board_best_checkpoint,754,755,175.0
afterstate_full_board_best_checkpoint,755,756,146.0
afterstate_full_board_best_checkpoint,756,757,184.0
afterstate_full_board_best_checkpoint,757,758,100.0
afterstate_full_board_best_checkpoint,758,759,116.0
afterstate_full_board_best_checkpoint,759,760,187.0
afterstate_full_board_best_checkpoint,760,761,138.0
afterstate_full_board_best_checkpoint,761,762,180.0
afterstate_full_board_best_checkpoint,762,763,173.0
afterstate_full_board_best_checkpoint,763,764,138.0
afterstate_full_board_best_checkpoint,764,765,152.0
afterstate_full_board_best_checkpoint,765,766,175.0
afterstate_full_board_best_checkpoint,766,767,126.0
afterstate_full_board_best_checkpoint,767,768,159.0
afterstate_full_board_best_checkpoint,768,769,167.0
afterstate_full_board_best_checkpoint,769,770,166.0
afterstate_full_board_best_checkpoint,770,771,153.0
afterstate_full_board_best_checkpoint,771,772,137.0
afterstate_full_board_best_checkpoint,772,773,152.0
afterstate_full_board_best_checkpoint,773,774,162.0
afterstate_full_board_best_checkpoint,774,775,129.0
afterstate_full_board_best_checkpoint,775,776,183.0
afterstate_full_board_best_checkpoint,776,777,141.0
afterstate_full_board_best_checkpoint,777,778,173.0
afterstate_full_board_best_checkpoint,778,779,156.0
afterstate_full_board_best_checkpoint,779,780,155.0
afterstate_full_board_best_checkpoint,780,781,189.0
afterstate_full_board_best_checkpoint,781,782,215.0
afterstate_full_board_best_checkpoint,782,783,113.0
afterstate_full_board_best_checkpoint,783,784,170.0
afterstate_full_board_best_checkpoint,784,785,204.0
afterstate_full_board_best_checkpoint,785,786,154.0
afterstate_full_board_best_checkpoint,786,787,148.0
afterstate_full_board_best_checkpoint,787,788,129.0
afterstate_full_board_best_checkpoint,788,789,163.0
afterstate_full_board_best_checkpoint,789,790,173.0
afterstate_full_board_best_checkpoint,790,791,144.0
afterstate_full_board_best_checkpoint,791,792,171.0
afterstate_full_board_best_checkpoint,792,793,140.0
afterstate_full_board_best_checkpoint,793,794,142.0
afterstate_full_board_best_checkpoint,794,795,141.0
afterstate_full_board_best_checkpoint,795,796,199.0
afterstate_full_board_best_checkpoint,796,797,131.0
afterstate_full_board_best_checkpoint,797,798,161.0
afterstate_full_board_best_checkpoint,798,799,195.0
afterstate_full_board_best_checkpoint,799,800,160.0
afterstate_full_board_best_checkpoint,800,801,118.0
afterstate_full_board_best_checkpoint,801,802,154.0
afterstate_full_board_best_checkpoint,802,803,127.0
afterstate_full_board_best_checkpoint,803,804,134.0
afterstate_full_board_best_checkpoint,804,805,119.0
afterstate_full_board_best_checkpoint,805,806,150.0
afterstate_full_board_best_checkpoint,806,807,190.0
afterstate_full_board_best_checkpoint,807,808,162.0
afterstate_full_board_best_checkpoint,808,809,126.0
afterstate_full_board_best_checkpoint,809,810,131.0
afterstate_full_board_best_checkpoint,810,811,168.0
afterstate_full_board_best_checkpoint,811,812,185.0
afterstate_full_board_best_checkpoint,812,813,151.0
afterstate_full_board_best_checkpoint,813,814,149.0
afterstate_full_board_best_checkpoint,814,815,115.0
afterstate_full_board_best_checkpoint,815,816,144.0
afterstate_full_board_best_checkpoint,816,817,155.0
afterstate_full_board_best_checkpoint,817,818,177.0
afterstate_full_board_best_checkpoint,818,819,142.0
afterstate_full_board_best_checkpoint,819,820,150.0
afterstate_full_board_best_checkpoint,820,821,141.0
afterstate_full_board_best_checkpoint,821,822,107.0
afterstate_full_board_best_checkpoint,822,823,158.0
afterstate_full_board_best_checkpoint,823,824,177.0
afterstate_full_board_best_checkpoint,824,825,163.0
afterstate_full_board_best_checkpoint,825,826,138.0
afterstate_full_board_best_checkpoint,826,827,150.0
afterstate_full_board_best_checkpoint,827,828,141.0
afterstate_full_board_best_checkpoint,828,829,162.0
afterstate_full_board_best_checkpoint,829,830,157.0
afterstate_full_board_best_checkpoint,830,831,154.0
afterstate_full_board_best_checkpoint,831,832,98.0
afterstate_full_board_best_checkpoint,832,833,180.0
afterstate_full_board_best_checkpoint,833,834,176.0
afterstate_full_board_best_checkpoint,834,835,143.0
afterstate_full_board_best_checkpoint,835,836,216.0
afterstate_full_board_best_checkpoint,836,837,188.0
afterstate_full_board_best_checkpoint,837,838,190.0
afterstate_full_board_best_checkpoint,838,839,182.0
afterstate_full_board_best_checkpoint,839,840,180.0
afterstate_full_board_best_checkpoint,840,841,122.0
afterstate_full_board_best_checkpoint,841,842,111.0
afterstate_full_board_best_checkpoint,842,843,179.0
afterstate_full_board_best_checkpoint,843,844,122.0
afterstate_full_board_best_checkpoint,844,845,165.0
afterstate_full_board_best_checkpoint,845,846,187.0
afterstate_full_board_best_checkpoint,846,847,187.0
afterstate_full_board_best_checkpoint,847,848,191.0
afterstate_full_board_best_checkpoint,848,849,178.0
afterstate_full_board_best_checkpoint,849,850,174.0
afterstate_full_board_best_checkpoint,850,851,182.0
afterstate_full_board_best_checkpoint,851,852,108.0
afterstate_full_board_best_checkpoint,852,853,110.0
afterstate_full_board_best_checkpoint,853,854,138.0
afterstate_full_board_best_checkpoint,854,855,191.0
afterstate_full_board_best_checkpoint,855,856,140.0
afterstate_full_board_best_checkpoint,856,857,181.0
afterstate_full_board_best_checkpoint,857,858,159.0
afterstate_full_board_best_checkpoint,858,859,204.0
afterstate_full_board_best_checkpoint,859,860,139.0
afterstate_full_board_best_checkpoint,860,861,142.0
afterstate_full_board_best_checkpoint,861,862,207.0
afterstate_full_board_best_checkpoint,862,863,176.0
afterstate_full_board_best_checkpoint,863,864,163.0
afterstate_full_board_best_checkpoint,864,865,124.0
afterstate_full_board_best_checkpoint,865,866,139.0
afterstate_full_board_best_checkpoint,866,867,152.0
afterstate_full_board_best_checkpoint,867,868,156.0
afterstate_full_board_best_checkpoint,868,869,137.0
afterstate_full_board_best_checkpoint,869,870,143.0
afterstate_full_board_best_checkpoint,870,871,212.0
afterstate_full_board_best_checkpoint,871,872,160.0
afterstate_full_board_best_checkpoint,872,873,158.0
afterstate_full_board_best_checkpoint,873,874,158.0
afterstate_full_board_best_checkpoint,874,875,165.0
afterstate_full_board_best_checkpoint,875,876,120.0
afterstate_full_board_best_checkpoint,876,877,155.0
afterstate_full_board_best_checkpoint,877,878,147.0
afterstate_full_board_best_checkpoint,878,879,129.0
afterstate_full_board_best_checkpoint,879,880,138.0
afterstate_full_board_best_checkpoint,880,881,139.0
afterstate_full_board_best_checkpoint,881,882,164.0
afterstate_full_board_best_checkpoint,882,883,138.0
afterstate_full_board_best_checkpoint,883,884,187.0
afterstate_full_board_best_checkpoint,884,885,111.0
afterstate_full_board_best_checkpoint,885,886,156.0
afterstate_full_board_best_checkpoint,886,887,180.0
afterstate_full_board_best_checkpoint,887,888,115.0
afterstate_full_board_best_checkpoint,888,889,143.0
afterstate_full_board_best_checkpoint,889,890,121.0
afterstate_full_board_best_checkpoint,890,891,200.0
afterstate_full_board_best_checkpoint,891,892,146.0
afterstate_full_board_best_checkpoint,892,893,131.0
afterstate_full_board_best_checkpoint,893,894,157.0
afterstate_full_board_best_checkpoint,894,895,180.0
afterstate_full_board_best_checkpoint,895,896,161.0
afterstate_full_board_best_checkpoint,896,897,193.0
afterstate_full_board_best_checkpoint,897,898,165.0
afterstate_full_board_best_checkpoint,898,899,124.0
afterstate_full_board_best_checkpoint,899,900,204.0
afterstate_full_board_best_checkpoint,900,901,147.0
afterstate_full_board_best_checkpoint,901,902,170.0
afterstate_full_board_best_checkpoint,902,903,183.0
afterstate_full_board_best_checkpoint,903,904,177.0
afterstate_full_board_best_checkpoint,904,905,161.0
afterstate_full_board_best_checkpoint,905,906,188.0
afterstate_full_board_best_checkpoint,906,907,164.0
afterstate_full_board_best_checkpoint,907,908,166.0
afterstate_full_board_best_checkpoint,908,909,146.0
afterstate_full_board_best_checkpoint,909,910,162.0
afterstate_full_board_best_checkpoint,910,911,181.0
afterstate_full_board_best_checkpoint,911,912,144.0
afterstate_full_board_best_checkpoint,912,913,166.0
afterstate_full_board_best_checkpoint,913,914,162.0
afterstate_full_board_best_checkpoint,914,915,150.0
afterstate_full_board_best_checkpoint,915,916,175.0
afterstate_full_board_best_checkpoint,916,917,103.0
afterstate_full_board_best_checkpoint,917,918,156.0
afterstate_full_board_best_checkpoint,918,919,168.0
afterstate_full_board_best_checkpoint,919,920,162.0
afterstate_full_board_best_checkpoint,920,921,165.0
afterstate_full_board_best_checkpoint,921,922,161.0
afterstate_full_board_best_checkpoint,922,923,155.0
afterstate_full_board_best_checkpoint,923,924,161.0
afterstate_full_board_best_checkpoint,924,925,148.0
afterstate_full_board_best_checkpoint,925,926,182.0
afterstate_full_board_best_checkpoint,926,927,179.0
afterstate_full_board_best_checkpoint,927,928,255.0
afterstate_full_board_best_checkpoint,928,929,230.0
afterstate_full_board_best_checkpoint,929,930,155.0
afterstate_full_board_best_checkpoint,930,931,207.0
afterstate_full_board_best_checkpoint,931,932,176.0
afterstate_full_board_best_checkpoint,932,933,141.0
afterstate_full_board_best_checkpoint,933,934,144.0
afterstate_full_board_best_checkpoint,934,935,218.0
afterstate_full_board_best_checkpoint,935,936,169.0
afterstate_full_board_best_checkpoint,936,937,137.0
afterstate_full_board_best_checkpoint,937,938,189.0
afterstate_full_board_best_checkpoint,938,939,185.0
afterstate_full_board_best_checkpoint,939,940,152.0
afterstate_full_board_best_checkpoint,940,941,166.0
afterstate_full_board_best_checkpoint,941,942,115.0
afterstate_full_board_best_checkpoint,942,943,167.0
afterstate_full_board_best_checkpoint,943,944,154.0
afterstate_full_board_best_checkpoint,944,945,120.0
afterstate_full_board_best_checkpoint,945,946,167.0
afterstate_full_board_best_checkpoint,946,947,192.0
afterstate_full_board_best_checkpoint,947,948,128.0
afterstate_full_board_best_checkpoint,948,949,128.0
afterstate_full_board_best_checkpoint,949,950,84.0
afterstate_full_board_best_checkpoint,950,951,207.0
afterstate_full_board_best_checkpoint,951,952,111.0
afterstate_full_board_best_checkpoint,952,953,102.0
afterstate_full_board_best_checkpoint,953,954,203.0
afterstate_full_board_best_checkpoint,954,955,135.0
afterstate_full_board_best_checkpoint,955,956,136.0
afterstate_full_board_best_checkpoint,956,957,177.0
afterstate_full_board_best_checkpoint,957,958,173.0
afterstate_full_board_best_checkpoint,958,959,150.0
afterstate_full_board_best_checkpoint,959,960,156.0
afterstate_full_board_best_checkpoint,960,961,174.0
afterstate_full_board_best_checkpoint,961,962,164.0
afterstate_full_board_best_checkpoint,962,963,212.0
afterstate_full_board_best_checkpoint,963,964,128.0
afterstate_full_board_best_checkpoint,964,965,130.0
afterstate_full_board_best_checkpoint,965,966,157.0
afterstate_full_board_best_checkpoint,966,967,139.0
afterstate_full_board_best_checkpoint,967,968,102.0
afterstate_full_board_best_checkpoint,968,969,191.0
afterstate_full_board_best_checkpoint,969,970,126.0
afterstate_full_board_best_checkpoint,970,971,184.0
afterstate_full_board_best_checkpoint,971,972,155.0
afterstate_full_board_best_checkpoint,972,973,127.0
afterstate_full_board_best_checkpoint,973,974,203.0
afterstate_full_board_best_checkpoint,974,975,148.0
afterstate_full_board_best_checkpoint,975,976,158.0
afterstate_full_board_best_checkpoint,976,977,199.0
afterstate_full_board_best_checkpoint,977,978,201.0
afterstate_full_board_best_checkpoint,978,979,157.0
afterstate_full_board_best_checkpoint,979,980,156.0
afterstate_full_board_best_checkpoint,980,981,162.0
afterstate_full_board_best_checkpoint,981,982,140.0
afterstate_full_board_best_checkpoint,982,983,179.0
afterstate_full_board_best_checkpoint,983,984,158.0
afterstate_full_board_best_checkpoint,984,985,133.0
afterstate_full_board_best_checkpoint,985,986,135.0
afterstate_full_board_best_checkpoint,986,987,158.0
afterstate_full_board_best_checkpoint,987,988,162.0
afterstate_full_board_best_checkpoint,988,989,117.0
afterstate_full_board_best_checkpoint,989,990,122.0
afterstate_full_board_best_checkpoint,990,991,199.0
afterstate_full_board_best_checkpoint,991,992,211.0
afterstate_full_board_best_checkpoint,992,993,135.0
afterstate_full_board_best_checkpoint,993,994,186.0
afterstate_full_board_best_checkpoint,994,995,160.0
afterstate_full_board_best_checkpoint,995,996,197.0
afterstate_full_board_best_checkpoint,996,997,159.0
afterstate_full_board_best_checkpoint,997,998,148.0
afterstate_full_board_best_checkpoint,998,999,182.0
afterstate_full_board_best_checkpoint,999,1000,156.0
afterstate_full_board_best_checkpoint,1000,1001,144.0
afterstate_full_board_best_checkpoint,1001,1002,129.0
afterstate_full_board_best_checkpoint,1002,1003,150.0
afterstate_full_board_best_checkpoint,1003,1004,175.0
afterstate_full_board_best_checkpoint,1004,1005,183.0
afterstate_full_board_best_checkpoint,1005,1006,151.0
afterstate_full_board_best_checkpoint,1006,1007,158.0
afterstate_full_board_best_checkpoint,1007,1008,153.0
afterstate_full_board_best_checkpoint,1008,1009,180.0
afterstate_full_board_best_checkpoint,1009,1010,146.0
afterstate_full_board_best_checkpoint,1010,1011,156.0
afterstate_full_board_best_checkpoint,1011,1012,175.0
afterstate_full_board_best_checkpoint,1012,1013,185.0
afterstate_full_board_best_checkpoint,1013,1014,151.0
afterstate_full_board_best_checkpoint,1014,1015,232.0
afterstate_full_board_best_checkpoint,1015,1016,202.0
afterstate_full_board_best_checkpoint,1016,1017,165.0
afterstate_full_board_best_checkpoint,1017,1018,86.0
afterstate_full_board_best_checkpoint,1018,1019,148.0
afterstate_full_board_best_checkpoint,1019,1020,167.0
afterstate_full_board_best_checkpoint,1020,1021,164.0
afterstate_full_board_best_checkpoint,1021,1022,144.0
afterstate_full_board_best_checkpoint,1022,1023,153.0
afterstate_full_board_best_checkpoint,1023,1024,166.0
afterstate_full_board_best_checkpoint,1024,1025,156.0
afterstate_full_board_best_checkpoint,1025,1026,170.0
afterstate_full_board_best_checkpoint,1026,1027,138.0
afterstate_full_board_best_checkpoint,1027,1028,184.0
afterstate_full_board_best_checkpoint,1028,1029,186.0
afterstate_full_board_best_checkpoint,1029,1030,164.0
afterstate_full_board_best_checkpoint,1030,1031,184.0
afterstate_full_board_best_checkpoint,1031,1032,163.0
afterstate_full_board_best_checkpoint,1032,1033,188.0
afterstate_full_board_best_checkpoint,1033,1034,200.0
afterstate_full_board_best_checkpoint,1034,1035,159.0
afterstate_full_board_best_checkpoint,1035,1036,183.0
afterstate_full_board_best_checkpoint,1036,1037,190.0
afterstate_full_board_best_checkpoint,1037,1038,172.0
afterstate_full_board_best_checkpoint,1038,1039,184.0
afterstate_full_board_best_checkpoint,1039,1040,180.0
afterstate_full_board_best_checkpoint,1040,1041,171.0
afterstate_full_board_best_checkpoint,1041,1042,156.0
afterstate_full_board_best_checkpoint,1042,1043,143.0
afterstate_full_board_best_checkpoint,1043,1044,194.0
afterstate_full_board_best_checkpoint,1044,1045,148.0
afterstate_full_board_best_checkpoint,1045,1046,192.0
afterstate_full_board_best_checkpoint,1046,1047,138.0
afterstate_full_board_best_checkpoint,1047,1048,151.0
afterstate_full_board_best_checkpoint,1048,1049,172.0
afterstate_full_board_best_checkpoint,1049,1050,197.0
afterstate_full_board_best_checkpoint,1050,1051,172.0
afterstate_full_board_best_checkpoint,1051,1052,192.0
afterstate_full_board_best_checkpoint,1052,1053,149.0
afterstate_full_board_best_checkpoint,1053,1054,150.0
afterstate_full_board_best_checkpoint,1054,1055,157.0
afterstate_full_board_best_checkpoint,1055,1056,176.0
afterstate_full_board_best_checkpoint,1056,1057,153.0
afterstate_full_board_best_checkpoint,1057,1058,193.0
afterstate_full_board_best_checkpoint,1058,1059,167.0
afterstate_full_board_best_checkpoint,1059,1060,158.0
afterstate_full_board_best_checkpoint,1060,1061,138.0
afterstate_full_board_best_checkpoint,1061,1062,141.0
afterstate_full_board_best_checkpoint,1062,1063,147.0
afterstate_full_board_best_checkpoint,1063,1064,163.0
afterstate_full_board_best_checkpoint,1064,1065,171.0
afterstate_full_board_best_checkpoint,1065,1066,138.0
afterstate_full_board_best_checkpoint,1066,1067,201.0
afterstate_full_board_best_checkpoint,1067,1068,93.0
afterstate_full_board_best_checkpoint,1068,1069,219.0
afterstate_full_board_best_checkpoint,1069,1070,131.0
afterstate_full_board_best_checkpoint,1070,1071,208.0
afterstate_full_board_best_checkpoint,1071,1072,141.0
afterstate_full_board_best_checkpoint,1072,1073,180.0
afterstate_full_board_best_checkpoint,1073,1074,154.0
afterstate_full_board_best_checkpoint,1074,1075,162.0
afterstate_full_board_best_checkpoint,1075,1076,138.0
afterstate_full_board_best_checkpoint,1076,1077,177.0
afterstate_full_board_best_checkpoint,1077,1078,96.0
afterstate_full_board_best_checkpoint,1078,1079,155.0
afterstate_full_board_best_checkpoint,1079,1080,190.0
afterstate_full_board_best_checkpoint,1080,1081,163.0
afterstate_full_board_best_checkpoint,1081,1082,168.0
afterstate_full_board_best_checkpoint,1082,1083,167.0
afterstate_full_board_best_checkpoint,1083,1084,145.0
afterstate_full_board_best_checkpoint,1084,1085,219.0
afterstate_full_board_best_checkpoint,1085,1086,130.0
afterstate_full_board_best_checkpoint,1086,1087,141.0
afterstate_full_board_best_checkpoint,1087,1088,155.0
afterstate_full_board_best_checkpoint,1088,1089,134.0
afterstate_full_board_best_checkpoint,1089,1090,119.0
afterstate_full_board_best_checkpoint,1090,1091,169.0
afterstate_full_board_best_checkpoint,1091,1092,135.0
afterstate_full_board_best_checkpoint,1092,1093,173.0
afterstate_full_board_best_checkpoint,1093,1094,148.0
afterstate_full_board_best_checkpoint,1094,1095,157.0
afterstate_full_board_best_checkpoint,1095,1096,152.0
afterstate_full_board_best_checkpoint,1096,1097,201.0
afterstate_full_board_best_checkpoint,1097,1098,139.0
afterstate_full_board_best_checkpoint,1098,1099,112.0
afterstate_full_board_best_checkpoint,1099,1100,201.0
afterstate_full_board_best_checkpoint,1100,1101,221.0
afterstate_full_board_best_checkpoint,1101,1102,184.0
afterstate_full_board_best_checkpoint,1102,1103,142.0
afterstate_full_board_best_checkpoint,1103,1104,171.0
afterstate_full_board_best_checkpoint,1104,1105,156.0
afterstate_full_board_best_checkpoint,1105,1106,175.0
afterstate_full_board_best_checkpoint,1106,1107,140.0
afterstate_full_board_best_checkpoint,1107,1108,172.0
afterstate_full_board_best_checkpoint,1108,1109,162.0
afterstate_full_board_best_checkpoint,1109,1110,188.0
afterstate_full_board_best_checkpoint,1110,1111,157.0
afterstate_full_board_best_checkpoint,1111,1112,171.0
afterstate_full_board_best_checkpoint,1112,1113,193.0
afterstate_full_board_best_checkpoint,1113,1114,159.0
afterstate_full_board_best_checkpoint,1114,1115,182.0
afterstate_full_board_best_checkpoint,1115,1116,181.0
afterstate_full_board_best_checkpoint,1116,1117,173.0
afterstate_full_board_best_checkpoint,1117,1118,142.0
afterstate_full_board_best_checkpoint,1118,1119,179.0
afterstate_full_board_best_checkpoint,1119,1120,143.0
afterstate_full_board_best_checkpoint,1120,1121,104.0
afterstate_full_board_best_checkpoint,1121,1122,186.0
afterstate_full_board_best_checkpoint,1122,1123,221.0
afterstate_full_board_best_checkpoint,1123,1124,148.0
afterstate_full_board_best_checkpoint,1124,1125,164.0
afterstate_full_board_best_checkpoint,1125,1126,154.0
afterstate_full_board_best_checkpoint,1126,1127,155.0
afterstate_full_board_best_checkpoint,1127,1128,137.0
afterstate_full_board_best_checkpoint,1128,1129,126.0
afterstate_full_board_best_checkpoint,1129,1130,120.0
afterstate_full_board_best_checkpoint,1130,1131,174.0
afterstate_full_board_best_checkpoint,1131,1132,128.0
afterstate_full_board_best_checkpoint,1132,1133,153.0
afterstate_full_board_best_checkpoint,1133,1134,147.0
afterstate_full_board_best_checkpoint,1134,1135,106.0
afterstate_full_board_best_checkpoint,1135,1136,202.0
afterstate_full_board_best_checkpoint,1136,1137,160.0
afterstate_full_board_best_checkpoint,1137,1138,133.0
afterstate_full_board_best_checkpoint,1138,1139,190.0
afterstate_full_board_best_checkpoint,1139,1140,148.0
afterstate_full_board_best_checkpoint,1140,1141,174.0
afterstate_full_board_best_checkpoint,1141,1142,191.0
afterstate_full_board_best_checkpoint,1142,1143,206.0
afterstate_full_board_best_checkpoint,1143,1144,186.0
afterstate_full_board_best_checkpoint,1144,1145,136.0
afterstate_full_board_best_checkpoint,1145,1146,167.0
afterstate_full_board_best_checkpoint,1146,1147,145.0
afterstate_full_board_best_checkpoint,1147,1148,231.0
afterstate_full_board_best_checkpoint,1148,1149,166.0
afterstate_full_board_best_checkpoint,1149,1150,159.0
afterstate_full_board_best_checkpoint,1150,1151,163.0
afterstate_full_board_best_checkpoint,1151,1152,94.0
afterstate_full_board_best_checkpoint,1152,1153,151.0
afterstate_full_board_best_checkpoint,1153,1154,130.0
afterstate_full_board_best_checkpoint,1154,1155,174.0
afterstate_full_board_best_checkpoint,1155,1156,179.0
afterstate_full_board_best_checkpoint,1156,1157,206.0
afterstate_full_board_best_checkpoint,1157,1158,177.0
afterstate_full_board_best_checkpoint,1158,1159,130.0
afterstate_full_board_best_checkpoint,1159,1160,146.0
afterstate_full_board_best_checkpoint,1160,1161,185.0
afterstate_full_board_best_checkpoint,1161,1162,120.0
afterstate_full_board_best_checkpoint,1162,1163,158.0
afterstate_full_board_best_checkpoint,1163,1164,185.0
afterstate_full_board_best_checkpoint,1164,1165,149.0
afterstate_full_board_best_checkpoint,1165,1166,159.0
afterstate_full_board_best_checkpoint,1166,1167,210.0
afterstate_full_board_best_checkpoint,1167,1168,149.0
afterstate_full_board_best_checkpoint,1168,1169,186.0
afterstate_full_board_best_checkpoint,1169,1170,158.0
afterstate_full_board_best_checkpoint,1170,1171,168.0
afterstate_full_board_best_checkpoint,1171,1172,153.0
afterstate_full_board_best_checkpoint,1172,1173,159.0
afterstate_full_board_best_checkpoint,1173,1174,139.0
afterstate_full_board_best_checkpoint,1174,1175,182.0
afterstate_full_board_best_checkpoint,1175,1176,209.0
afterstate_full_board_best_checkpoint,1176,1177,153.0
afterstate_full_board_best_checkpoint,1177,1178,134.0
afterstate_full_board_best_checkpoint,1178,1179,131.0
afterstate_full_board_best_checkpoint,1179,1180,150.0
afterstate_full_board_best_checkpoint,1180,1181,159.0
afterstate_full_board_best_checkpoint,1181,1182,178.0
afterstate_full_board_best_checkpoint,1182,1183,211.0
afterstate_full_board_best_checkpoint,1183,1184,190.0
afterstate_full_board_best_checkpoint,1184,1185,210.0
afterstate_full_board_best_checkpoint,1185,1186,169.0
afterstate_full_board_best_checkpoint,1186,1187,157.0
afterstate_full_board_best_checkpoint,1187,1188,137.0
afterstate_full_board_best_checkpoint,1188,1189,153.0
afterstate_full_board_best_checkpoint,1189,1190,184.0
afterstate_full_board_best_checkpoint,1190,1191,133.0
afterstate_full_board_best_checkpoint,1191,1192,195.0
afterstate_full_board_best_checkpoint,1192,1193,165.0
afterstate_full_board_best_checkpoint,1193,1194,195.0
afterstate_full_board_best_checkpoint,1194,1195,163.0
afterstate_full_board_best_checkpoint,1195,1196,172.0
afterstate_full_board_best_checkpoint,1196,1197,154.0
afterstate_full_board_best_checkpoint,1197,1198,102.0
afterstate_full_board_best_checkpoint,1198,1199,152.0
afterstate_full_board_best_checkpoint,1199,1200,137.0
afterstate_full_board_best_checkpoint,1200,1201,130.0
afterstate_full_board_best_checkpoint,1201,1202,165.0
afterstate_full_board_best_checkpoint,1202,1203,183.0
afterstate_full_board_best_checkpoint,1203,1204,133.0
afterstate_full_board_best_checkpoint,1204,1205,95.0
afterstate_full_board_best_checkpoint,1205,1206,144.0
afterstate_full_board_best_checkpoint,1206,1207,187.0
afterstate_full_board_best_checkpoint,1207,1208,162.0
afterstate_full_board_best_checkpoint,1208,1209,153.0
afterstate_full_board_best_checkpoint,1209,1210,137.0
afterstate_full_board_best_checkpoint,1210,1211,143.0
afterstate_full_board_best_checkpoint,1211,1212,151.0
afterstate_full_board_best_checkpoint,1212,1213,165.0
afterstate_full_board_best_checkpoint,1213,1214,129.0
afterstate_full_board_best_checkpoint,1214,1215,187.0
afterstate_full_board_best_checkpoint,1215,1216,160.0
afterstate_full_board_best_checkpoint,1216,1217,153.0
afterstate_full_board_best_checkpoint,1217,1218,168.0
afterstate_full_board_best_checkpoint,1218,1219,129.0
afterstate_full_board_best_checkpoint,1219,1220,113.0
afterstate_full_board_best_checkpoint,1220,1221,170.0
afterstate_full_board_best_checkpoint,1221,1222,166.0
afterstate_full_board_best_checkpoint,1222,1223,171.0
afterstate_full_board_best_checkpoint,1223,1224,190.0
afterstate_full_board_best_checkpoint,1224,1225,150.0
afterstate_full_board_best_checkpoint,1225,1226,146.0
afterstate_full_board_best_checkpoint,1226,1227,141.0
afterstate_full_board_best_checkpoint,1227,1228,146.0
afterstate_full_board_best_checkpoint,1228,1229,172.0
afterstate_full_board_best_checkpoint,1229,1230,169.0
afterstate_full_board_best_checkpoint,1230,1231,168.0
afterstate_full_board_best_checkpoint,1231,1232,116.0
afterstate_full_board_best_checkpoint,1232,1233,180.0
afterstate_full_board_best_checkpoint,1233,1234,169.0
afterstate_full_board_best_checkpoint,1234,1235,129.0
afterstate_full_board_best_checkpoint,1235,1236,139.0
afterstate_full_board_best_checkpoint,1236,1237,170.0
afterstate_full_board_best_checkpoint,1237,1238,153.0
afterstate_full_board_best_checkpoint,1238,1239,154.0
afterstate_full_board_best_checkpoint,1239,1240,185.0
afterstate_full_board_best_checkpoint,1240,1241,150.0
afterstate_full_board_best_checkpoint,1241,1242,184.0
afterstate_full_board_best_checkpoint,1242,1243,169.0
afterstate_full_board_best_checkpoint,1243,1244,176.0
afterstate_full_board_best_checkpoint,1244,1245,129.0
afterstate_full_board_best_checkpoint,1245,1246,195.0
afterstate_full_board_best_checkpoint,1246,1247,136.0
afterstate_full_board_best_checkpoint,1247,1248,156.0
afterstate_full_board_best_checkpoint,1248,1249,136.0
afterstate_full_board_best_checkpoint,1249,1250,183.0
afterstate_full_board_best_checkpoint,1250,1251,118.0
afterstate_full_board_best_checkpoint,1251,1252,129.0
afterstate_full_board_best_checkpoint,1252,1253,211.0
afterstate_full_board_best_checkpoint,1253,1254,157.0
afterstate_full_board_best_checkpoint,1254,1255,190.0
afterstate_full_board_best_checkpoint,1255,1256,152.0
afterstate_full_board_best_checkpoint,1256,1257,159.0
afterstate_full_board_best_checkpoint,1257,1258,134.0
afterstate_full_board_best_checkpoint,1258,1259,147.0
afterstate_full_board_best_checkpoint,1259,1260,155.0
afterstate_full_board_best_checkpoint,1260,1261,140.0
afterstate_full_board_best_checkpoint,1261,1262,174.0
afterstate_full_board_best_checkpoint,1262,1263,177.0
afterstate_full_board_best_checkpoint,1263,1264,147.0
afterstate_full_board_best_checkpoint,1264,1265,143.0
afterstate_full_board_best_checkpoint,1265,1266,182.0
afterstate_full_board_best_checkpoint,1266,1267,201.0
afterstate_full_board_best_checkpoint,1267,1268,165.0
afterstate_full_board_best_checkpoint,1268,1269,217.0
afterstate_full_board_best_checkpoint,1269,1270,162.0
afterstate_full_board_best_checkpoint,1270,1271,134.0
afterstate_full_board_best_checkpoint,1271,1272,210.0
afterstate_full_board_best_checkpoint,1272,1273,126.0
afterstate_full_board_best_checkpoint,1273,1274,113.0
afterstate_full_board_best_checkpoint,1274,1275,136.0
afterstate_full_board_best_checkpoint,1275,1276,169.0
afterstate_full_board_best_checkpoint,1276,1277,220.0
afterstate_full_board_best_checkpoint,1277,1278,191.0
afterstate_full_board_best_checkpoint,1278,1279,141.0
afterstate_full_board_best_checkpoint,1279,1280,201.0
afterstate_full_board_best_checkpoint,1280,1281,152.0
afterstate_full_board_best_checkpoint,1281,1282,134.0
afterstate_full_board_best_checkpoint,1282,1283,172.0
afterstate_full_board_best_checkpoint,1283,1284,185.0
afterstate_full_board_best_checkpoint,1284,1285,160.0
afterstate_full_board_best_checkpoint,1285,1286,198.0
afterstate_full_board_best_checkpoint,1286,1287,207.0
afterstate_full_board_best_checkpoint,1287,1288,148.0
afterstate_full_board_best_checkpoint,1288,1289,158.0
afterstate_full_board_best_checkpoint,1289,1290,150.0
afterstate_full_board_best_checkpoint,1290,1291,151.0
afterstate_full_board_best_checkpoint,1291,1292,168.0
afterstate_full_board_best_checkpoint,1292,1293,141.0
afterstate_full_board_best_checkpoint,1293,1294,156.0
afterstate_full_board_best_checkpoint,1294,1295,146.0
afterstate_full_board_best_checkpoint,1295,1296,154.0
afterstate_full_board_best_checkpoint,1296,1297,185.0
afterstate_full_board_best_checkpoint,1297,1298,167.0
afterstate_full_board_best_checkpoint,1298,1299,150.0
afterstate_full_board_best_checkpoint,1299,1300,122.0
afterstate_full_board_best_checkpoint,1300,1301,206.0
afterstate_full_board_best_checkpoint,1301,1302,180.0
afterstate_full_board_best_checkpoint,1302,1303,140.0
afterstate_full_board_best_checkpoint,1303,1304,170.0
afterstate_full_board_best_checkpoint,1304,1305,187.0
afterstate_full_board_best_checkpoint,1305,1306,201.0
afterstate_full_board_best_checkpoint,1306,1307,159.0
afterstate_full_board_best_checkpoint,1307,1308,140.0
afterstate_full_board_best_checkpoint,1308,1309,145.0
afterstate_full_board_best_checkpoint,1309,1310,160.0
afterstate_full_board_best_checkpoint,1310,1311,157.0
afterstate_full_board_best_checkpoint,1311,1312,130.0
afterstate_full_board_best_checkpoint,1312,1313,131.0
afterstate_full_board_best_checkpoint,1313,1314,217.0
afterstate_full_board_best_checkpoint,1314,1315,159.0
afterstate_full_board_best_checkpoint,1315,1316,161.0
afterstate_full_board_best_checkpoint,1316,1317,148.0
afterstate_full_board_best_checkpoint,1317,1318,150.0
afterstate_full_board_best_checkpoint,1318,1319,135.0
afterstate_full_board_best_checkpoint,1319,1320,128.0
afterstate_full_board_best_checkpoint,1320,1321,147.0
afterstate_full_board_best_checkpoint,1321,1322,143.0
afterstate_full_board_best_checkpoint,1322,1323,128.0
afterstate_full_board_best_checkpoint,1323,1324,135.0
afterstate_full_board_best_checkpoint,1324,1325,128.0
afterstate_full_board_best_checkpoint,1325,1326,149.0
afterstate_full_board_best_checkpoint,1326,1327,119.0
afterstate_full_board_best_checkpoint,1327,1328,123.0
afterstate_full_board_best_checkpoint,1328,1329,174.0
afterstate_full_board_best_checkpoint,1329,1330,166.0
afterstate_full_board_best_checkpoint,1330,1331,135.0
afterstate_full_board_best_checkpoint,1331,1332,141.0
afterstate_full_board_best_checkpoint,1332,1333,158.0
afterstate_full_board_best_checkpoint,1333,1334,141.0
afterstate_full_board_best_checkpoint,1334,1335,149.0
afterstate_full_board_best_checkpoint,1335,1336,130.0
afterstate_full_board_best_checkpoint,1336,1337,114.0
afterstate_full_board_best_checkpoint,1337,1338,205.0
afterstate_full_board_best_checkpoint,1338,1339,176.0
afterstate_full_board_best_checkpoint,1339,1340,184.0
afterstate_full_board_best_checkpoint,1340,1341,200.0
afterstate_full_board_best_checkpoint,1341,1342,177.0
afterstate_full_board_best_checkpoint,1342,1343,172.0
afterstate_full_board_best_checkpoint,1343,1344,150.0
afterstate_full_board_best_checkpoint,1344,1345,176.0
afterstate_full_board_best_checkpoint,1345,1346,194.0
afterstate_full_board_best_checkpoint,1346,1347,160.0
afterstate_full_board_best_checkpoint,1347,1348,171.0
afterstate_full_board_best_checkpoint,1348,1349,148.0
afterstate_full_board_best_checkpoint,1349,1350,215.0
afterstate_full_board_best_checkpoint,1350,1351,156.0
afterstate_full_board_best_checkpoint,1351,1352,176.0
afterstate_full_board_best_checkpoint,1352,1353,122.0
afterstate_full_board_best_checkpoint,1353,1354,167.0
afterstate_full_board_best_checkpoint,1354,1355,178.0
afterstate_full_board_best_checkpoint,1355,1356,186.0
afterstate_full_board_best_checkpoint,1356,1357,121.0
afterstate_full_board_best_checkpoint,1357,1358,192.0
afterstate_full_board_best_checkpoint,1358,1359,174.0
afterstate_full_board_best_checkpoint,1359,1360,163.0
afterstate_full_board_best_checkpoint,1360,1361,146.0
afterstate_full_board_best_checkpoint,1361,1362,155.0
afterstate_full_board_best_checkpoint,1362,1363,146.0
afterstate_full_board_best_checkpoint,1363,1364,148.0
afterstate_full_board_best_checkpoint,1364,1365,200.0
afterstate_full_board_best_checkpoint,1365,1366,149.0
afterstate_full_board_best_checkpoint,1366,1367,151.0
afterstate_full_board_best_checkpoint,1367,1368,149.0
afterstate_full_board_best_checkpoint,1368,1369,181.0
afterstate_full_board_best_checkpoint,1369,1370,167.0
afterstate_full_board_best_checkpoint,1370,1371,125.0
afterstate_full_board_best_checkpoint,1371,1372,201.0
afterstate_full_board_best_checkpoint,1372,1373,178.0
afterstate_full_board_best_checkpoint,1373,1374,181.0
afterstate_full_board_best_checkpoint,1374,1375,149.0
afterstate_full_board_best_checkpoint,1375,1376,140.0
afterstate_full_board_best_checkpoint,1376,1377,172.0
afterstate_full_board_best_checkpoint,1377,1378,138.0
afterstate_full_board_best_checkpoint,1378,1379,139.0
afterstate_full_board_best_checkpoint,1379,1380,110.0
afterstate_full_board_best_checkpoint,1380,1381,176.0
afterstate_full_board_best_checkpoint,1381,1382,147.0
afterstate_full_board_best_checkpoint,1382,1383,147.0
afterstate_full_board_best_checkpoint,1383,1384,98.0
afterstate_full_board_best_checkpoint,1384,1385,142.0
afterstate_full_board_best_checkpoint,1385,1386,202.0
afterstate_full_board_best_checkpoint,1386,1387,165.0
afterstate_full_board_best_checkpoint,1387,1388,168.0
afterstate_full_board_best_checkpoint,1388,1389,149.0
afterstate_full_board_best_checkpoint,1389,1390,138.0
afterstate_full_board_best_checkpoint,1390,1391,133.0
afterstate_full_board_best_checkpoint,1391,1392,136.0
afterstate_full_board_best_checkpoint,1392,1393,181.0
afterstate_full_board_best_checkpoint,1393,1394,167.0
afterstate_full_board_best_checkpoint,1394,1395,117.0
afterstate_full_board_best_checkpoint,1395,1396,88.0
afterstate_full_board_best_checkpoint,1396,1397,161.0
afterstate_full_board_best_checkpoint,1397,1398,168.0
afterstate_full_board_best_checkpoint,1398,1399,173.0
afterstate_full_board_best_checkpoint,1399,1400,207.0
afterstate_full_board_best_checkpoint,1400,1401,180.0
afterstate_full_board_best_checkpoint,1401,1402,200.0
afterstate_full_board_best_checkpoint,1402,1403,182.0
afterstate_full_board_best_checkpoint,1403,1404,167.0
afterstate_full_board_best_checkpoint,1404,1405,67.0
afterstate_full_board_best_checkpoint,1405,1406,176.0
afterstate_full_board_best_checkpoint,1406,1407,124.0
afterstate_full_board_best_checkpoint,1407,1408,166.0
afterstate_full_board_best_checkpoint,1408,1409,185.0
afterstate_full_board_best_checkpoint,1409,1410,178.0
afterstate_full_board_best_checkpoint,1410,1411,176.0
afterstate_full_board_best_checkpoint,1411,1412,160.0
afterstate_full_board_best_checkpoint,1412,1413,131.0
afterstate_full_board_best_checkpoint,1413,1414,195.0
afterstate_full_board_best_checkpoint,1414,1415,172.0
afterstate_full_board_best_checkpoint,1415,1416,158.0
afterstate_full_board_best_checkpoint,1416,1417,178.0
afterstate_full_board_best_checkpoint,1417,1418,94.0
afterstate_full_board_best_checkpoint,1418,1419,170.0
afterstate_full_board_best_checkpoint,1419,1420,107.0
afterstate_full_board_best_checkpoint,1420,1421,101.0
afterstate_full_board_best_checkpoint,1421,1422,163.0
afterstate_full_board_best_checkpoint,1422,1423,161.0
afterstate_full_board_best_checkpoint,1423,1424,161.0
afterstate_full_board_best_checkpoint,1424,1425,152.0
afterstate_full_board_best_checkpoint,1425,1426,156.0
afterstate_full_board_best_checkpoint,1426,1427,125.0
afterstate_full_board_best_checkpoint,1427,1428,191.0
afterstate_full_board_best_checkpoint,1428,1429,167.0
afterstate_full_board_best_checkpoint,1429,1430,151.0
afterstate_full_board_best_checkpoint,1430,1431,196.0
afterstate_full_board_best_checkpoint,1431,1432,174.0
afterstate_full_board_best_checkpoint,1432,1433,172.0
afterstate_full_board_best_checkpoint,1433,1434,112.0
afterstate_full_board_best_checkpoint,1434,1435,152.0
afterstate_full_board_best_checkpoint,1435,1436,165.0
afterstate_full_board_best_checkpoint,1436,1437,114.0
afterstate_full_board_best_checkpoint,1437,1438,166.0
afterstate_full_board_best_checkpoint,1438,1439,145.0
afterstate_full_board_best_checkpoint,1439,1440,203.0
afterstate_full_board_best_checkpoint,1440,1441,109.0
afterstate_full_board_best_checkpoint,1441,1442,143.0
afterstate_full_board_best_checkpoint,1442,1443,144.0
afterstate_full_board_best_checkpoint,1443,1444,170.0
afterstate_full_board_best_checkpoint,1444,1445,157.0
afterstate_full_board_best_checkpoint,1445,1446,170.0
afterstate_full_board_best_checkpoint,1446,1447,180.0
afterstate_full_board_best_checkpoint,1447,1448,177.0
afterstate_full_board_best_checkpoint,1448,1449,155.0
afterstate_full_board_best_checkpoint,1449,1450,138.0
afterstate_full_board_best_checkpoint,1450,1451,145.0
afterstate_full_board_best_checkpoint,1451,1452,183.0
afterstate_full_board_best_checkpoint,1452,1453,141.0
afterstate_full_board_best_checkpoint,1453,1454,161.0
afterstate_full_board_best_checkpoint,1454,1455,157.0
afterstate_full_board_best_checkpoint,1455,1456,157.0
afterstate_full_board_best_checkpoint,1456,1457,189.0
afterstate_full_board_best_checkpoint,1457,1458,163.0
afterstate_full_board_best_checkpoint,1458,1459,154.0
afterstate_full_board_best_checkpoint,1459,1460,215.0
afterstate_full_board_best_checkpoint,1460,1461,120.0
afterstate_full_board_best_checkpoint,1461,1462,123.0
afterstate_full_board_best_checkpoint,1462,1463,104.0
afterstate_full_board_best_checkpoint,1463,1464,137.0
afterstate_full_board_best_checkpoint,1464,1465,197.0
afterstate_full_board_best_checkpoint,1465,1466,177.0
afterstate_full_board_best_checkpoint,1466,1467,141.0
afterstate_full_board_best_checkpoint,1467,1468,149.0
afterstate_full_board_best_checkpoint,1468,1469,174.0
afterstate_full_board_best_checkpoint,1469,1470,146.0
afterstate_full_board_best_checkpoint,1470,1471,111.0
afterstate_full_board_best_checkpoint,1471,1472,138.0
afterstate_full_board_best_checkpoint,1472,1473,171.0
afterstate_full_board_best_checkpoint,1473,1474,201.0
afterstate_full_board_best_checkpoint,1474,1475,145.0
afterstate_full_board_best_checkpoint,1475,1476,126.0
afterstate_full_board_best_checkpoint,1476,1477,216.0
afterstate_full_board_best_checkpoint,1477,1478,131.0
afterstate_full_board_best_checkpoint,1478,1479,181.0
afterstate_full_board_best_checkpoint,1479,1480,175.0
afterstate_full_board_best_checkpoint,1480,1481,180.0
afterstate_full_board_best_checkpoint,1481,1482,144.0
afterstate_full_board_best_checkpoint,1482,1483,152.0
afterstate_full_board_best_checkpoint,1483,1484,186.0
afterstate_full_board_best_checkpoint,1484,1485,91.0
afterstate_full_board_best_checkpoint,1485,1486,206.0
afterstate_full_board_best_checkpoint,1486,1487,130.0
afterstate_full_board_best_checkpoint,1487,1488,159.0
afterstate_full_board_best_checkpoint,1488,1489,177.0
afterstate_full_board_best_checkpoint,1489,1490,198.0
afterstate_full_board_best_checkpoint,1490,1491,195.0
afterstate_full_board_best_checkpoint,1491,1492,156.0
afterstate_full_board_best_checkpoint,1492,1493,134.0
afterstate_full_board_best_checkpoint,1493,1494,102.0
afterstate_full_board_best_checkpoint,1494,1495,151.0
afterstate_full_board_best_checkpoint,1495,1496,137.0
afterstate_full_board_best_checkpoint,1496,1497,127.0
afterstate_full_board_best_checkpoint,1497,1498,195.0
afterstate_full_board_best_checkpoint,1498,1499,180.0
afterstate_full_board_best_checkpoint,1499,1500,168.0
afterstate_full_board_best_checkpoint,1500,1501,170.0
afterstate_full_board_best_checkpoint,1501,1502,167.0
afterstate_full_board_best_checkpoint,1502,1503,114.0
afterstate_full_board_best_checkpoint,1503,1504,212.0
afterstate_full_board_best_checkpoint,1504,1505,165.0
afterstate_full_board_best_checkpoint,1505,1506,156.0
afterstate_full_board_best_checkpoint,1506,1507,178.0
afterstate_full_board_best_checkpoint,1507,1508,182.0
afterstate_full_board_best_checkpoint,1508,1509,150.0
afterstate_full_board_best_checkpoint,1509,1510,175.0
afterstate_full_board_best_checkpoint,1510,1511,164.0
afterstate_full_board_best_checkpoint,1511,1512,147.0
afterstate_full_board_best_checkpoint,1512,1513,153.0
afterstate_full_board_best_checkpoint,1513,1514,138.0
afterstate_full_board_best_checkpoint,1514,1515,156.0
afterstate_full_board_best_checkpoint,1515,1516,208.0
afterstate_full_board_best_checkpoint,1516,1517,164.0
afterstate_full_board_best_checkpoint,1517,1518,127.0
afterstate_full_board_best_checkpoint,1518,1519,105.0
afterstate_full_board_best_checkpoint,1519,1520,144.0
afterstate_full_board_best_checkpoint,1520,1521,190.0
afterstate_full_board_best_checkpoint,1521,1522,156.0
afterstate_full_board_best_checkpoint,1522,1523,155.0
afterstate_full_board_best_checkpoint,1523,1524,161.0
afterstate_full_board_best_checkpoint,1524,1525,161.0
afterstate_full_board_best_checkpoint,1525,1526,190.0
afterstate_full_board_best_checkpoint,1526,1527,155.0
afterstate_full_board_best_checkpoint,1527,1528,153.0
afterstate_full_board_best_checkpoint,1528,1529,135.0
afterstate_full_board_best_checkpoint,1529,1530,171.0
afterstate_full_board_best_checkpoint,1530,1531,185.0
afterstate_full_board_best_checkpoint,1531,1532,169.0
afterstate_full_board_best_checkpoint,1532,1533,147.0
afterstate_full_board_best_checkpoint,1533,1534,177.0
afterstate_full_board_best_checkpoint,1534,1535,123.0
afterstate_full_board_best_checkpoint,1535,1536,146.0
afterstate_full_board_best_checkpoint,1536,1537,140.0
afterstate_full_board_best_checkpoint,1537,1538,125.0
afterstate_full_board_best_checkpoint,1538,1539,186.0
afterstate_full_board_best_checkpoint,1539,1540,196.0
afterstate_full_board_best_checkpoint,1540,1541,152.0
afterstate_full_board_best_checkpoint,1541,1542,168.0
afterstate_full_board_best_checkpoint,1542,1543,149.0
afterstate_full_board_best_checkpoint,1543,1544,145.0
afterstate_full_board_best_checkpoint,1544,1545,179.0
afterstate_full_board_best_checkpoint,1545,1546,115.0
afterstate_full_board_best_checkpoint,1546,1547,187.0
afterstate_full_board_best_checkpoint,1547,1548,155.0
afterstate_full_board_best_checkpoint,1548,1549,170.0
afterstate_full_board_best_checkpoint,1549,1550,105.0
afterstate_full_board_best_checkpoint,1550,1551,133.0
afterstate_full_board_best_checkpoint,1551,1552,147.0
afterstate_full_board_best_checkpoint,1552,1553,187.0
afterstate_full_board_best_checkpoint,1553,1554,178.0
afterstate_full_board_best_checkpoint,1554,1555,115.0
afterstate_full_board_best_checkpoint,1555,1556,208.0
afterstate_full_board_best_checkpoint,1556,1557,170.0
afterstate_full_board_best_checkpoint,1557,1558,191.0
afterstate_full_board_best_checkpoint,1558,1559,185.0
afterstate_full_board_best_checkpoint,1559,1560,145.0
afterstate_full_board_best_checkpoint,1560,1561,101.0
afterstate_full_board_best_checkpoint,1561,1562,172.0
afterstate_full_board_best_checkpoint,1562,1563,119.0
afterstate_full_board_best_checkpoint,1563,1564,140.0
afterstate_full_board_best_checkpoint,1564,1565,161.0
afterstate_full_board_best_checkpoint,1565,1566,177.0
afterstate_full_board_best_checkpoint,1566,1567,118.0
afterstate_full_board_best_checkpoint,1567,1568,194.0
afterstate_full_board_best_checkpoint,1568,1569,163.0
afterstate_full_board_best_checkpoint,1569,1570,149.0
afterstate_full_board_best_checkpoint,1570,1571,143.0
afterstate_full_board_best_checkpoint,1571,1572,158.0
afterstate_full_board_best_checkpoint,1572,1573,144.0
afterstate_full_board_best_checkpoint,1573,1574,178.0
afterstate_full_board_best_checkpoint,1574,1575,149.0
afterstate_full_board_best_checkpoint,1575,1576,169.0
afterstate_full_board_best_checkpoint,1576,1577,159.0
afterstate_full_board_best_checkpoint,1577,1578,204.0
afterstate_full_board_best_checkpoint,1578,1579,152.0
afterstate_full_board_best_checkpoint,1579,1580,151.0
afterstate_full_board_best_checkpoint,1580,1581,116.0
afterstate_full_board_best_checkpoint,1581,1582,146.0
afterstate_full_board_best_checkpoint,1582,1583,168.0
afterstate_full_board_best_checkpoint,1583,1584,161.0
afterstate_full_board_best_checkpoint,1584,1585,185.0
afterstate_full_board_best_checkpoint,1585,1586,197.0
afterstate_full_board_best_checkpoint,1586,1587,156.0
afterstate_full_board_best_checkpoint,1587,1588,165.0
afterstate_full_board_best_checkpoint,1588,1589,119.0
afterstate_full_board_best_checkpoint,1589,1590,184.0
afterstate_full_board_best_checkpoint,1590,1591,123.0
afterstate_full_board_best_checkpoint,1591,1592,171.0
afterstate_full_board_best_checkpoint,1592,1593,154.0
afterstate_full_board_best_checkpoint,1593,1594,144.0
afterstate_full_board_best_checkpoint,1594,1595,176.0
afterstate_full_board_best_checkpoint,1595,1596,143.0
afterstate_full_board_best_checkpoint,1596,1597,152.0
afterstate_full_board_best_checkpoint,1597,1598,202.0
afterstate_full_board_best_checkpoint,1598,1599,194.0
afterstate_full_board_best_checkpoint,1599,1600,170.0
afterstate_full_board_best_checkpoint,1600,1601,152.0
afterstate_full_board_best_checkpoint,1601,1602,173.0
afterstate_full_board_best_checkpoint,1602,1603,167.0
afterstate_full_board_best_checkpoint,1603,1604,122.0
afterstate_full_board_best_checkpoint,1604,1605,214.0
afterstate_full_board_best_checkpoint,1605,1606,170.0
afterstate_full_board_best_checkpoint,1606,1607,226.0
afterstate_full_board_best_checkpoint,1607,1608,167.0
afterstate_full_board_best_checkpoint,1608,1609,204.0
afterstate_full_board_best_checkpoint,1609,1610,184.0
afterstate_full_board_best_checkpoint,1610,1611,214.0
afterstate_full_board_best_checkpoint,1611,1612,152.0
afterstate_full_board_best_checkpoint,1612,1613,184.0
afterstate_full_board_best_checkpoint,1613,1614,132.0
afterstate_full_board_best_checkpoint,1614,1615,172.0
afterstate_full_board_best_checkpoint,1615,1616,208.0
afterstate_full_board_best_checkpoint,1616,1617,162.0
afterstate_full_board_best_checkpoint,1617,1618,175.0
afterstate_full_board_best_checkpoint,1618,1619,190.0
afterstate_full_board_best_checkpoint,1619,1620,130.0
afterstate_full_board_best_checkpoint,1620,1621,160.0
afterstate_full_board_best_checkpoint,1621,1622,204.0
afterstate_full_board_best_checkpoint,1622,1623,160.0
afterstate_full_board_best_checkpoint,1623,1624,189.0
afterstate_full_board_best_checkpoint,1624,1625,129.0
afterstate_full_board_best_checkpoint,1625,1626,203.0
afterstate_full_board_best_checkpoint,1626,1627,101.0
afterstate_full_board_best_checkpoint,1627,1628,134.0
afterstate_full_board_best_checkpoint,1628,1629,111.0
afterstate_full_board_best_checkpoint,1629,1630,177.0
afterstate_full_board_best_checkpoint,1630,1631,177.0
afterstate_full_board_best_checkpoint,1631,1632,167.0
afterstate_full_board_best_checkpoint,1632,1633,170.0
afterstate_full_board_best_checkpoint,1633,1634,164.0
afterstate_full_board_best_checkpoint,1634,1635,158.0
afterstate_full_board_best_checkpoint,1635,1636,112.0
afterstate_full_board_best_checkpoint,1636,1637,182.0
afterstate_full_board_best_checkpoint,1637,1638,156.0
afterstate_full_board_best_checkpoint,1638,1639,180.0
afterstate_full_board_best_checkpoint,1639,1640,184.0
afterstate_full_board_best_checkpoint,1640,1641,154.0
afterstate_full_board_best_checkpoint,1641,1642,184.0
afterstate_full_board_best_checkpoint,1642,1643,152.0
afterstate_full_board_best_checkpoint,1643,1644,156.0
afterstate_full_board_best_checkpoint,1644,1645,163.0
afterstate_full_board_best_checkpoint,1645,1646,151.0
afterstate_full_board_best_checkpoint,1646,1647,188.0
afterstate_full_board_best_checkpoint,1647,1648,150.0
afterstate_full_board_best_checkpoint,1648,1649,136.0
afterstate_full_board_best_checkpoint,1649,1650,203.0
afterstate_full_board_best_checkpoint,1650,1651,153.0
afterstate_full_board_best_checkpoint,1651,1652,163.0
afterstate_full_board_best_checkpoint,1652,1653,148.0
afterstate_full_board_best_checkpoint,1653,1654,174.0
afterstate_full_board_best_checkpoint,1654,1655,127.0
afterstate_full_board_best_checkpoint,1655,1656,175.0
afterstate_full_board_best_checkpoint,1656,1657,177.0
afterstate_full_board_best_checkpoint,1657,1658,145.0
afterstate_full_board_best_checkpoint,1658,1659,199.0
afterstate_full_board_best_checkpoint,1659,1660,172.0
afterstate_full_board_best_checkpoint,1660,1661,158.0
afterstate_full_board_best_checkpoint,1661,1662,191.0
afterstate_full_board_best_checkpoint,1662,1663,139.0
afterstate_full_board_best_checkpoint,1663,1664,177.0
afterstate_full_board_best_checkpoint,1664,1665,165.0
afterstate_full_board_best_checkpoint,1665,1666,180.0
afterstate_full_board_best_checkpoint,1666,1667,178.0
afterstate_full_board_best_checkpoint,1667,1668,190.0
afterstate_full_board_best_checkpoint,1668,1669,122.0
afterstate_full_board_best_checkpoint,1669,1670,158.0
afterstate_full_board_best_checkpoint,1670,1671,202.0
afterstate_full_board_best_checkpoint,1671,1672,185.0
afterstate_full_board_best_checkpoint,1672,1673,161.0
afterstate_full_board_best_checkpoint,1673,1674,189.0
afterstate_full_board_best_checkpoint,1674,1675,105.0
afterstate_full_board_best_checkpoint,1675,1676,176.0
afterstate_full_board_best_checkpoint,1676,1677,169.0
afterstate_full_board_best_checkpoint,1677,1678,149.0
afterstate_full_board_best_checkpoint,1678,1679,199.0
afterstate_full_board_best_checkpoint,1679,1680,178.0
afterstate_full_board_best_checkpoint,1680,1681,111.0
afterstate_full_board_best_checkpoint,1681,1682,160.0
afterstate_full_board_best_checkpoint,1682,1683,176.0
afterstate_full_board_best_checkpoint,1683,1684,151.0
afterstate_full_board_best_checkpoint,1684,1685,142.0
afterstate_full_board_best_checkpoint,1685,1686,158.0
afterstate_full_board_best_checkpoint,1686,1687,156.0
afterstate_full_board_best_checkpoint,1687,1688,178.0
afterstate_full_board_best_checkpoint,1688,1689,115.0
afterstate_full_board_best_checkpoint,1689,1690,183.0
afterstate_full_board_best_checkpoint,1690,1691,103.0
afterstate_full_board_best_checkpoint,1691,1692,152.0
afterstate_full_board_best_checkpoint,1692,1693,154.0
afterstate_full_board_best_checkpoint,1693,1694,148.0
afterstate_full_board_best_checkpoint,1694,1695,157.0
afterstate_full_board_best_checkpoint,1695,1696,158.0
afterstate_full_board_best_checkpoint,1696,1697,152.0
afterstate_full_board_best_checkpoint,1697,1698,148.0
afterstate_full_board_best_checkpoint,1698,1699,180.0
afterstate_full_board_best_checkpoint,1699,1700,137.0
afterstate_full_board_best_checkpoint,1700,1701,181.0
afterstate_full_board_best_checkpoint,1701,1702,162.0
afterstate_full_board_best_checkpoint,1702,1703,121.0
afterstate_full_board_best_checkpoint,1703,1704,191.0
afterstate_full_board_best_checkpoint,1704,1705,196.0
afterstate_full_board_best_checkpoint,1705,1706,127.0
afterstate_full_board_best_checkpoint,1706,1707,182.0
afterstate_full_board_best_checkpoint,1707,1708,182.0
afterstate_full_board_best_checkpoint,1708,1709,200.0
afterstate_full_board_best_checkpoint,1709,1710,163.0
afterstate_full_board_best_checkpoint,1710,1711,132.0
afterstate_full_board_best_checkpoint,1711,1712,169.0
afterstate_full_board_best_checkpoint,1712,1713,130.0
afterstate_full_board_best_checkpoint,1713,1714,131.0
afterstate_full_board_best_checkpoint,1714,1715,204.0
afterstate_full_board_best_checkpoint,1715,1716,201.0
afterstate_full_board_best_checkpoint,1716,1717,185.0
afterstate_full_board_best_checkpoint,1717,1718,225.0
afterstate_full_board_best_checkpoint,1718,1719,182.0
afterstate_full_board_best_checkpoint,1719,1720,126.0
afterstate_full_board_best_checkpoint,1720,1721,147.0
afterstate_full_board_best_checkpoint,1721,1722,188.0
afterstate_full_board_best_checkpoint,1722,1723,151.0
afterstate_full_board_best_checkpoint,1723,1724,128.0
afterstate_full_board_best_checkpoint,1724,1725,170.0
afterstate_full_board_best_checkpoint,1725,1726,171.0
afterstate_full_board_best_checkpoint,1726,1727,125.0
afterstate_full_board_best_checkpoint,1727,1728,162.0
afterstate_full_board_best_checkpoint,1728,1729,172.0
afterstate_full_board_best_checkpoint,1729,1730,165.0
afterstate_full_board_best_checkpoint,1730,1731,175.0
afterstate_full_board_best_checkpoint,1731,1732,147.0
afterstate_full_board_best_checkpoint,1732,1733,169.0
afterstate_full_board_best_checkpoint,1733,1734,151.0
afterstate_full_board_best_checkpoint,1734,1735,124.0
afterstate_full_board_best_checkpoint,1735,1736,204.0
afterstate_full_board_best_checkpoint,1736,1737,161.0
afterstate_full_board_best_checkpoint,1737,1738,163.0
afterstate_full_board_best_checkpoint,1738,1739,136.0
afterstate_full_board_best_checkpoint,1739,1740,113.0
afterstate_full_board_best_checkpoint,1740,1741,162.0
afterstate_full_board_best_checkpoint,1741,1742,140.0
afterstate_full_board_best_checkpoint,1742,1743,132.0
afterstate_full_board_best_checkpoint,1743,1744,160.0
afterstate_full_board_best_checkpoint,1744,1745,68.0
afterstate_full_board_best_checkpoint,1745,1746,146.0
afterstate_full_board_best_checkpoint,1746,1747,174.0
afterstate_full_board_best_checkpoint,1747,1748,184.0
afterstate_full_board_best_checkpoint,1748,1749,151.0
afterstate_full_board_best_checkpoint,1749,1750,192.0
afterstate_full_board_best_checkpoint,1750,1751,185.0
afterstate_full_board_best_checkpoint,1751,1752,166.0
afterstate_full_board_best_checkpoint,1752,1753,172.0
afterstate_full_board_best_checkpoint,1753,1754,161.0
afterstate_full_board_best_checkpoint,1754,1755,146.0
afterstate_full_board_best_checkpoint,1755,1756,171.0
afterstate_full_board_best_checkpoint,1756,1757,163.0
afterstate_full_board_best_checkpoint,1757,1758,144.0
afterstate_full_board_best_checkpoint,1758,1759,181.0
afterstate_full_board_best_checkpoint,1759,1760,141.0
afterstate_full_board_best_checkpoint,1760,1761,178.0
afterstate_full_board_best_checkpoint,1761,1762,160.0
afterstate_full_board_best_checkpoint,1762,1763,183.0
afterstate_full_board_best_checkpoint,1763,1764,226.0
afterstate_full_board_best_checkpoint,1764,1765,130.0
afterstate_full_board_best_checkpoint,1765,1766,134.0
afterstate_full_board_best_checkpoint,1766,1767,168.0
afterstate_full_board_best_checkpoint,1767,1768,171.0
afterstate_full_board_best_checkpoint,1768,1769,172.0
afterstate_full_board_best_checkpoint,1769,1770,158.0
afterstate_full_board_best_checkpoint,1770,1771,205.0
afterstate_full_board_best_checkpoint,1771,1772,175.0
afterstate_full_board_best_checkpoint,1772,1773,182.0
afterstate_full_board_best_checkpoint,1773,1774,194.0
afterstate_full_board_best_checkpoint,1774,1775,176.0
afterstate_full_board_best_checkpoint,1775,1776,217.0
afterstate_full_board_best_checkpoint,1776,1777,178.0
afterstate_full_board_best_checkpoint,1777,1778,177.0
afterstate_full_board_best_checkpoint,1778,1779,99.0
afterstate_full_board_best_checkpoint,1779,1780,130.0
afterstate_full_board_best_checkpoint,1780,1781,159.0
afterstate_full_board_best_checkpoint,1781,1782,192.0
afterstate_full_board_best_checkpoint,1782,1783,155.0
afterstate_full_board_best_checkpoint,1783,1784,186.0
afterstate_full_board_best_checkpoint,1784,1785,171.0
afterstate_full_board_best_checkpoint,1785,1786,131.0
afterstate_full_board_best_checkpoint,1786,1787,119.0
afterstate_full_board_best_checkpoint,1787,1788,175.0
afterstate_full_board_best_checkpoint,1788,1789,128.0
afterstate_full_board_best_checkpoint,1789,1790,166.0
afterstate_full_board_best_checkpoint,1790,1791,147.0
afterstate_full_board_best_checkpoint,1791,1792,186.0
afterstate_full_board_best_checkpoint,1792,1793,164.0
afterstate_full_board_best_checkpoint,1793,1794,155.0
afterstate_full_board_best_checkpoint,1794,1795,177.0
afterstate_full_board_best_checkpoint,1795,1796,130.0
afterstate_full_board_best_checkpoint,1796,1797,135.0
afterstate_full_board_best_checkpoint,1797,1798,161.0
afterstate_full_board_best_checkpoint,1798,1799,131.0
afterstate_full_board_best_checkpoint,1799,1800,193.0
afterstate_full_board_best_checkpoint,1800,1801,158.0
afterstate_full_board_best_checkpoint,1801,1802,176.0
afterstate_full_board_best_checkpoint,1802,1803,65.0
afterstate_full_board_best_checkpoint,1803,1804,177.0
afterstate_full_board_best_checkpoint,1804,1805,192.0
afterstate_full_board_best_checkpoint,1805,1806,144.0
afterstate_full_board_best_checkpoint,1806,1807,199.0
afterstate_full_board_best_checkpoint,1807,1808,132.0
afterstate_full_board_best_checkpoint,1808,1809,195.0
afterstate_full_board_best_checkpoint,1809,1810,169.0
afterstate_full_board_best_checkpoint,1810,1811,127.0
afterstate_full_board_best_checkpoint,1811,1812,165.0
afterstate_full_board_best_checkpoint,1812,1813,211.0
afterstate_full_board_best_checkpoint,1813,1814,181.0
afterstate_full_board_best_checkpoint,1814,1815,223.0
afterstate_full_board_best_checkpoint,1815,1816,121.0
afterstate_full_board_best_checkpoint,1816,1817,176.0
afterstate_full_board_best_checkpoint,1817,1818,169.0
afterstate_full_board_best_checkpoint,1818,1819,207.0
afterstate_full_board_best_checkpoint,1819,1820,159.0
afterstate_full_board_best_checkpoint,1820,1821,127.0
afterstate_full_board_best_checkpoint,1821,1822,142.0
afterstate_full_board_best_checkpoint,1822,1823,155.0
afterstate_full_board_best_checkpoint,1823,1824,213.0
afterstate_full_board_best_checkpoint,1824,1825,180.0
afterstate_full_board_best_checkpoint,1825,1826,137.0
afterstate_full_board_best_checkpoint,1826,1827,141.0
afterstate_full_board_best_checkpoint,1827,1828,111.0
afterstate_full_board_best_checkpoint,1828,1829,184.0
afterstate_full_board_best_checkpoint,1829,1830,171.0
afterstate_full_board_best_checkpoint,1830,1831,163.0
afterstate_full_board_best_checkpoint,1831,1832,152.0
afterstate_full_board_best_checkpoint,1832,1833,186.0
afterstate_full_board_best_checkpoint,1833,1834,135.0
afterstate_full_board_best_checkpoint,1834,1835,169.0
afterstate_full_board_best_checkpoint,1835,1836,189.0
afterstate_full_board_best_checkpoint,1836,1837,177.0
afterstate_full_board_best_checkpoint,1837,1838,129.0
afterstate_full_board_best_checkpoint,1838,1839,200.0
afterstate_full_board_best_checkpoint,1839,1840,190.0
afterstate_full_board_best_checkpoint,1840,1841,179.0
afterstate_full_board_best_checkpoint,1841,1842,152.0
afterstate_full_board_best_checkpoint,1842,1843,149.0
afterstate_full_board_best_checkpoint,1843,1844,134.0
afterstate_full_board_best_checkpoint,1844,1845,109.0
afterstate_full_board_best_checkpoint,1845,1846,181.0
afterstate_full_board_best_checkpoint,1846,1847,173.0
afterstate_full_board_best_checkpoint,1847,1848,146.0
afterstate_full_board_best_checkpoint,1848,1849,184.0
afterstate_full_board_best_checkpoint,1849,1850,182.0
afterstate_full_board_best_checkpoint,1850,1851,133.0
afterstate_full_board_best_checkpoint,1851,1852,159.0
afterstate_full_board_best_checkpoint,1852,1853,130.0
afterstate_full_board_best_checkpoint,1853,1854,150.0
afterstate_full_board_best_checkpoint,1854,1855,143.0
afterstate_full_board_best_checkpoint,1855,1856,137.0
afterstate_full_board_best_checkpoint,1856,1857,150.0
afterstate_full_board_best_checkpoint,1857,1858,145.0
afterstate_full_board_best_checkpoint,1858,1859,150.0
afterstate_full_board_best_checkpoint,1859,1860,256.0
afterstate_full_board_best_checkpoint,1860,1861,158.0
afterstate_full_board_best_checkpoint,1861,1862,173.0
afterstate_full_board_best_checkpoint,1862,1863,140.0
afterstate_full_board_best_checkpoint,1863,1864,179.0
afterstate_full_board_best_checkpoint,1864,1865,135.0
afterstate_full_board_best_checkpoint,1865,1866,202.0
afterstate_full_board_best_checkpoint,1866,1867,160.0
afterstate_full_board_best_checkpoint,1867,1868,124.0
afterstate_full_board_best_checkpoint,1868,1869,168.0
afterstate_full_board_best_checkpoint,1869,1870,89.0
afterstate_full_board_best_checkpoint,1870,1871,172.0
afterstate_full_board_best_checkpoint,1871,1872,122.0
afterstate_full_board_best_checkpoint,1872,1873,157.0
afterstate_full_board_best_checkpoint,1873,1874,186.0
afterstate_full_board_best_checkpoint,1874,1875,191.0
afterstate_full_board_best_checkpoint,1875,1876,155.0
afterstate_full_board_best_checkpoint,1876,1877,157.0
afterstate_full_board_best_checkpoint,1877,1878,175.0
afterstate_full_board_best_checkpoint,1878,1879,169.0
afterstate_full_board_best_checkpoint,1879,1880,151.0
afterstate_full_board_best_checkpoint,1880,1881,140.0
afterstate_full_board_best_checkpoint,1881,1882,127.0
afterstate_full_board_best_checkpoint,1882,1883,149.0
afterstate_full_board_best_checkpoint,1883,1884,154.0
afterstate_full_board_best_checkpoint,1884,1885,134.0
afterstate_full_board_best_checkpoint,1885,1886,161.0
afterstate_full_board_best_checkpoint,1886,1887,152.0
afterstate_full_board_best_checkpoint,1887,1888,171.0
afterstate_full_board_best_checkpoint,1888,1889,173.0
afterstate_full_board_best_checkpoint,1889,1890,160.0
afterstate_full_board_best_checkpoint,1890,1891,163.0
afterstate_full_board_best_checkpoint,1891,1892,168.0
afterstate_full_board_best_checkpoint,1892,1893,155.0
afterstate_full_board_best_checkpoint,1893,1894,192.0
afterstate_full_board_best_checkpoint,1894,1895,131.0
afterstate_full_board_best_checkpoint,1895,1896,206.0
afterstate_full_board_best_checkpoint,1896,1897,81.0
afterstate_full_board_best_checkpoint,1897,1898,161.0
afterstate_full_board_best_checkpoint,1898,1899,142.0
afterstate_full_board_best_checkpoint,1899,1900,168.0
afterstate_full_board_best_checkpoint,1900,1901,158.0
afterstate_full_board_best_checkpoint,1901,1902,153.0
afterstate_full_board_best_checkpoint,1902,1903,200.0
afterstate_full_board_best_checkpoint,1903,1904,176.0
afterstate_full_board_best_checkpoint,1904,1905,184.0
afterstate_full_board_best_checkpoint,1905,1906,186.0
afterstate_full_board_best_checkpoint,1906,1907,175.0
afterstate_full_board_best_checkpoint,1907,1908,121.0
afterstate_full_board_best_checkpoint,1908,1909,216.0
afterstate_full_board_best_checkpoint,1909,1910,148.0
afterstate_full_board_best_checkpoint,1910,1911,154.0
afterstate_full_board_best_checkpoint,1911,1912,142.0
afterstate_full_board_best_checkpoint,1912,1913,207.0
afterstate_full_board_best_checkpoint,1913,1914,158.0
afterstate_full_board_best_checkpoint,1914,1915,147.0
afterstate_full_board_best_checkpoint,1915,1916,144.0
afterstate_full_board_best_checkpoint,1916,1917,171.0
afterstate_full_board_best_checkpoint,1917,1918,178.0
afterstate_full_board_best_checkpoint,1918,1919,162.0
afterstate_full_board_best_checkpoint,1919,1920,123.0
afterstate_full_board_best_checkpoint,1920,1921,163.0
afterstate_full_board_best_checkpoint,1921,1922,169.0
afterstate_full_board_best_checkpoint,1922,1923,189.0
afterstate_full_board_best_checkpoint,1923,1924,105.0
afterstate_full_board_best_checkpoint,1924,1925,122.0
afterstate_full_board_best_checkpoint,1925,1926,138.0
afterstate_full_board_best_checkpoint,1926,1927,155.0
afterstate_full_board_best_checkpoint,1927,1928,121.0
afterstate_full_board_best_checkpoint,1928,1929,147.0
afterstate_full_board_best_checkpoint,1929,1930,164.0
afterstate_full_board_best_checkpoint,1930,1931,101.0
afterstate_full_board_best_checkpoint,1931,1932,154.0
afterstate_full_board_best_checkpoint,1932,1933,147.0
afterstate_full_board_best_checkpoint,1933,1934,139.0
afterstate_full_board_best_checkpoint,1934,1935,195.0
afterstate_full_board_best_checkpoint,1935,1936,146.0
afterstate_full_board_best_checkpoint,1936,1937,158.0
afterstate_full_board_best_checkpoint,1937,1938,161.0
afterstate_full_board_best_checkpoint,1938,1939,177.0
afterstate_full_board_best_checkpoint,1939,1940,169.0
afterstate_full_board_best_checkpoint,1940,1941,148.0
afterstate_full_board_best_checkpoint,1941,1942,137.0
afterstate_full_board_best_checkpoint,1942,1943,188.0
afterstate_full_board_best_checkpoint,1943,1944,115.0
afterstate_full_board_best_checkpoint,1944,1945,182.0
afterstate_full_board_best_checkpoint,1945,1946,148.0
afterstate_full_board_best_checkpoint,1946,1947,168.0
afterstate_full_board_best_checkpoint,1947,1948,194.0
afterstate_full_board_best_checkpoint,1948,1949,162.0
afterstate_full_board_best_checkpoint,1949,1950,147.0
afterstate_full_board_best_checkpoint,1950,1951,140.0
afterstate_full_board_best_checkpoint,1951,1952,206.0
afterstate_full_board_best_checkpoint,1952,1953,172.0
afterstate_full_board_best_checkpoint,1953,1954,121.0
afterstate_full_board_best_checkpoint,1954,1955,165.0
afterstate_full_board_best_checkpoint,1955,1956,253.0
afterstate_full_board_best_checkpoint,1956,1957,199.0
afterstate_full_board_best_checkpoint,1957,1958,187.0
afterstate_full_board_best_checkpoint,1958,1959,172.0
afterstate_full_board_best_checkpoint,1959,1960,143.0
afterstate_full_board_best_checkpoint,1960,1961,149.0
afterstate_full_board_best_checkpoint,1961,1962,135.0
afterstate_full_board_best_checkpoint,1962,1963,144.0
afterstate_full_board_best_checkpoint,1963,1964,177.0
afterstate_full_board_best_checkpoint,1964,1965,182.0
afterstate_full_board_best_checkpoint,1965,1966,204.0
afterstate_full_board_best_checkpoint,1966,1967,203.0
afterstate_full_board_best_checkpoint,1967,1968,76.0
afterstate_full_board_best_checkpoint,1968,1969,167.0
afterstate_full_board_best_checkpoint,1969,1970,160.0
afterstate_full_board_best_checkpoint,1970,1971,157.0
afterstate_full_board_best_checkpoint,1971,1972,126.0
afterstate_full_board_best_checkpoint,1972,1973,167.0
afterstate_full_board_best_checkpoint,1973,1974,201.0
afterstate_full_board_best_checkpoint,1974,1975,213.0
afterstate_full_board_best_checkpoint,1975,1976,127.0
afterstate_full_board_best_checkpoint,1976,1977,161.0
afterstate_full_board_best_checkpoint,1977,1978,246.0
afterstate_full_board_best_checkpoint,1978,1979,139.0
afterstate_full_board_best_checkpoint,1979,1980,143.0
afterstate_full_board_best_checkpoint,1980,1981,104.0
afterstate_full_board_best_checkpoint,1981,1982,149.0
afterstate_full_board_best_checkpoint,1982,1983,109.0
afterstate_full_board_best_checkpoint,1983,1984,173.0
afterstate_full_board_best_checkpoint,1984,1985,153.0
afterstate_full_board_best_checkpoint,1985,1986,143.0
afterstate_full_board_best_checkpoint,1986,1987,174.0
afterstate_full_board_best_checkpoint,1987,1988,147.0
afterstate_full_board_best_checkpoint,1988,1989,125.0
afterstate_full_board_best_checkpoint,1989,1990,165.0
afterstate_full_board_best_checkpoint,1990,1991,124.0
afterstate_full_board_best_checkpoint,1991,1992,202.0
afterstate_full_board_best_checkpoint,1992,1993,181.0
afterstate_full_board_best_checkpoint,1993,1994,171.0
afterstate_full_board_best_checkpoint,1994,1995,134.0
afterstate_full_board_best_checkpoint,1995,1996,157.0
afterstate_full_board_best_checkpoint,1996,1997,113.0
afterstate_full_board_best_checkpoint,1997,1998,159.0
afterstate_full_board_best_checkpoint,1998,1999,205.0
afterstate_full_board_best_checkpoint,1999,2000,132.0
