agent,episode_index,seed,score
random,0,1826701614,0.0
random,1,1367864806,24.0
random,2,1097657231,18.0
random,3,579362555,18.0
random,4,661058651,18.0
random,5,87989972,0.0
random,6,161576974,0.0
random,7,35492826,4.0
random,8,376383645,9.0
random,9,1746484539,0.0
random,10,1394609702,16.0
random,11,1960127675,75.0
random,12,1081530686,0.0
random,13,1302740407,0.0
random,14,2084654369,0.0
random,15,1566581934,0.0
random,16,1357791198,0.0
random,17,1167425778,56.0
random,18,1202413557,6.0
random,19,2008052738,18.0
random,20,595598245,18.0
random,21,1752032165,18.0
random,22,1440696407,0.0
random,23,5880883,0.0
random,24,846428919,0.0
random,25,1841261662,0.0
random,26,1190382222,15.0
random,27,72124473,16.0
random,28,1642588603,0.0
random,29,1566923138,0.0
random,30,1818006482,0.0
random,31,377217572,0.0
random,32,191741830,3.0
random,33,1853662620,12.0
random,34,47463574,0.0
random,35,1162779115,21.0
random,36,172656923,0.0
random,37,643626383,0.0
random,38,1033071480,0.0
random,39,907713895,39.0
random,40,865948037,36.0
random,41,60816030,24.0
random,42,11494707,0.0
random,43,266896303,36.0
random,44,17790419,33.0
random,45,1440154963,12.0
random,46,1128755548,82.0
random,47,1389828892,21.0
random,48,552547096,0.0
random,49,1321529463,11.0
random,50,1640795441,24.0
random,51,823941273,9.0
random,52,989821580,18.0
random,53,2141492029,0.0
random,54,1728701086,0.0
random,55,2106327850,0.0
random,56,815020182,36.0
random,57,1472190200,0.0
random,58,2040324894,40.0
random,59,1396850658,0.0
random,60,1804554973,0.0
random,61,1478428095,45.0
random,62,1511830742,0.0
random,63,835202397,27.0
random,64,1879383516,0.0
random,65,290117534,0.0
random,66,1243185673,46.0
random,67,1549384411,0.0
random,68,1815655708,69.0
random,69,1128189815,0.0
random,70,806201099,0.0
random,71,666239354,0.0
random,72,908297867,0.0
random,73,1043323488,0.0
random,74,1543657888,18.0
random,75,1910160578,36.0
random,76,156652360,0.0
random,77,2005843176,0.0
random,78,1141051469,0.0
random,79,768359333,0.0
random,80,1444696807,6.0
random,81,1227350964,12.0
random,82,546762614,0.0
random,83,691209253,0.0
random,84,1545136976,8.0
random,85,1276249595,0.0
random,86,1083230752,0.0
random,87,725658830,37.0
random,88,1633503581,0.0
random,89,840995399,0.0
random,90,704750836,0.0
random,91,1911849612,0.0
random,92,566779217,15.0
random,93,487817217,0.0
random,94,1533673821,15.0
random,95,1338284201,13.0
random,96,104252791,9.0
random,97,180421576,21.0
random,98,809899613,21.0
random,99,1788089690,12.0
random,100,860813095,3.0
random,101,1690280743,0.0
random,102,679605935,0.0
random,103,514041964,0.0
random,104,1700138881,18.0
random,105,1882235552,23.0
random,106,170294837,3.0
random,107,125773896,27.0
random,108,1441526998,0.0
random,109,721805890,72.0
random,110,1231901275,12.0
random,111,322722697,0.0
random,112,1846923786,24.0
random,113,967096425,0.0
random,114,1921983830,15.0
random,115,1710093347,0.0
random,116,1514711733,21.0
random,117,495300371,0.0
random,118,1647140547,23.0
random,119,111714892,0.0
random,120,1224268756,0.0
random,121,868768460,0.0
random,122,2140277469,0.0
random,123,426303516,0.0
random,124,2032646511,0.0
random,125,194890680,0.0
random,126,1338252684,0.0
random,127,1246254308,24.0
random,128,1930469648,0.0
random,129,641445060,0.0
random,130,1937191049,0.0
random,131,1443098010,0.0
random,132,1912112502,55.0
random,133,428456152,36.0
random,134,1628312689,0.0
random,135,2023172498,12.0
random,136,104360713,0.0
random,137,784068115,0.0
random,138,1366900981,0.0
random,139,226549387,0.0
random,140,1095352898,33.0
random,141,1350999467,20.0
random,142,1640650566,0.0
random,143,1991049240,0.0
random,144,880091737,6.0
random,145,945702738,27.0
random,146,1018360727,21.0
random,147,2049967474,10.0
random,148,420376857,0.0
random,149,1073518085,0.0
random,150,107014967,0.0
random,151,913171518,0.0
random,152,2030045015,0.0
random,153,1331898245,36.0
random,154,750782387,27.0
random,155,2136953472,0.0
random,156,1296558496,0.0
random,157,2037841023,0.0
random,158,35072563,18.0
random,159,987939413,0.0
random,160,1793051917,12.0
random,161,1627210303,0.0
random,162,875079008,15.0
random,163,1068207104,0.0
random,164,902462478,53.0
random,165,1136689207,0.0
random,166,494452712,0.0
random,167,1687461942,0.0
random,168,166879142,3.0
random,169,890466655,0.0
random,170,605291690,37.0
random,171,1577291459,0.0
random,172,1609096917,12.0
random,173,1527167700,21.0
random,174,1985281331,0.0
random,175,2001582934,0.0
random,176,396530695,18.0
random,177,246815950,0.0
random,178,284241473,0.0
random,179,1565548042,15.0
random,180,2083753425,0.0
random,181,1991627720,15.0
random,182,1435036778,0.0
random,183,2078605664,18.0
random,184,1871024368,0.0
random,185,31581548,0.0
random,186,256059213,0.0
random,187,1854652970,32.0
random,188,176863876,0.0
random,189,2107100303,15.0
random,190,1776774048,24.0
random,191,2055593207,3.0
random,192,773786671,0.0
random,193,319468283,18.0
random,194,1109958447,0.0
random,195,2088704472,0.0
random,196,788603697,18.0
random,197,1911122052,6.0
random,198,824272794,0.0
random,199,1766034346,0.0
random,200,493018052,36.0
random,201,1030766217,18.0
random,202,701897158,0.0
random,203,499017044,39.0
random,204,1917029159,0.0
random,205,1722025429,0.0
random,206,299909236,0.0
random,207,1983265915,0.0
random,208,2085146283,0.0
random,209,571510407,8.0
random,210,915743486,18.0
random,211,1157352826,33.0
random,212,1411099204,0.0
random,213,950804459,0.0
random,214,319457530,0.0
random,215,1999344461,25.0
random,216,1486119655,0.0
random,217,86996089,42.0
random,218,1748708618,3.0
random,219,1571971334,45.0
random,220,393575409,0.0
random,221,1319356500,0.0
random,222,1077333835,0.0
random,223,60914157,0.0
random,224,1991575180,0.0
random,225,1544512700,0.0
random,226,666191121,15.0
random,227,34341977,0.0
random,228,196017830,18.0
random,229,1627687382,0.0
random,230,320704861,0.0
random,231,1101140972,27.0
random,232,1929953604,18.0
random,233,1995236120,0.0
random,234,575371960,6.0
random,235,141911080,0.0
random,236,1062733147,0.0
random,237,1806715099,8.0
random,238,1341434674,12.0
random,239,143215702,27.0
random,240,1396231712,0.0
random,241,739400048,0.0
random,242,485792374,3.0
random,243,924059490,21.0
random,244,1875379230,15.0
random,245,2074602520,18.0
random,246,302913355,15.0
random,247,1207383686,12.0
random,248,1635307037,36.0
random,249,555907480,0.0
random,250,585528511,15.0
random,251,518994643,0.0
random,252,450152621,3.0
random,253,1907219570,0.0
random,254,469485974,0.0
random,255,485050903,24.0
random,256,269386935,0.0
random,257,267479193,0.0
random,258,1671748609,18.0
random,259,619185585,0.0
random,260,1722230529,6.0
random,261,1258689696,0.0
random,262,1843405230,0.0
random,263,1189900291,27.0
random,264,1641032421,45.0
random,265,1738840649,0.0
random,266,131069158,24.0
random,267,1203612941,0.0
random,268,976358674,0.0
random,269,619379841,0.0
random,270,971614501,0.0
random,271,886688143,0.0
random,272,1056188272,0.0
random,273,1756901406,0.0
random,274,1772735651,0.0
random,275,1345412382,0.0
random,276,1525331520,0.0
random,277,2059603553,30.0
random,278,1367752506,0.0
random,279,793289931,0.0
random,280,176283768,24.0
random,281,1186724181,0.0
random,282,497074429,0.0
random,283,1275442510,27.0
random,284,55205953,0.0
random,285,1821691497,0.0
random,286,2028429921,39.0
random,287,312402043,0.0
random,288,1759114057,0.0
random,289,872974300,0.0
random,290,89514544,24.0
random,291,1954121989,23.0
random,292,2020595744,0.0
random,293,92485438,40.0
random,294,1274239748,0.0
random,295,1766748282,27.0
random,296,1696194208,8.0
random,297,892030427,30.0
random,298,1846657787,15.0
random,299,1781990488,0.0
random,300,243444659,0.0
random,301,21377256,0.0
random,302,219536274,27.0
random,303,783930654,0.0
random,304,235553100,0.0
random,305,168856718,28.0
random,306,555678126,0.0
random,307,1401479130,0.0
random,308,1125662722,0.0
random,309,588086460,0.0
random,310,2041104818,33.0
random,311,1508933830,0.0
random,312,1362392980,21.0
random,313,2026798130,18.0
random,314,1686949517,0.0
random,315,272337652,11.0
random,316,79354821,12.0
random,317,1857097247,21.0
random,318,875830023,0.0
random,319,127698292,27.0
random,320,1023419372,0.0
random,321,817698439,0.0
random,322,925758967,27.0
random,323,922932768,0.0
random,324,674631158,0.0
random,325,1049796407,6.0
random,326,1055562759,21.0
random,327,2096936868,0.0
random,328,1487642552,0.0
random,329,1665784141,0.0
random,330,17257121,0.0
random,331,663266135,0.0
random,332,2112488123,0.0
random,333,579470083,0.0
random,334,1095136094,45.0
random,335,1853536523,27.0
random,336,1371385240,0.0
random,337,1892592741,0.0
random,338,353044762,0.0
random,339,1096733868,0.0
random,340,1364944092,0.0
random,341,739369451,0.0
random,342,1233058892,0.0
random,343,2136568735,0.0
random,344,1581761357,0.0
random,345,678483596,6.0
random,346,137321580,28.0
random,347,392371845,0.0
random,348,584160036,6.0
random,349,1889996323,9.0
random,350,581917524,32.0
random,351,1744476983,0.0
random,352,588053790,0.0
random,353,1434281576,0.0
random,354,1131487508,15.0
random,355,2058177601,24.0
random,356,1216325249,36.0
random,357,1987956916,6.0
random,358,2065840828,0.0
random,359,1606851424,0.0
random,360,1349431587,45.0
random,361,1848342201,25.0
random,362,2139873756,0.0
random,363,530743582,33.0
random,364,1208033236,0.0
random,365,303324670,0.0
random,366,225336197,0.0
random,367,1438946863,19.0
random,368,102092473,9.0
random,369,1534631621,0.0
random,370,1762818387,0.0
random,371,358743432,15.0
random,372,1461111207,24.0
random,373,849452775,0.0
random,374,1918513088,21.0
random,375,1954759372,0.0
random,376,1240184092,49.0
random,377,1205598967,0.0
random,378,1525958284,0.0
random,379,1241966919,28.0
random,380,1601735538,0.0
random,381,416890512,6.0
random,382,1679665482,21.0
random,383,1129624176,0.0
random,384,1614599411,0.0
random,385,1124067516,0.0
random,386,658332664,0.0
random,387,190987832,0.0
random,388,1128218302,60.0
random,389,2108705875,0.0
random,390,76953176,0.0
random,391,1227062707,0.0
random,392,960169880,0.0
random,393,13762970,21.0
random,394,1167302081,27.0
random,395,1659251524,0.0
random,396,1592403293,41.0
random,397,2100809622,24.0
random,398,1136182736,0.0
random,399,1266736239,0.0
random,400,2074068892,28.0
random,401,686511085,0.0
random,402,1714768789,0.0
random,403,402669752,9.0
random,404,777213504,15.0
random,405,1444239948,0.0
random,406,1244721829,33.0
random,407,418989947,24.0
random,408,1415983256,24.0
random,409,1240575301,3.0
random,410,1976691419,0.0
random,411,1293298782,56.0
random,412,1899189787,8.0
random,413,2066787853,28.0
random,414,188070709,0.0
random,415,155188475,0.0
random,416,1079200426,0.0
random,417,1073683462,45.0
random,418,1191879034,6.0
random,419,1597937168,18.0
random,420,677186466,0.0
random,421,380591526,18.0
random,422,1460534081,0.0
random,423,833366960,0.0
random,424,1996560372,6.0
random,425,135067053,6.0
random,426,1522979205,18.0
random,427,1558817284,0.0
random,428,582027100,12.0
random,429,188480101,9.0
random,430,683416592,0.0
random,431,848452982,0.0
random,432,2103281005,0.0
random,433,1875875565,0.0
random,434,496254106,0.0
random,435,1014257249,0.0
random,436,1288245593,0.0
random,437,1959840678,0.0
random,438,289993663,0.0
random,439,1644794485,0.0
random,440,1986944590,0.0
random,441,1965643235,0.0
random,442,594949505,18.0
random,443,273595878,0.0
random,444,1275194774,27.0
random,445,157975135,9.0
random,446,279162560,0.0
random,447,151024479,12.0
random,448,452892285,0.0
random,449,1865850388,9.0
random,450,1444535965,12.0
random,451,1361654911,0.0
random,452,2116130273,24.0
random,453,1066379591,24.0
random,454,85898467,0.0
random,455,351206811,6.0
random,456,558975054,24.0
random,457,1446831539,0.0
random,458,766760084,3.0
random,459,682937139,32.0
random,460,240915549,0.0
random,461,1526602881,9.0
random,462,52580666,36.0
random,463,988605540,15.0
random,464,1598640627,6.0
random,465,1089783226,0.0
random,466,1475383483,39.0
random,467,1695794246,15.0
random,468,482945970,15.0
random,469,199169391,6.0
random,470,121012640,27.0
random,471,1242874421,15.0
random,472,567020276,28.0
random,473,423558823,0.0
random,474,1578280308,0.0
random,475,1735460458,0.0
random,476,2049571150,27.0
random,477,1049788868,0.0
random,478,1122282163,24.0
random,479,2123207060,24.0
random,480,1081734387,48.0
random,481,392867797,9.0
random,482,549260787,0.0
random,483,2068067855,3.0
random,484,92794862,3.0
random,485,1719956238,0.0
random,486,1390493182,0.0
random,487,1033499046,12.0
random,488,1789927145,27.0
random,489,1747051098,0.0
random,490,944888642,38.0
random,491,1294608165,32.0
random,492,1640037303,0.0
random,493,1406861771,27.0
random,494,1042672248,0.0
random,495,1962135971,0.0
random,496,1895794837,44.0
random,497,140167151,9.0
random,498,1174906484,12.0
random,499,1793123513,32.0
random,500,181316223,0.0
random,501,819940996,0.0
random,502,1092418183,0.0
random,503,699103886,0.0
random,504,1493268086,0.0
random,505,2134656235,33.0
random,506,781393582,18.0
random,507,1677593828,6.0
random,508,251580340,33.0
random,509,1042678770,9.0
random,510,11507716,0.0
random,511,907587570,0.0
random,512,30122969,4.0
random,513,1884478975,4.0
random,514,2081748799,6.0
random,515,186433517,21.0
random,516,1756702899,0.0
random,517,1521317695,16.0
random,518,645939060,0.0
random,519,1694696649,67.0
random,520,2066547046,30.0
random,521,1716261155,20.0
random,522,1487200419,27.0
random,523,692105470,21.0
random,524,1302388738,9.0
random,525,1710769617,0.0
random,526,1534632091,0.0
random,527,483889143,21.0
random,528,884788597,27.0
random,529,778050398,0.0
random,530,1491964129,0.0
random,531,896462994,0.0
random,532,900767155,60.0
random,533,1162669085,18.0
random,534,1244199845,0.0
random,535,241836004,0.0
random,536,1986310577,0.0
random,537,873913746,18.0
random,538,376807921,0.0
random,539,645726,21.0
random,540,933735438,0.0
random,541,1598545436,27.0
random,542,636300172,3.0
random,543,1829389590,18.0
random,544,428669385,21.0
random,545,298353508,30.0
random,546,839878378,18.0
random,547,1511368430,12.0
random,548,643323833,28.0
random,549,1763305454,15.0
random,550,44846461,0.0
random,551,2108460267,0.0
random,552,101210932,0.0
random,553,1812026434,18.0
random,554,7592669,0.0
random,555,910761742,0.0
random,556,664542660,52.0
random,557,2103865480,8.0
random,558,1406364328,18.0
random,559,2091615581,16.0
random,560,890259339,24.0
random,561,1081638075,0.0
random,562,1078627882,27.0
random,563,1618014120,28.0
random,564,1093393903,0.0
random,565,1962451447,18.0
random,566,412216003,0.0
random,567,1022518050,6.0
random,568,529894209,0.0
random,569,1854966827,0.0
random,570,294976779,0.0
random,571,1506607022,9.0
random,572,1958199453,0.0
random,573,631197532,0.0
random,574,599538113,0.0
random,575,1648520696,54.0
random,576,1269833621,0.0
random,577,1225536244,0.0
random,578,1898703231,0.0
random,579,201530931,15.0
random,580,586415634,0.0
random,581,840483065,51.0
random,582,1970261970,35.0
random,583,158357619,0.0
random,584,972018089,0.0
random,585,1022560766,8.0
random,586,31166652,3.0
random,587,920281800,0.0
random,588,1393151830,0.0
random,589,909969229,21.0
random,590,656389835,6.0
random,591,1259070421,12.0
random,592,2106435001,0.0
random,593,263476185,9.0
random,594,614627890,0.0
random,595,2005253464,42.0
random,596,636542532,0.0
random,597,1468987150,0.0
random,598,754646726,0.0
random,599,1769056995,36.0
random,600,1257027453,9.0
random,601,1925865980,51.0
random,602,1369052290,0.0
random,603,1252670261,0.0
random,604,1049182741,30.0
random,605,86367971,0.0
random,606,259146963,0.0
random,607,1527906319,27.0
random,608,1373500221,4.0
random,609,1221973716,0.0
random,610,250978653,0.0
random,611,1773729627,12.0
random,612,1709792113,0.0
random,613,1142805913,0.0
random,614,546129952,48.0
random,615,1746428395,39.0
random,616,1120401407,0.0
random,617,2141063300,0.0
random,618,602431219,42.0
random,619,752810724,28.0
random,620,1725762600,28.0
random,621,367265745,0.0
random,622,691213915,24.0
random,623,841115226,0.0
random,624,1559527835,3.0
random,625,1617162538,0.0
random,626,1693159808,32.0
random,627,943236948,15.0
random,628,1321516690,0.0
random,629,1263536662,0.0
random,630,1658097530,12.0
random,631,273500235,0.0
random,632,683208708,0.0
random,633,1559338365,0.0
random,634,433243807,6.0
random,635,601472377,0.0
random,636,2101448338,0.0
random,637,409348093,0.0
random,638,2143332914,3.0
random,639,1853171009,59.0
random,640,335114981,27.0
random,641,1212067303,0.0
random,642,695215397,0.0
random,643,1040453555,0.0
random,644,1309583380,0.0
random,645,1930209337,0.0
random,646,1999946148,0.0
random,647,184710299,27.0
random,648,384379268,8.0
random,649,1494980297,21.0
random,650,442733243,18.0
random,651,704336603,33.0
random,652,1257265993,0.0
random,653,376689569,12.0
random,654,2135488785,0.0
random,655,1449119065,28.0
random,656,487971975,0.0
random,657,779154206,0.0
random,658,1391888844,0.0
random,659,708445905,0.0
random,660,1335149572,39.0
random,661,2026532568,9.0
random,662,784818245,78.0
random,663,427989927,39.0
random,664,613679012,9.0
random,665,1099884554,0.0
random,666,1193421926,0.0
random,667,51567955,10.0
random,668,1381206184,6.0
random,669,350830303,27.0
random,670,1352665113,0.0
random,671,1897127283,0.0
random,672,415380885,39.0
random,673,1694896203,15.0
random,674,73060872,15.0
random,675,1195795108,6.0
random,676,1432436442,21.0
random,677,477715029,24.0
random,678,1678406708,15.0
random,679,1197753812,24.0
random,680,897596910,21.0
random,681,26084465,0.0
random,682,289187332,27.0
random,683,1531142162,0.0
random,684,873929859,0.0
random,685,1539210365,0.0
random,686,2063825496,3.0
random,687,1387371122,9.0
random,688,1592700838,0.0
random,689,1312839826,9.0
random,690,644623455,0.0
random,691,158304833,45.0
random,692,1316683214,0.0
random,693,529152788,18.0
random,694,259701710,0.0
random,695,1233467465,0.0
random,696,1310220351,18.0
random,697,846509633,15.0
random,698,1352139329,0.0
random,699,2130353660,6.0
random,700,1628300042,6.0
random,701,1983728048,0.0
random,702,145712547,21.0
random,703,326434484,21.0
random,704,769900509,0.0
random,705,1266930724,0.0
random,706,1493609600,3.0
random,707,1495110554,36.0
random,708,1946661503,0.0
random,709,293224748,0.0
random,710,368267277,0.0
random,711,671294040,9.0
random,712,360202605,0.0
random,713,1537421868,21.0
random,714,884754811,18.0
random,715,1935114894,0.0
random,716,609282018,81.0
random,717,733886752,0.0
random,718,641890153,0.0
random,719,513127713,0.0
random,720,1805205897,0.0
random,721,1764784886,15.0
random,722,635042477,0.0
random,723,1256240739,0.0
random,724,1886651986,12.0
random,725,1023465841,0.0
random,726,1938097305,0.0
random,727,550077981,27.0
random,728,485126279,35.0
random,729,156032615,0.0
random,730,1356092478,6.0
random,731,38421533,0.0
random,732,382256943,0.0
random,733,1245476478,0.0
random,734,946263127,0.0
random,735,410406186,0.0
random,736,1100944843,6.0
random,737,2094941118,0.0
random,738,2111460460,0.0
random,739,230805589,30.0
random,740,1617478719,33.0
random,741,970853279,22.0
random,742,1000233456,0.0
random,743,847525460,9.0
random,744,1797160854,9.0
random,745,498885093,0.0
random,746,1255570839,18.0
random,747,1607940674,0.0
random,748,889904399,15.0
random,749,1382345449,6.0
random,750,254368654,18.0
random,751,1558552760,0.0
random,752,652360611,51.0
random,753,177830062,0.0
random,754,634352408,6.0
random,755,757510716,0.0
random,756,1384402027,24.0
random,757,1116333025,32.0
random,758,1789070742,9.0
random,759,916376677,0.0
random,760,1904168042,20.0
random,761,87225549,27.0
random,762,697978994,0.0
random,763,416670786,3.0
random,764,820925147,0.0
random,765,2029424978,0.0
random,766,290390494,18.0
random,767,349115825,8.0
random,768,876472099,0.0
random,769,1829768450,36.0
random,770,17438250,18.0
random,771,1765526104,0.0
random,772,1673839949,0.0
random,773,840296944,36.0
random,774,92081475,19.0
random,775,1002409975,30.0
random,776,1506000340,9.0
random,777,1769530406,0.0
random,778,340314366,0.0
random,779,1461762752,24.0
random,780,1191646889,0.0
random,781,1797322987,0.0
random,782,1525204830,6.0
random,783,1626926278,12.0
random,784,1835955388,5.0
random,785,1484494197,21.0
random,786,846921924,0.0
random,787,1960596962,45.0
random,788,1195672265,0.0
random,789,1766964862,0.0
random,790,220808120,0.0
random,791,384534193,0.0
random,792,1175220634,51.0
random,793,1606799394,0.0
random,794,2042193668,6.0
random,795,186146723,0.0
random,796,1847567195,15.0
random,797,914519311,0.0
random,798,2040634360,0.0
random,799,852018189,0.0
random,800,1974313088,62.0
random,801,434152675,33.0
random,802,736375715,6.0
random,803,2014135883,18.0
random,804,2114677001,21.0
random,805,203531366,0.0
random,806,312383339,0.0
random,807,10521413,18.0
random,808,2007520119,24.0
random,809,693467144,18.0
random,810,1139849125,18.0
random,811,2127608080,0.0
random,812,1801460860,0.0
random,813,568428459,36.0
random,814,801859849,0.0
random,815,1783902350,0.0
random,816,1061961621,36.0
random,817,371758704,0.0
random,818,2021463056,0.0
random,819,1259237927,0.0
random,820,1667716325,0.0
random,821,2058168374,0.0
random,822,1312796538,32.0
random,823,1538700453,60.0
random,824,1844212931,0.0
random,825,2105624842,0.0
random,826,1152712767,0.0
random,827,1233851007,27.0
random,828,1436026797,27.0
random,829,2111695201,12.0
random,830,969140808,0.0
random,831,1797544812,21.0
random,832,596561611,0.0
random,833,1671275338,16.0
random,834,239728442,0.0
random,835,1908017502,0.0
random,836,730280731,14.0
random,837,1356117706,0.0
random,838,303332141,0.0
random,839,765287035,0.0
random,840,205869495,0.0
random,841,1134477900,3.0
random,842,2119161086,0.0
random,843,486405895,0.0
random,844,577453054,0.0
random,845,1669763290,59.0
random,846,404875524,0.0
random,847,365240800,0.0
random,848,463177354,15.0
random,849,1239523156,15.0
random,850,1081694326,0.0
random,851,1150834187,32.0
random,852,58832247,0.0
random,853,1442900282,0.0
random,854,673292751,32.0
random,855,1633132534,60.0
random,856,1789505226,0.0
random,857,235853588,15.0
random,858,633033279,0.0
random,859,1342050495,0.0
random,860,375429809,0.0
random,861,888963488,9.0
random,862,751854142,0.0
random,863,1318987538,0.0
random,864,1597079899,12.0
random,865,1490320457,0.0
random,866,681822850,0.0
random,867,1257307835,0.0
random,868,1722119280,3.0
random,869,1573860864,0.0
random,870,1692113894,36.0
random,871,1116745735,0.0
random,872,1248530885,0.0
random,873,994001050,16.0
random,874,1315297668,18.0
random,875,615831448,0.0
random,876,987067693,21.0
random,877,492099463,0.0
random,878,1082938568,0.0
random,879,1493149902,18.0
random,880,1686683774,9.0
random,881,1494028752,24.0
random,882,374472387,0.0
random,883,419795499,54.0
random,884,802845225,0.0
random,885,2087004959,0.0
random,886,59780923,59.0
random,887,1441285325,0.0
random,888,631597703,0.0
random,889,1140777937,22.0
random,890,186700091,16.0
random,891,1806410311,6.0
random,892,1874322889,0.0
random,893,1044794674,0.0
random,894,1674763081,12.0
random,895,1022083825,0.0
random,896,1561308310,0.0
random,897,554640050,0.0
random,898,683416295,9.0
random,899,335298392,51.0
random,900,975234078,0.0
random,901,1528193555,0.0
random,902,1678435637,67.0
random,903,1812714500,0.0
random,904,409965907,12.0
random,905,1455561791,20.0
random,906,580302179,0.0
random,907,792038175,0.0
random,908,795767121,15.0
random,909,1236353775,18.0
random,910,1263252595,24.0
random,911,1209919073,0.0
random,912,139368607,78.0
random,913,2011260348,18.0
random,914,1830209564,0.0
random,915,832524030,20.0
random,916,1227570255,0.0
random,917,353868050,12.0
random,918,1363133090,9.0
random,919,1883199047,18.0
random,920,1993590360,0.0
random,921,1921414815,44.0
random,922,118372896,24.0
random,923,103649575,30.0
random,924,1582421304,12.0
random,925,425682864,0.0
random,926,406030753,18.0
random,927,1366408740,0.0
random,928,128117409,0.0
random,929,1694032071,0.0
random,930,384236439,0.0
random,931,1302862236,3.0
random,932,1353983433,28.0
random,933,411434665,9.0
random,934,861286954,21.0
random,935,252633358,36.0
random,936,2106550991,0.0
random,937,1086567956,0.0
random,938,318074429,9.0
random,939,1751295262,0.0
random,940,1588477391,12.0
random,941,466148221,0.0
random,942,727895293,0.0
random,943,161346233,0.0
random,944,1195507444,0.0
random,945,1183360116,0.0
random,946,113615205,24.0
random,947,411924188,12.0
random,948,976210525,0.0
random,949,144791336,9.0
random,950,1593074256,21.0
random,951,1660573078,0.0
random,952,1524180917,0.0
random,953,1763570706,0.0
random,954,1720259465,75.0
random,955,855419081,0.0
random,956,965291152,0.0
random,957,631524174,41.0
random,958,365427907,0.0
random,959,595112578,27.0
random,960,1553182713,51.0
random,961,775180233,0.0
random,962,2140580276,0.0
random,963,1238899728,0.0
random,964,1428626064,18.0
random,965,1133484985,28.0
random,966,1711780689,18.0
random,967,763106555,9.0
random,968,1314870853,0.0
random,969,1368851128,57.0
random,970,1859547262,0.0
random,971,1451199530,0.0
random,972,1284319632,0.0
random,973,1198894910,0.0
random,974,117890804,24.0
random,975,831709496,0.0
random,976,670017791,21.0
random,977,1339821021,6.0
random,978,678567611,9.0
random,979,1271101547,0.0
random,980,1070586812,0.0
random,981,730839918,27.0
random,982,1088807710,0.0
random,983,651119216,18.0
random,984,464923196,0.0
random,985,1171986792,0.0
random,986,2123252827,16.0
random,987,1314993870,0.0
random,988,1325045124,0.0
random,989,1311679658,3.0
random,990,1894174780,18.0
random,991,822138363,12.0
random,992,910435505,0.0
random,993,1214990213,0.0
random,994,1199307439,44.0
random,995,2116924171,0.0
random,996,386336714,23.0
random,997,919175655,0.0
random,998,452654723,27.0
random,999,1810360313,0.0
random,1000,1188373858,0.0
random,1001,174641296,6.0
random,1002,397629223,0.0
random,1003,1879538362,3.0
random,1004,950801595,21.0
random,1005,2022298569,0.0
random,1006,197324348,0.0
random,1007,562348691,0.0
random,1008,1175467881,18.0
random,1009,25987591,0.0
random,1010,839699341,0.0
random,1011,1037252669,0.0
random,1012,510691698,21.0
random,1013,392371585,0.0
random,1014,1990041840,8.0
random,1015,2086562229,3.0
random,1016,1074274468,0.0
random,1017,1927792709,0.0
random,1018,1043865367,0.0
random,1019,2063012132,0.0
random,1020,92871109,0.0
random,1021,1296800214,0.0
random,1022,90643067,12.0
random,1023,1106298463,24.0
random,1024,1897399387,3.0
random,1025,1788247963,0.0
random,1026,459071586,12.0
random,1027,1400908735,21.0
random,1028,358780876,32.0
random,1029,533773545,0.0
random,1030,916810175,0.0
random,1031,2006363988,6.0
random,1032,1441274222,3.0
random,1033,944247378,20.0
random,1034,441413443,0.0
random,1035,1661199350,0.0
random,1036,1268315566,18.0
random,1037,1075756070,27.0
random,1038,1404343317,0.0
random,1039,393754533,43.0
random,1040,1962426203,0.0
random,1041,635498064,48.0
random,1042,1027177638,0.0
random,1043,1233537732,0.0
random,1044,375640543,8.0
random,1045,307094637,3.0
random,1046,1019727150,0.0
random,1047,29501826,0.0
random,1048,1297841315,8.0
random,1049,931774308,0.0
random,1050,513334963,22.0
random,1051,1636805962,0.0
random,1052,700559671,0.0
random,1053,1318892701,0.0
random,1054,450124998,0.0
random,1055,696099041,0.0
random,1056,1345323893,0.0
random,1057,1540263187,18.0
random,1058,1375129957,36.0
random,1059,1040487251,27.0
random,1060,540535454,0.0
random,1061,2146412809,27.0
random,1062,1956725083,0.0
random,1063,1666515282,15.0
random,1064,626098422,27.0
random,1065,1783767436,36.0
random,1066,1242589652,27.0
random,1067,557377031,0.0
random,1068,1677595201,12.0
random,1069,327050941,0.0
random,1070,1244513964,27.0
random,1071,428001885,0.0
random,1072,158524869,6.0
random,1073,928281942,0.0
random,1074,959837937,0.0
random,1075,1099831858,47.0
random,1076,12539184,0.0
random,1077,417920391,0.0
random,1078,176454373,0.0
random,1079,1674918641,18.0
random,1080,106358874,4.0
random,1081,1864941702,0.0
random,1082,457800709,0.0
random,1083,678615539,9.0
random,1084,723218627,0.0
random,1085,1091059553,18.0
random,1086,784473433,3.0
random,1087,1276409738,24.0
random,1088,812556558,0.0
random,1089,1551295315,0.0
random,1090,2125053280,0.0
random,1091,316694683,15.0
random,1092,256334513,21.0
random,1093,603166011,0.0
random,1094,435835237,27.0
random,1095,1569179176,24.0
random,1096,1557752379,0.0
random,1097,1220183702,0.0
random,1098,2132570010,21.0
random,1099,1932618874,32.0
random,1100,2108361975,18.0
random,1101,961768508,33.0
random,1102,1189476410,0.0
random,1103,873194435,0.0
random,1104,606286067,3.0
random,1105,658219237,0.0
random,1106,1596688606,18.0
random,1107,496868815,0.0
random,1108,314786738,4.0
random,1109,1397510061,57.0
random,1110,1154216559,0.0
random,1111,568408860,15.0
random,1112,651248695,6.0
random,1113,1851722579,31.0
random,1114,87346764,0.0
random,1115,581213003,0.0
random,1116,1199649634,0.0
random,1117,1446028796,54.0
random,1118,1232144873,15.0
random,1119,1220166152,0.0
random,1120,1660833422,28.0
random,1121,1349604990,21.0
random,1122,1349724428,0.0
random,1123,1922892882,0.0
random,1124,1629534575,9.0
random,1125,365047419,0.0
random,1126,2077685253,0.0
random,1127,321726434,15.0
random,1128,2029144591,0.0
random,1129,261783026,0.0
random,1130,2108833679,0.0
random,1131,164151546,30.0
random,1132,1904109614,15.0
random,1133,1147252386,0.0
random,1134,1209926187,24.0
random,1135,355904938,9.0
random,1136,282508792,8.0
random,1137,1733379930,0.0
random,1138,524113175,23.0
random,1139,48555744,20.0
random,1140,976697473,0.0
random,1141,804462345,9.0
random,1142,968994524,0.0
random,1143,1016197790,0.0
random,1144,140479874,7.0
random,1145,464990984,0.0
random,1146,579305194,0.0
random,1147,764302786,38.0
random,1148,909662760,0.0
random,1149,478440964,18.0
random,1150,1720687798,0.0
random,1151,605221249,18.0
random,1152,940878817,24.0
random,1153,1990440445,21.0
random,1154,2142165920,6.0
random,1155,895877276,16.0
random,1156,832694851,0.0
random,1157,828638651,12.0
random,1158,763401035,0.0
random,1159,1312487141,0.0
random,1160,1373420420,0.0
random,1161,1426233776,0.0
random,1162,1675640649,15.0
random,1163,1417933082,0.0
random,1164,579553631,42.0
random,1165,182018495,36.0
random,1166,884861711,0.0
random,1167,1249626272,0.0
random,1168,1967942182,24.0
random,1169,1580383895,0.0
random,1170,683478958,24.0
random,1171,1708470056,21.0
random,1172,1407340574,0.0
random,1173,1263867681,27.0
random,1174,1838524589,0.0
random,1175,280403506,27.0
random,1176,1058952260,0.0
random,1177,179830975,18.0
random,1178,1592378060,12.0
random,1179,693752522,12.0
random,1180,1660016341,15.0
random,1181,1991917374,6.0
random,1182,1838555717,0.0
random,1183,1014938414,0.0
random,1184,1332490406,0.0
random,1185,1923015571,24.0
random,1186,247282820,0.0
random,1187,987144445,27.0
random,1188,629618264,0.0
random,1189,1621603785,0.0
random,1190,2121396109,0.0
random,1191,1041802676,9.0
random,1192,973520221,30.0
random,1193,1521926516,30.0
random,1194,546476013,0.0
random,1195,681137309,48.0
random,1196,356613291,0.0
random,1197,1910971101,0.0
random,1198,1088655736,4.0
random,1199,570603732,24.0
random,1200,1334588899,0.0
random,1201,13264638,0.0
random,1202,785908892,15.0
random,1203,1548691732,0.0
random,1204,2068249059,55.0
random,1205,1452997019,18.0
random,1206,270078281,0.0
random,1207,1410685121,0.0
random,1208,1536529377,12.0
random,1209,1476212475,0.0
random,1210,299848981,15.0
random,1211,1258992805,0.0
random,1212,836097736,0.0
random,1213,247559666,45.0
random,1214,2112659905,0.0
random,1215,1437104049,20.0
random,1216,1803898121,0.0
random,1217,14170221,9.0
random,1218,895342327,0.0
random,1219,392652092,18.0
random,1220,1947031888,0.0
random,1221,903829492,0.0
random,1222,1423684745,20.0
random,1223,812542056,0.0
random,1224,2005066142,0.0
random,1225,255475740,27.0
random,1226,278816511,0.0
random,1227,916884472,6.0
random,1228,1253958850,39.0
random,1229,1339207832,0.0
random,1230,1863455860,0.0
random,1231,810596546,21.0
random,1232,2038637517,0.0
random,1233,1521491053,0.0
random,1234,1231566532,24.0
random,1235,495901423,15.0
random,1236,1593244351,0.0
random,1237,308862419,0.0
random,1238,123556460,27.0
random,1239,1608250169,0.0
random,1240,522418958,0.0
random,1241,1436082722,0.0
random,1242,1206567758,18.0
random,1243,922066542,12.0
random,1244,976664938,36.0
random,1245,293705507,33.0
random,1246,654866803,28.0
random,1247,1425249976,21.0
random,1248,816569873,39.0
random,1249,1610517708,24.0
random,1250,2033843632,0.0
random,1251,352064166,0.0
random,1252,410462965,3.0
random,1253,1480264207,0.0
random,1254,546529668,0.0
random,1255,763724827,0.0
random,1256,1958521102,9.0
random,1257,1965202260,36.0
random,1258,1984483513,3.0
random,1259,1613919188,21.0
random,1260,103607450,0.0
random,1261,587833211,21.0
random,1262,1356374191,21.0
random,1263,2014396181,0.0
random,1264,552654764,0.0
random,1265,54186930,21.0
random,1266,1503562949,0.0
random,1267,396906548,3.0
random,1268,1894460404,0.0
random,1269,519482674,0.0
random,1270,271886261,0.0
random,1271,1572130007,0.0
random,1272,440653675,15.0
random,1273,1129937240,0.0
random,1274,2086656614,27.0
random,1275,997238594,0.0
random,1276,636121197,21.0
random,1277,477886705,24.0
random,1278,1061186134,0.0
random,1279,1624500748,0.0
random,1280,1575442966,0.0
random,1281,251484095,0.0
random,1282,1270416916,0.0
random,1283,531161225,0.0
random,1284,787334591,0.0
random,1285,1731645599,27.0
random,1286,1772935928,0.0
random,1287,968617053,6.0
random,1288,532710756,18.0
random,1289,1882951750,15.0
random,1290,1835401190,42.0
random,1291,1292063824,0.0
random,1292,897899418,34.0
random,1293,1695534217,0.0
random,1294,845974056,0.0
random,1295,402445463,21.0
random,1296,2041107446,0.0
random,1297,679081289,45.0
random,1298,1480075886,0.0
random,1299,808970085,0.0
random,1300,2088449069,0.0
random,1301,1061284712,0.0
random,1302,1222830594,0.0
random,1303,1014615208,0.0
random,1304,1897300243,24.0
random,1305,1766232623,0.0
random,1306,1157638765,0.0
random,1307,371923834,0.0
random,1308,728005477,3.0
random,1309,1828552077,48.0
random,1310,2095817265,45.0
random,1311,1909212377,27.0
random,1312,2062390879,24.0
random,1313,162175893,4.0
random,1314,902652305,24.0
random,1315,20165664,0.0
random,1316,143195844,0.0
random,1317,628682221,0.0
random,1318,1243466046,0.0
random,1319,860592835,0.0
random,1320,874970510,27.0
random,1321,2084024231,0.0
random,1322,2143083161,0.0
random,1323,153348793,0.0
random,1324,747669488,0.0
random,1325,1677840280,0.0
random,1326,776557818,53.0
random,1327,1020967313,0.0
random,1328,1109946743,27.0
random,1329,278901270,0.0
random,1330,966505138,0.0
random,1331,786151476,3.0
random,1332,886684139,17.0
random,1333,817979542,0.0
random,1334,5726271,0.0
random,1335,523067961,18.0
random,1336,1487643066,30.0
random,1337,632141355,6.0
random,1338,2125158589,0.0
random,1339,901768822,0.0
random,1340,777841243,0.0
random,1341,2066440609,0.0
random,1342,429177103,6.0
random,1343,985395568,0.0
random,1344,1732949829,0.0
random,1345,2040399400,0.0
random,1346,1998237881,0.0
random,1347,65567123,40.0
random,1348,1078211638,0.0
random,1349,141970698,46.0
random,1350,914560764,0.0
random,1351,59734203,51.0
random,1352,608515553,9.0
random,1353,1430105220,27.0
random,1354,1812090125,9.0
random,1355,472946102,12.0
random,1356,876247960,0.0
random,1357,1237852912,35.0
random,1358,1656139107,0.0
random,1359,1708035769,0.0
random,1360,2138631294,18.0
random,1361,712564963,0.0
random,1362,1178552782,0.0
random,1363,527588397,0.0
random,1364,13605525,0.0
random,1365,1557803078,0.0
random,1366,988321588,8.0
random,1367,1021982728,0.0
random,1368,1101938571,27.0
random,1369,320426348,0.0
random,1370,1561631560,24.0
random,1371,187786959,0.0
random,1372,145716385,0.0
random,1373,1583055153,0.0
random,1374,816005889,0.0
random,1375,1847721418,0.0
random,1376,1774422440,0.0
random,1377,1912038002,30.0
random,1378,420695118,9.0
random,1379,1095407801,3.0
random,1380,2057334841,0.0
random,1381,329541171,54.0
random,1382,1795408317,53.0
random,1383,484595602,20.0
random,1384,643493836,0.0
random,1385,973935135,0.0
random,1386,1057774156,0.0
random,1387,1829349779,18.0
random,1388,1806234937,0.0
random,1389,1396288323,24.0
random,1390,966813445,18.0
random,1391,588854955,0.0
random,1392,581435541,0.0
random,1393,1623365870,0.0
random,1394,787110923,0.0
random,1395,935100655,0.0
random,1396,637537969,0.0
random,1397,2110469501,15.0
random,1398,869591021,15.0
random,1399,920684516,0.0
random,1400,1871181142,45.0
random,1401,1797865468,6.0
random,1402,270725422,21.0
random,1403,31227915,0.0
random,1404,1861661986,0.0
random,1405,1542368421,0.0
random,1406,1980419325,45.0
random,1407,855725939,3.0
random,1408,463710772,0.0
random,1409,1071614328,0.0
random,1410,367619846,0.0
random,1411,426975154,18.0
random,1412,1530882847,78.0
random,1413,1996110775,0.0
random,1414,604909076,3.0
random,1415,428734401,0.0
random,1416,1870826181,0.0
random,1417,1205998262,0.0
random,1418,1441168111,0.0
random,1419,1282789957,9.0
random,1420,1540939945,0.0
random,1421,1843493221,24.0
random,1422,187219305,36.0
random,1423,1002158762,27.0
random,1424,1764836703,12.0
random,1425,1782177954,45.0
random,1426,1806719698,16.0
random,1427,1125059303,12.0
random,1428,539977091,0.0
random,1429,2053713042,0.0
random,1430,2013264950,11.0
random,1431,1538903603,51.0
random,1432,936067461,0.0
random,1433,1958731132,0.0
random,1434,658896624,0.0
random,1435,2023703832,24.0
random,1436,1562866299,6.0
random,1437,1722810501,29.0
random,1438,1545023491,0.0
random,1439,262782304,12.0
random,1440,222595588,0.0
random,1441,267208379,0.0
random,1442,2052207095,0.0
random,1443,1323369080,6.0
random,1444,1974161620,0.0
random,1445,582411915,0.0
random,1446,1138658127,3.0
random,1447,827108317,24.0
random,1448,1550035240,0.0
random,1449,373293166,15.0
random,1450,1679968577,0.0
random,1451,1636751182,24.0
random,1452,1427485836,45.0
random,1453,1835019844,0.0
random,1454,2144465877,0.0
random,1455,285195764,6.0
random,1456,1786184807,0.0
random,1457,1109894574,9.0
random,1458,1796957385,40.0
random,1459,848283807,27.0
random,1460,142972580,0.0
random,1461,1696544976,18.0
random,1462,312436814,0.0
random,1463,998563360,15.0
random,1464,1529564832,15.0
random,1465,1569400481,0.0
random,1466,101732488,3.0
random,1467,1215698817,0.0
random,1468,188198385,27.0
random,1469,2100771827,24.0
random,1470,1108782141,15.0
random,1471,901155168,63.0
random,1472,863055636,4.0
random,1473,2121007041,15.0
random,1474,1590397258,10.0
random,1475,892147563,0.0
random,1476,1563258461,0.0
random,1477,392277941,21.0
random,1478,858296908,0.0
random,1479,1679506287,0.0
random,1480,1736378460,3.0
random,1481,583512113,42.0
random,1482,1060530195,3.0
random,1483,1214949032,15.0
random,1484,1838408131,21.0
random,1485,1387306819,0.0
random,1486,1121258845,46.0
random,1487,428803646,0.0
random,1488,1058046379,32.0
random,1489,73888331,0.0
random,1490,1399193542,0.0
random,1491,2119637964,0.0
random,1492,1272102722,0.0
random,1493,1755331965,9.0
random,1494,846744150,9.0
random,1495,265655011,0.0
random,1496,830481064,12.0
random,1497,1821000484,0.0
random,1498,1359448513,0.0
random,1499,554330386,0.0
random,1500,1648647049,45.0
random,1501,531039935,24.0
random,1502,538074083,6.0
random,1503,1659180977,18.0
random,1504,658391309,12.0
random,1505,1626422536,36.0
random,1506,2145634501,21.0
random,1507,1816679561,0.0
random,1508,1730729211,0.0
random,1509,293457951,54.0
random,1510,1145614524,4.0
random,1511,1605429085,27.0
random,1512,1897165195,45.0
random,1513,1008939086,43.0
random,1514,464159963,0.0
random,1515,699829289,0.0
random,1516,926103463,12.0
random,1517,1576903421,27.0
random,1518,335342570,47.0
random,1519,1814930945,0.0
random,1520,2098545251,0.0
random,1521,692479203,0.0
random,1522,1931737444,0.0
random,1523,332455285,0.0
random,1524,401624801,21.0
random,1525,2129626715,6.0
random,1526,1261356746,24.0
random,1527,1973945470,24.0
random,1528,1062826723,24.0
random,1529,622429129,27.0
random,1530,543383985,27.0
random,1531,1748941408,31.0
random,1532,198086111,8.0
random,1533,192614727,0.0
random,1534,1314453106,0.0
random,1535,1959677413,0.0
random,1536,507857374,0.0
random,1537,1663553007,0.0
random,1538,1471362574,0.0
random,1539,422760319,0.0
random,1540,1501934392,12.0
random,1541,634983527,0.0
random,1542,1108358225,0.0
random,1543,1278944311,21.0
random,1544,376200933,21.0
random,1545,763983766,15.0
random,1546,1510970459,3.0
random,1547,1581050079,3.0
random,1548,423427660,0.0
random,1549,1272089574,0.0
random,1550,245805074,12.0
random,1551,444590645,9.0
random,1552,1997726839,0.0
random,1553,1310200194,0.0
random,1554,1989119059,45.0
random,1555,30191654,0.0
random,1556,270633492,30.0
random,1557,239976605,0.0
random,1558,714293236,30.0
random,1559,346191150,15.0
random,1560,960975667,0.0
random,1561,759517102,4.0
random,1562,1457259087,6.0
random,1563,25575967,21.0
random,1564,944559259,0.0
random,1565,1996961200,12.0
random,1566,1830693228,32.0
random,1567,514341564,0.0
random,1568,425986517,0.0
random,1569,581191861,12.0
random,1570,1927252044,0.0
random,1571,806685751,28.0
random,1572,289264001,0.0
random,1573,2020221008,0.0
random,1574,1699697044,21.0
random,1575,755526255,0.0
random,1576,1352520485,24.0
random,1577,925850758,0.0
random,1578,34737496,12.0
random,1579,641039486,6.0
random,1580,923047938,12.0
random,1581,2096470248,24.0
random,1582,1104146932,0.0
random,1583,783524923,15.0
random,1584,306344509,8.0
random,1585,179395245,27.0
random,1586,1289807279,0.0
random,1587,1413006431,0.0
random,1588,1343560136,21.0
random,1589,1538897348,0.0
random,1590,316004615,12.0
random,1591,799381512,0.0
random,1592,1110556577,24.0
random,1593,453946164,0.0
random,1594,1447422048,3.0
random,1595,878860798,0.0
random,1596,1855095263,0.0
random,1597,942891801,15.0
random,1598,571431796,18.0
random,1599,2137390051,12.0
random,1600,2118164916,0.0
random,1601,1843475823,0.0
random,1602,1093235665,12.0
random,1603,1333391705,0.0
random,1604,432905187,0.0
random,1605,416435621,0.0
random,1606,1738159737,0.0
random,1607,1477285184,3.0
random,1608,1069645297,40.0
random,1609,1629937945,0.0
random,1610,384213127,27.0
random,1611,161896083,0.0
random,1612,1092473549,0.0
random,1613,814941088,22.0
random,1614,491512727,0.0
random,1615,701900300,0.0
random,1616,494511528,27.0
random,1617,1224991936,24.0
random,1618,943483130,24.0
random,1619,1402421106,42.0
random,1620,46773314,27.0
random,1621,389527309,0.0
random,1622,786418225,18.0
random,1623,1008585958,0.0
random,1624,1746132385,0.0
random,1625,2130664311,0.0
random,1626,79153495,16.0
random,1627,34043283,0.0
random,1628,1783769358,0.0
random,1629,796702714,9.0
random,1630,1949939908,0.0
random,1631,717930548,0.0
random,1632,1738952928,0.0
random,1633,870982902,33.0
random,1634,144385951,0.0
random,1635,1866579290,0.0
random,1636,361352692,0.0
random,1637,941252902,9.0
random,1638,520441410,4.0
random,1639,1896395567,0.0
random,1640,772769448,0.0
random,1641,1235962400,0.0
random,1642,101265475,9.0
random,1643,911859556,27.0
random,1644,364728260,0.0
random,1645,541816754,9.0
random,1646,298239498,18.0
random,1647,1768697285,54.0
random,1648,1911958744,0.0
random,1649,1383410077,0.0
random,1650,1079078291,48.0
random,1651,455752014,45.0
random,1652,1211536617,0.0
random,1653,279324257,0.0
random,1654,985952697,0.0
random,1655,269361726,18.0
random,1656,318456309,45.0
random,1657,1952217174,27.0
random,1658,984030295,0.0
random,1659,866276730,3.0
random,1660,932433968,73.0
random,1661,1761597573,27.0
random,1662,1033713175,15.0
random,1663,1922775452,9.0
random,1664,602274148,20.0
random,1665,486046518,24.0
random,1666,445873904,9.0
random,1667,69948588,0.0
random,1668,5010725,0.0
random,1669,387268796,0.0
random,1670,684749289,24.0
random,1671,1659959129,0.0
random,1672,790014040,18.0
random,1673,33099543,0.0
random,1674,862900165,0.0
random,1675,1211464373,0.0
random,1676,26541411,0.0
random,1677,410742251,20.0
random,1678,2044726575,3.0
random,1679,1646391277,44.0
random,1680,1421060663,0.0
random,1681,1029451468,36.0
random,1682,481869309,0.0
random,1683,1179140189,51.0
random,1684,1638711222,0.0
random,1685,630089433,24.0
random,1686,945139379,0.0
random,1687,980494870,0.0
random,1688,1432881081,12.0
random,1689,98167066,18.0
random,1690,1363157945,18.0
random,1691,1738430203,0.0
random,1692,119627395,6.0
random,1693,1948839097,27.0
random,1694,1301158798,0.0
random,1695,1616298240,12.0
random,1696,714520067,15.0
random,1697,1064340725,0.0
random,1698,1586412580,0.0
random,1699,1812013091,3.0
random,1700,1287324080,24.0
random,1701,8205267,0.0
random,1702,1166786762,0.0
random,1703,1430132640,3.0
random,1704,603975729,45.0
random,1705,1647948708,21.0
random,1706,1664770359,0.0
random,1707,701488927,0.0
random,1708,609466269,24.0
random,1709,1839473698,27.0
random,1710,1481179909,30.0
random,1711,408024,15.0
random,1712,578860974,0.0
random,1713,1357467816,3.0
random,1714,1338891554,0.0
random,1715,646444076,3.0
random,1716,1937537255,0.0
random,1717,1349968185,0.0
random,1718,719210168,24.0
random,1719,539788610,0.0
random,1720,821571514,0.0
random,1721,450498840,0.0
random,1722,817080685,24.0
random,1723,1344669190,21.0
random,1724,1696768405,29.0
random,1725,1067159400,0.0
random,1726,987116059,0.0
random,1727,402182215,27.0
random,1728,1091835811,0.0
random,1729,1903046170,0.0
random,1730,1422313480,48.0
random,1731,1894910926,3.0
random,1732,1109211625,27.0
random,1733,1180189162,0.0
random,1734,230175785,24.0
random,1735,1516329672,0.0
random,1736,1939509793,0.0
random,1737,969345631,15.0
random,1738,1222110306,20.0
random,1739,1721086518,0.0
random,1740,735130238,12.0
random,1741,1790692652,0.0
random,1742,741752451,0.0
random,1743,1641020457,21.0
random,1744,1662571563,21.0
random,1745,522158155,11.0
random,1746,1459720327,21.0
random,1747,52588567,0.0
random,1748,1615997243,17.0
random,1749,1413587720,0.0
random,1750,74482475,0.0
random,1751,883169173,0.0
random,1752,1841558348,0.0
random,1753,1920410540,6.0
random,1754,772177932,0.0
random,1755,1846508504,0.0
random,1756,1892074401,6.0
random,1757,1146223892,15.0
random,1758,283303779,0.0
random,1759,810555141,42.0
random,1760,1426906636,3.0
random,1761,1531133379,15.0
random,1762,2145880180,0.0
random,1763,1523359820,0.0
random,1764,1391644372,32.0
random,1765,1465191355,0.0
random,1766,1622356464,24.0
random,1767,1809091880,0.0
random,1768,2146450829,0.0
random,1769,1239782220,0.0
random,1770,489018378,21.0
random,1771,1108194933,0.0
random,1772,1890190637,0.0
random,1773,1110051763,41.0
random,1774,2082314255,18.0
random,1775,1909071425,0.0
random,1776,1809459499,32.0
random,1777,787592061,6.0
random,1778,1867043631,12.0
random,1779,1808000540,0.0
random,1780,930047403,0.0
random,1781,1084242081,0.0
random,1782,1351223945,0.0
random,1783,183264000,0.0
random,1784,1478278,9.0
random,1785,964181475,0.0
random,1786,1292863390,0.0
random,1787,625339501,0.0
random,1788,1886979737,0.0
random,1789,1133624500,21.0
random,1790,42973656,8.0
random,1791,1832468960,0.0
random,1792,1070096029,3.0
random,1793,385377809,24.0
random,1794,1262996612,3.0
random,1795,1020537109,0.0
random,1796,105238144,3.0
random,1797,1250914059,0.0
random,1798,1487241412,0.0
random,1799,1653176529,0.0
random,1800,499982636,0.0
random,1801,2020732639,27.0
random,1802,1770614958,0.0
random,1803,1182421420,0.0
random,1804,898139301,9.0
random,1805,1979159624,27.0
random,1806,965921037,0.0
random,1807,722754867,0.0
random,1808,1064183009,6.0
random,1809,1641364209,32.0
random,1810,1282650460,33.0
random,1811,1640087932,0.0
random,1812,826458694,0.0
random,1813,1183862595,0.0
random,1814,748004638,6.0
random,1815,373208431,29.0
random,1816,935435385,6.0
random,1817,829367409,0.0
random,1818,1879503238,0.0
random,1819,624595872,0.0
random,1820,2029745684,12.0
random,1821,2076356023,0.0
random,1822,336383777,4.0
random,1823,1384316193,43.0
random,1824,1544773077,3.0
random,1825,1952143888,15.0
random,1826,2084320897,4.0
random,1827,635998261,0.0
random,1828,1224678905,0.0
random,1829,921141761,24.0
random,1830,1139858896,0.0
random,1831,1218422790,0.0
random,1832,1354781417,0.0
random,1833,761772972,0.0
random,1834,563508124,24.0
random,1835,980325484,24.0
random,1836,2020479561,0.0
random,1837,1287002104,30.0
random,1838,1656193009,17.0
random,1839,60743666,0.0
random,1840,213364511,15.0
random,1841,729738898,9.0
random,1842,11303643,0.0
random,1843,476096,0.0
random,1844,1260134286,0.0
random,1845,1036241652,0.0
random,1846,1002317376,9.0
random,1847,1305671485,0.0
random,1848,1765310221,12.0
random,1849,199695491,27.0
random,1850,1624731606,24.0
random,1851,519893769,30.0
random,1852,1503126639,0.0
random,1853,1726559287,0.0
random,1854,2117180603,0.0
random,1855,1804490908,0.0
random,1856,1423500238,4.0
random,1857,832650822,9.0
random,1858,647864366,0.0
random,1859,1748532146,9.0
random,1860,382720948,0.0
random,1861,595154161,36.0
random,1862,586481485,69.0
random,1863,1516355860,15.0
random,1864,2134355810,4.0
random,1865,1171359178,0.0
random,1866,1904085243,30.0
random,1867,945105574,6.0
random,1868,1885857750,3.0
random,1869,1409699052,0.0
random,1870,1704375413,45.0
random,1871,28756263,27.0
random,1872,1894158041,0.0
random,1873,348844636,12.0
random,1874,738077575,24.0
random,1875,630981084,0.0
random,1876,1805677905,0.0
random,1877,1461497074,27.0
random,1878,359520003,3.0
random,1879,1516628786,6.0
random,1880,594832865,0.0
random,1881,1461922737,0.0
random,1882,1162691881,0.0
random,1883,1648445183,0.0
random,1884,1932174742,18.0
random,1885,170835675,12.0
random,1886,1402495415,0.0
random,1887,227394698,24.0
random,1888,1978764464,24.0
random,1889,1836852628,12.0
random,1890,2031948288,0.0
random,1891,766303238,3.0
random,1892,1314240488,0.0
random,1893,1220568051,0.0
random,1894,148725657,6.0
random,1895,1081264041,0.0
random,1896,1121769473,15.0
random,1897,1345747623,0.0
random,1898,555792854,0.0
random,1899,165241803,0.0
random,1900,51941028,9.0
random,1901,1653111922,24.0
random,1902,1526871708,36.0
random,1903,265004481,0.0
random,1904,1947298016,0.0
random,1905,1463240513,0.0
random,1906,423252364,0.0
random,1907,863593581,15.0
random,1908,2066606522,0.0
random,1909,1057123813,24.0
random,1910,16126033,0.0
random,1911,1442451310,0.0
random,1912,2069748084,27.0
random,1913,796722339,18.0
random,1914,1814860073,0.0
random,1915,98864716,21.0
random,1916,149698234,36.0
random,1917,2070628539,0.0
random,1918,712279228,0.0
random,1919,1122440093,6.0
random,1920,554172360,0.0
random,1921,1593743480,18.0
random,1922,814066109,9.0
random,1923,1140946966,36.0
random,1924,1990859027,36.0
random,1925,1760264218,0.0
random,1926,2092211490,44.0
random,1927,1212504010,0.0
random,1928,68840092,18.0
random,1929,263618388,8.0
random,1930,610730600,21.0
random,1931,1378483850,0.0
random,1932,1977820539,19.0
random,1933,370957762,0.0
random,1934,239624827,21.0
random,1935,1768783785,4.0
random,1936,1271655361,24.0
random,1937,1462568649,0.0
random,1938,693521097,33.0
random,1939,2018223681,35.0
random,1940,1337123656,6.0
random,1941,1350940707,0.0
random,1942,1791651582,0.0
random,1943,483534069,0.0
random,1944,1488833955,0.0
random,1945,1196443768,0.0
random,1946,1078492864,8.0
random,1947,1657368343,0.0
random,1948,591246472,15.0
random,1949,1528768477,15.0
random,1950,1728521957,3.0
random,1951,735076578,34.0
random,1952,513914266,0.0
random,1953,1407355878,15.0
random,1954,534151621,0.0
random,1955,2008475014,0.0
random,1956,182225219,32.0
random,1957,1470618368,64.0
random,1958,964852120,64.0
random,1959,788773754,0.0
random,1960,1194835096,12.0
random,1961,1955838620,0.0
random,1962,313323905,0.0
random,1963,1777309419,36.0
random,1964,897196553,0.0
random,1965,1836493140,67.0
random,1966,1626390779,0.0
random,1967,229440108,0.0
random,1968,473692060,3.0
random,1969,624550164,24.0
random,1970,184492654,39.0
random,1971,1696786535,0.0
random,1972,1117493971,12.0
random,1973,590144603,0.0
random,1974,1593595636,0.0
random,1975,158282290,18.0
random,1976,81786378,18.0
random,1977,1467302588,18.0
random,1978,1616659728,36.0
random,1979,1716419160,9.0
random,1980,1263726814,27.0
random,1981,1378185872,27.0
random,1982,405703103,0.0
random,1983,740545425,0.0
random,1984,298496192,3.0
random,1985,1202104048,24.0
random,1986,1456747475,28.0
random,1987,46213743,18.0
random,1988,370645454,0.0
random,1989,1208306704,0.0
random,1990,1236183273,27.0
random,1991,1839966511,0.0
random,1992,1577500072,0.0
random,1993,167618045,18.0
random,1994,204856469,12.0
random,1995,823172135,53.0
random,1996,157286851,12.0
random,1997,354042137,35.0
random,1998,561750487,0.0
random,1999,816060743,6.0
greedy,0,1826701614,28.0
greedy,1,1367864806,43.0
greedy,2,1097657231,34.0
greedy,3,579362555,3.0
greedy,4,661058651,30.0
greedy,5,87989972,0.0
greedy,6,161576974,0.0
greedy,7,35492826,29.0
greedy,8,376383645,9.0
greedy,9,1746484539,0.0
greedy,10,1394609702,49.0
greedy,11,1960127675,96.0
greedy,12,1081530686,18.0
greedy,13,1302740407,60.0
greedy,14,2084654369,0.0
greedy,15,1566581934,28.0
greedy,16,1357791198,62.0
greedy,17,1167425778,39.0
greedy,18,1202413557,33.0
greedy,19,2008052738,44.0
greedy,20,595598245,25.0
greedy,21,1752032165,9.0
greedy,22,1440696407,54.0
greedy,23,5880883,15.0
greedy,24,846428919,51.0
greedy,25,1841261662,0.0
greedy,26,1190382222,15.0
greedy,27,72124473,88.0
greedy,28,1642588603,9.0
greedy,29,1566923138,15.0
greedy,30,1818006482,42.0
greedy,31,377217572,0.0
greedy,32,191741830,32.0
greedy,33,1853662620,12.0
greedy,34,47463574,0.0
greedy,35,1162779115,89.0
greedy,36,172656923,12.0
greedy,37,643626383,53.0
greedy,38,1033071480,9.0
greedy,39,907713895,48.0
greedy,40,865948037,39.0
greedy,41,60816030,35.0
greedy,42,11494707,30.0
greedy,43,266896303,36.0
greedy,44,17790419,63.0
greedy,45,1440154963,12.0
greedy,46,1128755548,40.0
greedy,47,1389828892,27.0
greedy,48,552547096,41.0
greedy,49,1321529463,39.0
greedy,50,1640795441,24.0
greedy,51,823941273,9.0
greedy,52,989821580,30.0
greedy,53,2141492029,9.0
greedy,54,1728701086,39.0
greedy,55,2106327850,21.0
greedy,56,815020182,4.0
greedy,57,1472190200,30.0
greedy,58,2040324894,28.0
greedy,59,1396850658,3.0
greedy,60,1804554973,54.0
greedy,61,1478428095,45.0
greedy,62,1511830742,24.0
greedy,63,835202397,51.0
greedy,64,1879383516,44.0
greedy,65,290117534,40.0
greedy,66,1243185673,46.0
greedy,67,1549384411,9.0
greedy,68,1815655708,48.0
greedy,69,1128189815,0.0
greedy,70,806201099,0.0
greedy,71,666239354,39.0
greedy,72,908297867,15.0
greedy,73,1043323488,24.0
greedy,74,1543657888,18.0
greedy,75,1910160578,45.0
greedy,76,156652360,27.0
greedy,77,2005843176,39.0
greedy,78,1141051469,27.0
greedy,79,768359333,9.0
greedy,80,1444696807,11.0
greedy,81,1227350964,12.0
greedy,82,546762614,54.0
greedy,83,691209253,0.0
greedy,84,1545136976,18.0
greedy,85,1276249595,54.0
greedy,86,1083230752,0.0
greedy,87,725658830,36.0
greedy,88,1633503581,47.0
greedy,89,840995399,0.0
greedy,90,704750836,50.0
greedy,91,1911849612,0.0
greedy,92,566779217,42.0
greedy,93,487817217,21.0
greedy,94,1533673821,18.0
greedy,95,1338284201,13.0
greedy,96,104252791,76.0
greedy,97,180421576,61.0
greedy,98,809899613,21.0
greedy,99,1788089690,34.0
greedy,100,860813095,60.0
greedy,101,1690280743,20.0
greedy,102,679605935,21.0
greedy,103,514041964,33.0
greedy,104,1700138881,18.0
greedy,105,1882235552,23.0
greedy,106,170294837,15.0
greedy,107,125773896,27.0
greedy,108,1441526998,0.0
greedy,109,721805890,51.0
greedy,110,1231901275,12.0
greedy,111,322722697,9.0
greedy,112,1846923786,33.0
greedy,113,967096425,50.0
greedy,114,1921983830,49.0
greedy,115,1710093347,6.0
greedy,116,1514711733,48.0
greedy,117,495300371,12.0
greedy,118,1647140547,33.0
greedy,119,111714892,53.0
greedy,120,1224268756,47.0
greedy,121,868768460,15.0
greedy,122,2140277469,21.0
greedy,123,426303516,0.0
greedy,124,2032646511,21.0
greedy,125,194890680,3.0
greedy,126,1338252684,36.0
greedy,127,1246254308,9.0
greedy,128,1930469648,24.0
greedy,129,641445060,0.0
greedy,130,1937191049,0.0
greedy,131,1443098010,21.0
greedy,132,1912112502,83.0
greedy,133,428456152,60.0
greedy,134,1628312689,0.0
greedy,135,2023172498,36.0
greedy,136,104360713,60.0
greedy,137,784068115,0.0
greedy,138,1366900981,47.0
greedy,139,226549387,0.0
greedy,140,1095352898,19.0
greedy,141,1350999467,18.0
greedy,142,1640650566,0.0
greedy,143,1991049240,12.0
greedy,144,880091737,24.0
greedy,145,945702738,27.0
greedy,146,1018360727,21.0
greedy,147,2049967474,51.0
greedy,148,420376857,0.0
greedy,149,1073518085,64.0
greedy,150,107014967,3.0
greedy,151,913171518,0.0
greedy,152,2030045015,33.0
greedy,153,1331898245,79.0
greedy,154,750782387,19.0
greedy,155,2136953472,0.0
greedy,156,1296558496,0.0
greedy,157,2037841023,15.0
greedy,158,35072563,45.0
greedy,159,987939413,0.0
greedy,160,1793051917,30.0
greedy,161,1627210303,36.0
greedy,162,875079008,69.0
greedy,163,1068207104,0.0
greedy,164,902462478,53.0
greedy,165,1136689207,0.0
greedy,166,494452712,33.0
greedy,167,1687461942,30.0
greedy,168,166879142,3.0
greedy,169,890466655,36.0
greedy,170,605291690,37.0
greedy,171,1577291459,24.0
greedy,172,1609096917,57.0
greedy,173,1527167700,21.0
greedy,174,1985281331,33.0
greedy,175,2001582934,0.0
greedy,176,396530695,18.0
greedy,177,246815950,33.0
greedy,178,284241473,33.0
greedy,179,1565548042,30.0
greedy,180,2083753425,32.0
greedy,181,1991627720,42.0
greedy,182,1435036778,27.0
greedy,183,2078605664,15.0
greedy,184,1871024368,34.0
greedy,185,31581548,12.0
greedy,186,256059213,51.0
greedy,187,1854652970,41.0
greedy,188,176863876,33.0
greedy,189,2107100303,32.0
greedy,190,1776774048,63.0
greedy,191,2055593207,30.0
greedy,192,773786671,15.0
greedy,193,319468283,30.0
greedy,194,1109958447,21.0
greedy,195,2088704472,18.0
greedy,196,788603697,15.0
greedy,197,1911122052,24.0
greedy,198,824272794,21.0
greedy,199,1766034346,0.0
greedy,200,493018052,12.0
greedy,201,1030766217,18.0
greedy,202,701897158,27.0
greedy,203,499017044,75.0
greedy,204,1917029159,0.0
greedy,205,1722025429,55.0
greedy,206,299909236,0.0
greedy,207,1983265915,27.0
greedy,208,2085146283,0.0
greedy,209,571510407,42.0
greedy,210,915743486,30.0
greedy,211,1157352826,24.0
greedy,212,1411099204,39.0
greedy,213,950804459,6.0
greedy,214,319457530,60.0
greedy,215,1999344461,36.0
greedy,216,1486119655,6.0
greedy,217,86996089,18.0
greedy,218,1748708618,3.0
greedy,219,1571971334,55.0
greedy,220,393575409,27.0
greedy,221,1319356500,35.0
greedy,222,1077333835,30.0
greedy,223,60914157,0.0
greedy,224,1991575180,0.0
greedy,225,1544512700,3.0
greedy,226,666191121,15.0
greedy,227,34341977,0.0
greedy,228,196017830,57.0
greedy,229,1627687382,18.0
greedy,230,320704861,18.0
greedy,231,1101140972,69.0
greedy,232,1929953604,40.0
greedy,233,1995236120,9.0
greedy,234,575371960,23.0
greedy,235,141911080,39.0
greedy,236,1062733147,28.0
greedy,237,1806715099,44.0
greedy,238,1341434674,36.0
greedy,239,143215702,27.0
greedy,240,1396231712,42.0
greedy,241,739400048,0.0
greedy,242,485792374,39.0
greedy,243,924059490,36.0
greedy,244,1875379230,21.0
greedy,245,2074602520,37.0
greedy,246,302913355,15.0
greedy,247,1207383686,33.0
greedy,248,1635307037,36.0
greedy,249,555907480,68.0
greedy,250,585528511,15.0
greedy,251,518994643,60.0
greedy,252,450152621,3.0
greedy,253,1907219570,0.0
greedy,254,469485974,0.0
greedy,255,485050903,27.0
greedy,256,269386935,30.0
greedy,257,267479193,30.0
greedy,258,1671748609,21.0
greedy,259,619185585,48.0
greedy,260,1722230529,34.0
greedy,261,1258689696,81.0
greedy,262,1843405230,57.0
greedy,263,1189900291,27.0
greedy,264,1641032421,60.0
greedy,265,1738840649,0.0
greedy,266,131069158,42.0
greedy,267,1203612941,0.0
greedy,268,976358674,27.0
greedy,269,619379841,6.0
greedy,270,971614501,12.0
greedy,271,886688143,45.0
greedy,272,1056188272,3.0
greedy,273,1756901406,54.0
greedy,274,1772735651,12.0
greedy,275,1345412382,15.0
greedy,276,1525331520,58.0
greedy,277,2059603553,24.0
greedy,278,1367752506,72.0
greedy,279,793289931,0.0
greedy,280,176283768,90.0
greedy,281,1186724181,26.0
greedy,282,497074429,24.0
greedy,283,1275442510,33.0
greedy,284,55205953,36.0
greedy,285,1821691497,58.0
greedy,286,2028429921,37.0
greedy,287,312402043,0.0
greedy,288,1759114057,15.0
greedy,289,872974300,0.0
greedy,290,89514544,45.0
greedy,291,1954121989,18.0
greedy,292,2020595744,67.0
greedy,293,92485438,9.0
greedy,294,1274239748,42.0
greedy,295,1766748282,47.0
greedy,296,1696194208,42.0
greedy,297,892030427,42.0
greedy,298,1846657787,6.0
greedy,299,1781990488,21.0
greedy,300,243444659,64.0
greedy,301,21377256,0.0
greedy,302,219536274,56.0
greedy,303,783930654,15.0
greedy,304,235553100,0.0
greedy,305,168856718,21.0
greedy,306,555678126,12.0
greedy,307,1401479130,0.0
greedy,308,1125662722,0.0
greedy,309,588086460,0.0
greedy,310,2041104818,78.0
greedy,311,1508933830,24.0
greedy,312,1362392980,21.0
greedy,313,2026798130,46.0
greedy,314,1686949517,27.0
greedy,315,272337652,3.0
greedy,316,79354821,36.0
greedy,317,1857097247,72.0
greedy,318,875830023,59.0
greedy,319,127698292,15.0
greedy,320,1023419372,38.0
greedy,321,817698439,0.0
greedy,322,925758967,27.0
greedy,323,922932768,12.0
greedy,324,674631158,0.0
greedy,325,1049796407,33.0
greedy,326,1055562759,3.0
greedy,327,2096936868,99.0
greedy,328,1487642552,45.0
greedy,329,1665784141,18.0
greedy,330,17257121,36.0
greedy,331,663266135,46.0
greedy,332,2112488123,0.0
greedy,333,579470083,3.0
greedy,334,1095136094,44.0
greedy,335,1853536523,27.0
greedy,336,1371385240,0.0
greedy,337,1892592741,0.0
greedy,338,353044762,3.0
greedy,339,1096733868,0.0
greedy,340,1364944092,18.0
greedy,341,739369451,0.0
greedy,342,1233058892,21.0
greedy,343,2136568735,0.0
greedy,344,1581761357,15.0
greedy,345,678483596,41.0
greedy,346,137321580,43.0
greedy,347,392371845,27.0
greedy,348,584160036,82.0
greedy,349,1889996323,25.0
greedy,350,581917524,12.0
greedy,351,1744476983,0.0
greedy,352,588053790,15.0
greedy,353,1434281576,0.0
greedy,354,1131487508,47.0
greedy,355,2058177601,24.0
greedy,356,1216325249,72.0
greedy,357,1987956916,6.0
greedy,358,2065840828,0.0
greedy,359,1606851424,69.0
greedy,360,1349431587,45.0
greedy,361,1848342201,65.0
greedy,362,2139873756,0.0
greedy,363,530743582,97.0
greedy,364,1208033236,12.0
greedy,365,303324670,18.0
greedy,366,225336197,15.0
greedy,367,1438946863,16.0
greedy,368,102092473,36.0
greedy,369,1534631621,42.0
greedy,370,1762818387,28.0
greedy,371,358743432,63.0
greedy,372,1461111207,48.0
greedy,373,849452775,45.0
greedy,374,1918513088,21.0
greedy,375,1954759372,0.0
greedy,376,1240184092,52.0
greedy,377,1205598967,3.0
greedy,378,1525958284,21.0
greedy,379,1241966919,28.0
greedy,380,1601735538,41.0
greedy,381,416890512,6.0
greedy,382,1679665482,74.0
greedy,383,1129624176,12.0
greedy,384,1614599411,6.0
greedy,385,1124067516,0.0
greedy,386,658332664,24.0
greedy,387,190987832,12.0
greedy,388,1128218302,24.0
greedy,389,2108705875,3.0
greedy,390,76953176,45.0
greedy,391,1227062707,0.0
greedy,392,960169880,45.0
greedy,393,13762970,18.0
greedy,394,1167302081,63.0
greedy,395,1659251524,24.0
greedy,396,1592403293,9.0
greedy,397,2100809622,27.0
greedy,398,1136182736,0.0
greedy,399,1266736239,48.0
greedy,400,2074068892,46.0
greedy,401,686511085,33.0
greedy,402,1714768789,54.0
greedy,403,402669752,9.0
greedy,404,777213504,15.0
greedy,405,1444239948,21.0
greedy,406,1244721829,33.0
greedy,407,418989947,51.0
greedy,408,1415983256,30.0
greedy,409,1240575301,12.0
greedy,410,1976691419,36.0
greedy,411,1293298782,29.0
greedy,412,1899189787,44.0
greedy,413,2066787853,46.0
greedy,414,188070709,54.0
greedy,415,155188475,0.0
greedy,416,1079200426,69.0
greedy,417,1073683462,53.0
greedy,418,1191879034,87.0
greedy,419,1597937168,33.0
greedy,420,677186466,6.0
greedy,421,380591526,42.0
greedy,422,1460534081,15.0
greedy,423,833366960,30.0
greedy,424,1996560372,45.0
greedy,425,135067053,55.0
greedy,426,1522979205,24.0
greedy,427,1558817284,111.0
greedy,428,582027100,53.0
greedy,429,188480101,76.0
greedy,430,683416592,60.0
greedy,431,848452982,18.0
greedy,432,2103281005,43.0
greedy,433,1875875565,24.0
greedy,434,496254106,24.0
greedy,435,1014257249,33.0
greedy,436,1288245593,39.0
greedy,437,1959840678,0.0
greedy,438,289993663,6.0
greedy,439,1644794485,30.0
greedy,440,1986944590,21.0
greedy,441,1965643235,59.0
greedy,442,594949505,60.0
greedy,443,273595878,0.0
greedy,444,1275194774,6.0
greedy,445,157975135,9.0
greedy,446,279162560,27.0
greedy,447,151024479,45.0
greedy,448,452892285,121.0
greedy,449,1865850388,30.0
greedy,450,1444535965,27.0
greedy,451,1361654911,75.0
greedy,452,2116130273,30.0
greedy,453,1066379591,45.0
greedy,454,85898467,0.0
greedy,455,351206811,6.0
greedy,456,558975054,45.0
greedy,457,1446831539,24.0
greedy,458,766760084,6.0
greedy,459,682937139,32.0
greedy,460,240915549,0.0
greedy,461,1526602881,60.0
greedy,462,52580666,36.0
greedy,463,988605540,15.0
greedy,464,1598640627,6.0
greedy,465,1089783226,45.0
greedy,466,1475383483,39.0
greedy,467,1695794246,15.0
greedy,468,482945970,6.0
greedy,469,199169391,55.0
greedy,470,121012640,6.0
greedy,471,1242874421,62.0
greedy,472,567020276,28.0
greedy,473,423558823,65.0
greedy,474,1578280308,36.0
greedy,475,1735460458,37.0
greedy,476,2049571150,55.0
greedy,477,1049788868,42.0
greedy,478,1122282163,15.0
greedy,479,2123207060,18.0
greedy,480,1081734387,21.0
greedy,481,392867797,3.0
greedy,482,549260787,12.0
greedy,483,2068067855,3.0
greedy,484,92794862,45.0
greedy,485,1719956238,0.0
greedy,486,1390493182,27.0
greedy,487,1033499046,12.0
greedy,488,1789927145,33.0
greedy,489,1747051098,15.0
greedy,490,944888642,30.0
greedy,491,1294608165,10.0
greedy,492,1640037303,21.0
greedy,493,1406861771,42.0
greedy,494,1042672248,26.0
greedy,495,1962135971,0.0
greedy,496,1895794837,24.0
greedy,497,140167151,51.0
greedy,498,1174906484,30.0
greedy,499,1793123513,32.0
greedy,500,181316223,0.0
greedy,501,819940996,118.0
greedy,502,1092418183,0.0
greedy,503,699103886,0.0
greedy,504,1493268086,18.0
greedy,505,2134656235,54.0
greedy,506,781393582,18.0
greedy,507,1677593828,6.0
greedy,508,251580340,69.0
greedy,509,1042678770,15.0
greedy,510,11507716,24.0
greedy,511,907587570,0.0
greedy,512,30122969,4.0
greedy,513,1884478975,4.0
greedy,514,2081748799,72.0
greedy,515,186433517,60.0
greedy,516,1756702899,55.0
greedy,517,1521317695,16.0
greedy,518,645939060,0.0
greedy,519,1694696649,33.0
greedy,520,2066547046,42.0
greedy,521,1716261155,20.0
greedy,522,1487200419,39.0
greedy,523,692105470,15.0
greedy,524,1302388738,9.0
greedy,525,1710769617,45.0
greedy,526,1534632091,9.0
greedy,527,483889143,15.0
greedy,528,884788597,27.0
greedy,529,778050398,4.0
greedy,530,1491964129,0.0
greedy,531,896462994,43.0
greedy,532,900767155,35.0
greedy,533,1162669085,18.0
greedy,534,1244199845,0.0
greedy,535,241836004,0.0
greedy,536,1986310577,45.0
greedy,537,873913746,18.0
greedy,538,376807921,0.0
greedy,539,645726,48.0
greedy,540,933735438,0.0
greedy,541,1598545436,27.0
greedy,542,636300172,27.0
greedy,543,1829389590,42.0
greedy,544,428669385,21.0
greedy,545,298353508,30.0
greedy,546,839878378,45.0
greedy,547,1511368430,21.0
greedy,548,643323833,53.0
greedy,549,1763305454,12.0
greedy,550,44846461,0.0
greedy,551,2108460267,33.0
greedy,552,101210932,45.0
greedy,553,1812026434,9.0
greedy,554,7592669,44.0
greedy,555,910761742,0.0
greedy,556,664542660,39.0
greedy,557,2103865480,29.0
greedy,558,1406364328,67.0
greedy,559,2091615581,48.0
greedy,560,890259339,33.0
greedy,561,1081638075,51.0
greedy,562,1078627882,39.0
greedy,563,1618014120,46.0
greedy,564,1093393903,38.0
greedy,565,1962451447,12.0
greedy,566,412216003,0.0
greedy,567,1022518050,18.0
greedy,568,529894209,57.0
greedy,569,1854966827,15.0
greedy,570,294976779,21.0
greedy,571,1506607022,27.0
greedy,572,1958199453,0.0
greedy,573,631197532,0.0
greedy,574,599538113,11.0
greedy,575,1648520696,78.0
greedy,576,1269833621,24.0
greedy,577,1225536244,29.0
greedy,578,1898703231,0.0
greedy,579,201530931,76.0
greedy,580,586415634,0.0
greedy,581,840483065,75.0
greedy,582,1970261970,49.0
greedy,583,158357619,4.0
greedy,584,972018089,0.0
greedy,585,1022560766,31.0
greedy,586,31166652,3.0
greedy,587,920281800,24.0
greedy,588,1393151830,76.0
greedy,589,909969229,25.0
greedy,590,656389835,6.0
greedy,591,1259070421,3.0
greedy,592,2106435001,0.0
greedy,593,263476185,52.0
greedy,594,614627890,0.0
greedy,595,2005253464,33.0
greedy,596,636542532,45.0
greedy,597,1468987150,30.0
greedy,598,754646726,12.0
greedy,599,1769056995,50.0
greedy,600,1257027453,33.0
greedy,601,1925865980,15.0
greedy,602,1369052290,0.0
greedy,603,1252670261,18.0
greedy,604,1049182741,30.0
greedy,605,86367971,24.0
greedy,606,259146963,48.0
greedy,607,1527906319,59.0
greedy,608,1373500221,45.0
greedy,609,1221973716,15.0
greedy,610,250978653,33.0
greedy,611,1773729627,30.0
greedy,612,1709792113,0.0
greedy,613,1142805913,30.0
greedy,614,546129952,48.0
greedy,615,1746428395,18.0
greedy,616,1120401407,43.0
greedy,617,2141063300,0.0
greedy,618,602431219,36.0
greedy,619,752810724,28.0
greedy,620,1725762600,54.0
greedy,621,367265745,36.0
greedy,622,691213915,24.0
greedy,623,841115226,0.0
greedy,624,1559527835,42.0
greedy,625,1617162538,15.0
greedy,626,1693159808,12.0
greedy,627,943236948,33.0
greedy,628,1321516690,42.0
greedy,629,1263536662,0.0
greedy,630,1658097530,12.0
greedy,631,273500235,0.0
greedy,632,683208708,32.0
greedy,633,1559338365,0.0
greedy,634,433243807,30.0
greedy,635,601472377,0.0
greedy,636,2101448338,39.0
greedy,637,409348093,0.0
greedy,638,2143332914,51.0
greedy,639,1853171009,51.0
greedy,640,335114981,27.0
greedy,641,1212067303,21.0
greedy,642,695215397,24.0
greedy,643,1040453555,9.0
greedy,644,1309583380,0.0
greedy,645,1930209337,55.0
greedy,646,1999946148,21.0
greedy,647,184710299,52.0
greedy,648,384379268,42.0
greedy,649,1494980297,39.0
greedy,650,442733243,30.0
greedy,651,704336603,33.0
greedy,652,1257265993,0.0
greedy,653,376689569,30.0
greedy,654,2135488785,0.0
greedy,655,1449119065,37.0
greedy,656,487971975,42.0
greedy,657,779154206,33.0
greedy,658,1391888844,42.0
greedy,659,708445905,28.0
greedy,660,1335149572,69.0
greedy,661,2026532568,42.0
greedy,662,784818245,45.0
greedy,663,427989927,104.0
greedy,664,613679012,15.0
greedy,665,1099884554,12.0
greedy,666,1193421926,57.0
greedy,667,51567955,55.0
greedy,668,1381206184,6.0
greedy,669,350830303,48.0
greedy,670,1352665113,51.0
greedy,671,1897127283,0.0
greedy,672,415380885,9.0
greedy,673,1694896203,21.0
greedy,674,73060872,15.0
greedy,675,1195795108,6.0
greedy,676,1432436442,39.0
greedy,677,477715029,24.0
greedy,678,1678406708,3.0
greedy,679,1197753812,35.0
greedy,680,897596910,65.0
greedy,681,26084465,0.0
greedy,682,289187332,62.0
greedy,683,1531142162,0.0
greedy,684,873929859,31.0
greedy,685,1539210365,0.0
greedy,686,2063825496,3.0
greedy,687,1387371122,9.0
greedy,688,1592700838,0.0
greedy,689,1312839826,25.0
greedy,690,644623455,36.0
greedy,691,158304833,9.0
greedy,692,1316683214,0.0
greedy,693,529152788,71.0
greedy,694,259701710,6.0
greedy,695,1233467465,0.0
greedy,696,1310220351,18.0
greedy,697,846509633,63.0
greedy,698,1352139329,44.0
greedy,699,2130353660,18.0
greedy,700,1628300042,18.0
greedy,701,1983728048,0.0
greedy,702,145712547,21.0
greedy,703,326434484,24.0
greedy,704,769900509,56.0
greedy,705,1266930724,43.0
greedy,706,1493609600,15.0
greedy,707,1495110554,15.0
greedy,708,1946661503,12.0
greedy,709,293224748,0.0
greedy,710,368267277,27.0
greedy,711,671294040,9.0
greedy,712,360202605,0.0
greedy,713,1537421868,48.0
greedy,714,884754811,28.0
greedy,715,1935114894,12.0
greedy,716,609282018,90.0
greedy,717,733886752,47.0
greedy,718,641890153,0.0
greedy,719,513127713,0.0
greedy,720,1805205897,18.0
greedy,721,1764784886,51.0
greedy,722,635042477,0.0
greedy,723,1256240739,0.0
greedy,724,1886651986,37.0
greedy,725,1023465841,57.0
greedy,726,1938097305,24.0
greedy,727,550077981,21.0
greedy,728,485126279,33.0
greedy,729,156032615,0.0
greedy,730,1356092478,83.0
greedy,731,38421533,62.0
greedy,732,382256943,3.0
greedy,733,1245476478,0.0
greedy,734,946263127,15.0
greedy,735,410406186,0.0
greedy,736,1100944843,6.0
greedy,737,2094941118,30.0
greedy,738,2111460460,0.0
greedy,739,230805589,57.0
greedy,740,1617478719,39.0
greedy,741,970853279,19.0
greedy,742,1000233456,0.0
greedy,743,847525460,24.0
greedy,744,1797160854,36.0
greedy,745,498885093,69.0
greedy,746,1255570839,54.0
greedy,747,1607940674,39.0
greedy,748,889904399,4.0
greedy,749,1382345449,6.0
greedy,750,254368654,18.0
greedy,751,1558552760,70.0
greedy,752,652360611,63.0
greedy,753,177830062,21.0
greedy,754,634352408,33.0
greedy,755,757510716,0.0
greedy,756,1384402027,18.0
greedy,757,1116333025,39.0
greedy,758,1789070742,9.0
greedy,759,916376677,24.0
greedy,760,1904168042,51.0
greedy,761,87225549,27.0
greedy,762,697978994,0.0
greedy,763,416670786,24.0
greedy,764,820925147,0.0
greedy,765,2029424978,0.0
greedy,766,290390494,6.0
greedy,767,349115825,8.0
greedy,768,876472099,21.0
greedy,769,1829768450,36.0
greedy,770,17438250,62.0
greedy,771,1765526104,9.0
greedy,772,1673839949,24.0
greedy,773,840296944,30.0
greedy,774,92081475,36.0
greedy,775,1002409975,12.0
greedy,776,1506000340,9.0
greedy,777,1769530406,60.0
greedy,778,340314366,0.0
greedy,779,1461762752,23.0
greedy,780,1191646889,12.0
greedy,781,1797322987,0.0
greedy,782,1525204830,18.0
greedy,783,1626926278,57.0
greedy,784,1835955388,5.0
greedy,785,1484494197,21.0
greedy,786,846921924,0.0
greedy,787,1960596962,45.0
greedy,788,1195672265,15.0
greedy,789,1766964862,0.0
greedy,790,220808120,27.0
greedy,791,384534193,0.0
greedy,792,1175220634,51.0
greedy,793,1606799394,0.0
greedy,794,2042193668,6.0
greedy,795,186146723,0.0
greedy,796,1847567195,39.0
greedy,797,914519311,24.0
greedy,798,2040634360,3.0
greedy,799,852018189,16.0
greedy,800,1974313088,18.0
greedy,801,434152675,9.0
greedy,802,736375715,15.0
greedy,803,2014135883,83.0
greedy,804,2114677001,42.0
greedy,805,203531366,28.0
greedy,806,312383339,0.0
greedy,807,10521413,18.0
greedy,808,2007520119,24.0
greedy,809,693467144,55.0
greedy,810,1139849125,51.0
greedy,811,2127608080,0.0
greedy,812,1801460860,15.0
greedy,813,568428459,28.0
greedy,814,801859849,24.0
greedy,815,1783902350,0.0
greedy,816,1061961621,18.0
greedy,817,371758704,0.0
greedy,818,2021463056,21.0
greedy,819,1259237927,0.0
greedy,820,1667716325,36.0
greedy,821,2058168374,15.0
greedy,822,1312796538,32.0
greedy,823,1538700453,60.0
greedy,824,1844212931,71.0
greedy,825,2105624842,0.0
greedy,826,1152712767,4.0
greedy,827,1233851007,39.0
greedy,828,1436026797,51.0
greedy,829,2111695201,12.0
greedy,830,969140808,18.0
greedy,831,1797544812,21.0
greedy,832,596561611,3.0
greedy,833,1671275338,24.0
greedy,834,239728442,0.0
greedy,835,1908017502,63.0
greedy,836,730280731,6.0
greedy,837,1356117706,0.0
greedy,838,303332141,21.0
greedy,839,765287035,42.0
greedy,840,205869495,51.0
greedy,841,1134477900,12.0
greedy,842,2119161086,0.0
greedy,843,486405895,36.0
greedy,844,577453054,9.0
greedy,845,1669763290,91.0
greedy,846,404875524,45.0
greedy,847,365240800,0.0
greedy,848,463177354,15.0
greedy,849,1239523156,21.0
greedy,850,1081694326,20.0
greedy,851,1150834187,32.0
greedy,852,58832247,0.0
greedy,853,1442900282,12.0
greedy,854,673292751,60.0
greedy,855,1633132534,51.0
greedy,856,1789505226,39.0
greedy,857,235853588,48.0
greedy,858,633033279,0.0
greedy,859,1342050495,24.0
greedy,860,375429809,18.0
greedy,861,888963488,6.0
greedy,862,751854142,76.0
greedy,863,1318987538,23.0
greedy,864,1597079899,22.0
greedy,865,1490320457,39.0
greedy,866,681822850,36.0
greedy,867,1257307835,0.0
greedy,868,1722119280,3.0
greedy,869,1573860864,0.0
greedy,870,1692113894,45.0
greedy,871,1116745735,12.0
greedy,872,1248530885,36.0
greedy,873,994001050,45.0
greedy,874,1315297668,18.0
greedy,875,615831448,0.0
greedy,876,987067693,85.0
greedy,877,492099463,0.0
greedy,878,1082938568,88.0
greedy,879,1493149902,33.0
greedy,880,1686683774,18.0
greedy,881,1494028752,47.0
greedy,882,374472387,0.0
greedy,883,419795499,57.0
greedy,884,802845225,21.0
greedy,885,2087004959,62.0
greedy,886,59780923,77.0
greedy,887,1441285325,0.0
greedy,888,631597703,0.0
greedy,889,1140777937,12.0
greedy,890,186700091,23.0
greedy,891,1806410311,28.0
greedy,892,1874322889,30.0
greedy,893,1044794674,27.0
greedy,894,1674763081,15.0
greedy,895,1022083825,60.0
greedy,896,1561308310,12.0
greedy,897,554640050,12.0
greedy,898,683416295,25.0
greedy,899,335298392,27.0
greedy,900,975234078,4.0
greedy,901,1528193555,36.0
greedy,902,1678435637,55.0
greedy,903,1812714500,68.0
greedy,904,409965907,37.0
greedy,905,1455561791,32.0
greedy,906,580302179,54.0
greedy,907,792038175,42.0
greedy,908,795767121,15.0
greedy,909,1236353775,63.0
greedy,910,1263252595,24.0
greedy,911,1209919073,12.0
greedy,912,139368607,69.0
greedy,913,2011260348,60.0
greedy,914,1830209564,0.0
greedy,915,832524030,48.0
greedy,916,1227570255,36.0
greedy,917,353868050,97.0
greedy,918,1363133090,21.0
greedy,919,1883199047,35.0
greedy,920,1993590360,11.0
greedy,921,1921414815,44.0
greedy,922,118372896,24.0
greedy,923,103649575,24.0
greedy,924,1582421304,3.0
greedy,925,425682864,0.0
greedy,926,406030753,18.0
greedy,927,1366408740,9.0
greedy,928,128117409,12.0
greedy,929,1694032071,60.0
greedy,930,384236439,27.0
greedy,931,1302862236,18.0
greedy,932,1353983433,4.0
greedy,933,411434665,78.0
greedy,934,861286954,83.0
greedy,935,252633358,24.0
greedy,936,2106550991,15.0
greedy,937,1086567956,3.0
greedy,938,318074429,43.0
greedy,939,1751295262,12.0
greedy,940,1588477391,6.0
greedy,941,466148221,65.0
greedy,942,727895293,3.0
greedy,943,161346233,26.0
greedy,944,1195507444,0.0
greedy,945,1183360116,0.0
greedy,946,113615205,4.0
greedy,947,411924188,35.0
greedy,948,976210525,18.0
greedy,949,144791336,12.0
greedy,950,1593074256,36.0
greedy,951,1660573078,15.0
greedy,952,1524180917,3.0
greedy,953,1763570706,39.0
greedy,954,1720259465,49.0
greedy,955,855419081,12.0
greedy,956,965291152,0.0
greedy,957,631524174,41.0
greedy,958,365427907,0.0
greedy,959,595112578,45.0
greedy,960,1553182713,121.0
greedy,961,775180233,0.0
greedy,962,2140580276,0.0
greedy,963,1238899728,21.0
greedy,964,1428626064,30.0
greedy,965,1133484985,3.0
greedy,966,1711780689,34.0
greedy,967,763106555,12.0
greedy,968,1314870853,24.0
greedy,969,1368851128,63.0
greedy,970,1859547262,36.0
greedy,971,1451199530,0.0
greedy,972,1284319632,6.0
greedy,973,1198894910,0.0
greedy,974,117890804,34.0
greedy,975,831709496,36.0
greedy,976,670017791,33.0
greedy,977,1339821021,6.0
greedy,978,678567611,9.0
greedy,979,1271101547,0.0
greedy,980,1070586812,15.0
greedy,981,730839918,55.0
greedy,982,1088807710,15.0
greedy,983,651119216,50.0
greedy,984,464923196,84.0
greedy,985,1171986792,59.0
greedy,986,2123252827,16.0
greedy,987,1314993870,86.0
greedy,988,1325045124,31.0
greedy,989,1311679658,47.0
greedy,990,1894174780,18.0
greedy,991,822138363,54.0
greedy,992,910435505,30.0
greedy,993,1214990213,17.0
greedy,994,1199307439,64.0
greedy,995,2116924171,61.0
greedy,996,386336714,32.0
greedy,997,919175655,39.0
greedy,998,452654723,27.0
greedy,999,1810360313,32.0
greedy,1000,1188373858,35.0
greedy,1001,174641296,33.0
greedy,1002,397629223,21.0
greedy,1003,1879538362,83.0
greedy,1004,950801595,21.0
greedy,1005,2022298569,0.0
greedy,1006,197324348,47.0
greedy,1007,562348691,42.0
greedy,1008,1175467881,26.0
greedy,1009,25987591,42.0
greedy,1010,839699341,0.0
greedy,1011,1037252669,0.0
greedy,1012,510691698,3.0
greedy,1013,392371585,30.0
greedy,1014,1990041840,43.0
greedy,1015,2086562229,36.0
greedy,1016,1074274468,59.0
greedy,1017,1927792709,24.0
greedy,1018,1043865367,86.0
greedy,1019,2063012132,36.0
greedy,1020,92871109,12.0
greedy,1021,1296800214,9.0
greedy,1022,90643067,25.0
greedy,1023,1106298463,24.0
greedy,1024,1897399387,3.0
greedy,1025,1788247963,24.0
greedy,1026,459071586,12.0
greedy,1027,1400908735,21.0
greedy,1028,358780876,68.0
greedy,1029,533773545,0.0
greedy,1030,916810175,24.0
greedy,1031,2006363988,24.0
greedy,1032,1441274222,3.0
greedy,1033,944247378,44.0
greedy,1034,441413443,0.0
greedy,1035,1661199350,51.0
greedy,1036,1268315566,18.0
greedy,1037,1075756070,27.0
greedy,1038,1404343317,0.0
greedy,1039,393754533,36.0
greedy,1040,1962426203,0.0
greedy,1041,635498064,24.0
greedy,1042,1027177638,27.0
greedy,1043,1233537732,0.0
greedy,1044,375640543,85.0
greedy,1045,307094637,3.0
greedy,1046,1019727150,24.0
greedy,1047,29501826,30.0
greedy,1048,1297841315,11.0
greedy,1049,931774308,4.0
greedy,1050,513334963,87.0
greedy,1051,1636805962,0.0
greedy,1052,700559671,0.0
greedy,1053,1318892701,30.0
greedy,1054,450124998,27.0
greedy,1055,696099041,0.0
greedy,1056,1345323893,30.0
greedy,1057,1540263187,15.0
greedy,1058,1375129957,48.0
greedy,1059,1040487251,27.0
greedy,1060,540535454,0.0
greedy,1061,2146412809,31.0
greedy,1062,1956725083,36.0
greedy,1063,1666515282,40.0
greedy,1064,626098422,27.0
greedy,1065,1783767436,60.0
greedy,1066,1242589652,27.0
greedy,1067,557377031,24.0
greedy,1068,1677595201,12.0
greedy,1069,327050941,0.0
greedy,1070,1244513964,27.0
greedy,1071,428001885,45.0
greedy,1072,158524869,27.0
greedy,1073,928281942,81.0
greedy,1074,959837937,48.0
greedy,1075,1099831858,61.0
greedy,1076,12539184,0.0
greedy,1077,417920391,12.0
greedy,1078,176454373,0.0
greedy,1079,1674918641,86.0
greedy,1080,106358874,24.0
greedy,1081,1864941702,0.0
greedy,1082,457800709,21.0
greedy,1083,678615539,9.0
greedy,1084,723218627,9.0
greedy,1085,1091059553,45.0
greedy,1086,784473433,34.0
greedy,1087,1276409738,24.0
greedy,1088,812556558,39.0
greedy,1089,1551295315,9.0
greedy,1090,2125053280,0.0
greedy,1091,316694683,21.0
greedy,1092,256334513,21.0
greedy,1093,603166011,12.0
greedy,1094,435835237,27.0
greedy,1095,1569179176,20.0
greedy,1096,1557752379,0.0
greedy,1097,1220183702,0.0
greedy,1098,2132570010,21.0
greedy,1099,1932618874,50.0
greedy,1100,2108361975,27.0
greedy,1101,961768508,36.0
greedy,1102,1189476410,0.0
greedy,1103,873194435,18.0
greedy,1104,606286067,6.0
greedy,1105,658219237,33.0
greedy,1106,1596688606,24.0
greedy,1107,496868815,33.0
greedy,1108,314786738,15.0
greedy,1109,1397510061,81.0
greedy,1110,1154216559,43.0
greedy,1111,568408860,82.0
greedy,1112,651248695,39.0
greedy,1113,1851722579,46.0
greedy,1114,87346764,15.0
greedy,1115,581213003,27.0
greedy,1116,1199649634,24.0
greedy,1117,1446028796,27.0
greedy,1118,1232144873,36.0
greedy,1119,1220166152,15.0
greedy,1120,1660833422,32.0
greedy,1121,1349604990,45.0
greedy,1122,1349724428,6.0
greedy,1123,1922892882,24.0
greedy,1124,1629534575,6.0
greedy,1125,365047419,0.0
greedy,1126,2077685253,21.0
greedy,1127,321726434,24.0
greedy,1128,2029144591,0.0
greedy,1129,261783026,70.0
greedy,1130,2108833679,50.0
greedy,1131,164151546,45.0
greedy,1132,1904109614,25.0
greedy,1133,1147252386,43.0
greedy,1134,1209926187,27.0
greedy,1135,355904938,9.0
greedy,1136,282508792,24.0
greedy,1137,1733379930,0.0
greedy,1138,524113175,59.0
greedy,1139,48555744,21.0
greedy,1140,976697473,21.0
greedy,1141,804462345,33.0
greedy,1142,968994524,3.0
greedy,1143,1016197790,0.0
greedy,1144,140479874,7.0
greedy,1145,464990984,15.0
greedy,1146,579305194,0.0
greedy,1147,764302786,64.0
greedy,1148,909662760,0.0
greedy,1149,478440964,18.0
greedy,1150,1720687798,52.0
greedy,1151,605221249,18.0
greedy,1152,940878817,42.0
greedy,1153,1990440445,21.0
greedy,1154,2142165920,18.0
greedy,1155,895877276,21.0
greedy,1156,832694851,0.0
greedy,1157,828638651,30.0
greedy,1158,763401035,3.0
greedy,1159,1312487141,36.0
greedy,1160,1373420420,0.0
greedy,1161,1426233776,27.0
greedy,1162,1675640649,27.0
greedy,1163,1417933082,0.0
greedy,1164,579553631,18.0
greedy,1165,182018495,83.0
greedy,1166,884861711,0.0
greedy,1167,1249626272,0.0
greedy,1168,1967942182,81.0
greedy,1169,1580383895,24.0
greedy,1170,683478958,45.0
greedy,1171,1708470056,45.0
greedy,1172,1407340574,6.0
greedy,1173,1263867681,36.0
greedy,1174,1838524589,15.0
greedy,1175,280403506,15.0
greedy,1176,1058952260,0.0
greedy,1177,179830975,34.0
greedy,1178,1592378060,42.0
greedy,1179,693752522,27.0
greedy,1180,1660016341,15.0
greedy,1181,1991917374,30.0
greedy,1182,1838555717,0.0
greedy,1183,1014938414,0.0
greedy,1184,1332490406,24.0
greedy,1185,1923015571,106.0
greedy,1186,247282820,60.0
greedy,1187,987144445,54.0
greedy,1188,629618264,15.0
greedy,1189,1621603785,24.0
greedy,1190,2121396109,0.0
greedy,1191,1041802676,24.0
greedy,1192,973520221,33.0
greedy,1193,1521926516,30.0
greedy,1194,546476013,30.0
greedy,1195,681137309,60.0
greedy,1196,356613291,64.0
greedy,1197,1910971101,39.0
greedy,1198,1088655736,51.0
greedy,1199,570603732,39.0
greedy,1200,1334588899,64.0
greedy,1201,13264638,24.0
greedy,1202,785908892,15.0
greedy,1203,1548691732,0.0
greedy,1204,2068249059,72.0
greedy,1205,1452997019,44.0
greedy,1206,270078281,55.0
greedy,1207,1410685121,30.0
greedy,1208,1536529377,12.0
greedy,1209,1476212475,3.0
greedy,1210,299848981,54.0
greedy,1211,1258992805,24.0
greedy,1212,836097736,0.0
greedy,1213,247559666,45.0
greedy,1214,2112659905,20.0
greedy,1215,1437104049,12.0
greedy,1216,1803898121,24.0
greedy,1217,14170221,18.0
greedy,1218,895342327,27.0
greedy,1219,392652092,9.0
greedy,1220,1947031888,18.0
greedy,1221,903829492,39.0
greedy,1222,1423684745,3.0
greedy,1223,812542056,24.0
greedy,1224,2005066142,21.0
greedy,1225,255475740,21.0
greedy,1226,278816511,36.0
greedy,1227,916884472,48.0
greedy,1228,1253958850,66.0
greedy,1229,1339207832,45.0
greedy,1230,1863455860,0.0
greedy,1231,810596546,21.0
greedy,1232,2038637517,27.0
greedy,1233,1521491053,21.0
greedy,1234,1231566532,24.0
greedy,1235,495901423,9.0
greedy,1236,1593244351,64.0
greedy,1237,308862419,16.0
greedy,1238,123556460,16.0
greedy,1239,1608250169,0.0
greedy,1240,522418958,0.0
greedy,1241,1436082722,21.0
greedy,1242,1206567758,20.0
greedy,1243,922066542,36.0
greedy,1244,976664938,36.0
greedy,1245,293705507,42.0
greedy,1246,654866803,28.0
greedy,1247,1425249976,36.0
greedy,1248,816569873,39.0
greedy,1249,1610517708,24.0
greedy,1250,2033843632,0.0
greedy,1251,352064166,69.0
greedy,1252,410462965,60.0
greedy,1253,1480264207,39.0
greedy,1254,546529668,78.0
greedy,1255,763724827,0.0
greedy,1256,1958521102,33.0
greedy,1257,1965202260,6.0
greedy,1258,1984483513,3.0
greedy,1259,1613919188,45.0
greedy,1260,103607450,0.0
greedy,1261,587833211,36.0
greedy,1262,1356374191,63.0
greedy,1263,2014396181,24.0
greedy,1264,552654764,0.0
greedy,1265,54186930,21.0
greedy,1266,1503562949,27.0
greedy,1267,396906548,72.0
greedy,1268,1894460404,0.0
greedy,1269,519482674,0.0
greedy,1270,271886261,3.0
greedy,1271,1572130007,27.0
greedy,1272,440653675,3.0
greedy,1273,1129937240,58.0
greedy,1274,2086656614,39.0
greedy,1275,997238594,0.0
greedy,1276,636121197,24.0
greedy,1277,477886705,45.0
greedy,1278,1061186134,0.0
greedy,1279,1624500748,68.0
greedy,1280,1575442966,0.0
greedy,1281,251484095,15.0
greedy,1282,1270416916,48.0
greedy,1283,531161225,3.0
greedy,1284,787334591,39.0
greedy,1285,1731645599,46.0
greedy,1286,1772935928,30.0
greedy,1287,968617053,42.0
greedy,1288,532710756,24.0
greedy,1289,1882951750,27.0
greedy,1290,1835401190,45.0
greedy,1291,1292063824,9.0
greedy,1292,897899418,52.0
greedy,1293,1695534217,6.0
greedy,1294,845974056,0.0
greedy,1295,402445463,47.0
greedy,1296,2041107446,15.0
greedy,1297,679081289,45.0
greedy,1298,1480075886,48.0
greedy,1299,808970085,33.0
greedy,1300,2088449069,0.0
greedy,1301,1061284712,0.0
greedy,1302,1222830594,51.0
greedy,1303,1014615208,19.0
greedy,1304,1897300243,36.0
greedy,1305,1766232623,56.0
greedy,1306,1157638765,30.0
greedy,1307,371923834,54.0
greedy,1308,728005477,3.0
greedy,1309,1828552077,48.0
greedy,1310,2095817265,51.0
greedy,1311,1909212377,27.0
greedy,1312,2062390879,34.0
greedy,1313,162175893,30.0
greedy,1314,902652305,21.0
greedy,1315,20165664,42.0
greedy,1316,143195844,32.0
greedy,1317,628682221,3.0
greedy,1318,1243466046,24.0
greedy,1319,860592835,36.0
greedy,1320,874970510,27.0
greedy,1321,2084024231,0.0
greedy,1322,2143083161,0.0
greedy,1323,153348793,0.0
greedy,1324,747669488,15.0
greedy,1325,1677840280,0.0
greedy,1326,776557818,27.0
greedy,1327,1020967313,47.0
greedy,1328,1109946743,27.0
greedy,1329,278901270,24.0
greedy,1330,966505138,0.0
greedy,1331,786151476,27.0
greedy,1332,886684139,17.0
greedy,1333,817979542,15.0
greedy,1334,5726271,53.0
greedy,1335,523067961,18.0
greedy,1336,1487643066,3.0
greedy,1337,632141355,6.0
greedy,1338,2125158589,45.0
greedy,1339,901768822,28.0
greedy,1340,777841243,34.0
greedy,1341,2066440609,0.0
greedy,1342,429177103,6.0
greedy,1343,985395568,27.0
greedy,1344,1732949829,20.0
greedy,1345,2040399400,33.0
greedy,1346,1998237881,51.0
greedy,1347,65567123,12.0
greedy,1348,1078211638,65.0
greedy,1349,141970698,18.0
greedy,1350,914560764,87.0
greedy,1351,59734203,51.0
greedy,1352,608515553,18.0
greedy,1353,1430105220,27.0
greedy,1354,1812090125,27.0
greedy,1355,472946102,52.0
greedy,1356,876247960,12.0
greedy,1357,1237852912,35.0
greedy,1358,1656139107,18.0
greedy,1359,1708035769,59.0
greedy,1360,2138631294,18.0
greedy,1361,712564963,77.0
greedy,1362,1178552782,23.0
greedy,1363,527588397,3.0
greedy,1364,13605525,0.0
greedy,1365,1557803078,0.0
greedy,1366,988321588,23.0
greedy,1367,1021982728,0.0
greedy,1368,1101938571,45.0
greedy,1369,320426348,0.0
greedy,1370,1561631560,77.0
greedy,1371,187786959,27.0
greedy,1372,145716385,0.0
greedy,1373,1583055153,0.0
greedy,1374,816005889,0.0
greedy,1375,1847721418,0.0
greedy,1376,1774422440,9.0
greedy,1377,1912038002,30.0
greedy,1378,420695118,41.0
greedy,1379,1095407801,60.0
greedy,1380,2057334841,24.0
greedy,1381,329541171,72.0
greedy,1382,1795408317,48.0
greedy,1383,484595602,32.0
greedy,1384,643493836,88.0
greedy,1385,973935135,12.0
greedy,1386,1057774156,54.0
greedy,1387,1829349779,18.0
greedy,1388,1806234937,20.0
greedy,1389,1396288323,24.0
greedy,1390,966813445,29.0
greedy,1391,588854955,52.0
greedy,1392,581435541,21.0
greedy,1393,1623365870,0.0
greedy,1394,787110923,0.0
greedy,1395,935100655,35.0
greedy,1396,637537969,0.0
greedy,1397,2110469501,21.0
greedy,1398,869591021,15.0
greedy,1399,920684516,0.0
greedy,1400,1871181142,54.0
greedy,1401,1797865468,24.0
greedy,1402,270725422,72.0
greedy,1403,31227915,0.0
greedy,1404,1861661986,0.0
greedy,1405,1542368421,30.0
greedy,1406,1980419325,48.0
greedy,1407,855725939,57.0
greedy,1408,463710772,3.0
greedy,1409,1071614328,0.0
greedy,1410,367619846,6.0
greedy,1411,426975154,24.0
greedy,1412,1530882847,86.0
greedy,1413,1996110775,33.0
greedy,1414,604909076,3.0
greedy,1415,428734401,12.0
greedy,1416,1870826181,0.0
greedy,1417,1205998262,18.0
greedy,1418,1441168111,20.0
greedy,1419,1282789957,42.0
greedy,1420,1540939945,27.0
greedy,1421,1843493221,30.0
greedy,1422,187219305,76.0
greedy,1423,1002158762,48.0
greedy,1424,1764836703,45.0
greedy,1425,1782177954,60.0
greedy,1426,1806719698,50.0
greedy,1427,1125059303,50.0
greedy,1428,539977091,0.0
greedy,1429,2053713042,60.0
greedy,1430,2013264950,21.0
greedy,1431,1538903603,69.0
greedy,1432,936067461,0.0
greedy,1433,1958731132,36.0
greedy,1434,658896624,70.0
greedy,1435,2023703832,24.0
greedy,1436,1562866299,24.0
greedy,1437,1722810501,11.0
greedy,1438,1545023491,34.0
greedy,1439,262782304,51.0
greedy,1440,222595588,0.0
greedy,1441,267208379,3.0
greedy,1442,2052207095,54.0
greedy,1443,1323369080,30.0
greedy,1444,1974161620,88.0
greedy,1445,582411915,0.0
greedy,1446,1138658127,24.0
greedy,1447,827108317,24.0
greedy,1448,1550035240,6.0
greedy,1449,373293166,31.0
greedy,1450,1679968577,100.0
greedy,1451,1636751182,26.0
greedy,1452,1427485836,41.0
greedy,1453,1835019844,0.0
greedy,1454,2144465877,0.0
greedy,1455,285195764,45.0
greedy,1456,1786184807,0.0
greedy,1457,1109894574,9.0
greedy,1458,1796957385,12.0
greedy,1459,848283807,48.0
greedy,1460,142972580,45.0
greedy,1461,1696544976,30.0
greedy,1462,312436814,42.0
greedy,1463,998563360,18.0
greedy,1464,1529564832,15.0
greedy,1465,1569400481,79.0
greedy,1466,101732488,27.0
greedy,1467,1215698817,18.0
greedy,1468,188198385,27.0
greedy,1469,2100771827,48.0
greedy,1470,1108782141,43.0
greedy,1471,901155168,46.0
greedy,1472,863055636,39.0
greedy,1473,2121007041,3.0
greedy,1474,1590397258,36.0
greedy,1475,892147563,24.0
greedy,1476,1563258461,24.0
greedy,1477,392277941,24.0
greedy,1478,858296908,21.0
greedy,1479,1679506287,6.0
greedy,1480,1736378460,3.0
greedy,1481,583512113,16.0
greedy,1482,1060530195,24.0
greedy,1483,1214949032,21.0
greedy,1484,1838408131,18.0
greedy,1485,1387306819,27.0
greedy,1486,1121258845,55.0
greedy,1487,428803646,0.0
greedy,1488,1058046379,9.0
greedy,1489,73888331,30.0
greedy,1490,1399193542,39.0
greedy,1491,2119637964,33.0
greedy,1492,1272102722,12.0
greedy,1493,1755331965,9.0
greedy,1494,846744150,13.0
greedy,1495,265655011,24.0
greedy,1496,830481064,21.0
greedy,1497,1821000484,30.0
greedy,1498,1359448513,0.0
greedy,1499,554330386,12.0
greedy,1500,1648647049,45.0
greedy,1501,531039935,24.0
greedy,1502,538074083,26.0
greedy,1503,1659180977,30.0
greedy,1504,658391309,63.0
greedy,1505,1626422536,33.0
greedy,1506,2145634501,21.0
greedy,1507,1816679561,0.0
greedy,1508,1730729211,0.0
greedy,1509,293457951,36.0
greedy,1510,1145614524,34.0
greedy,1511,1605429085,43.0
greedy,1512,1897165195,45.0
greedy,1513,1008939086,86.0
greedy,1514,464159963,39.0
greedy,1515,699829289,24.0
greedy,1516,926103463,12.0
greedy,1517,1576903421,27.0
greedy,1518,335342570,33.0
greedy,1519,1814930945,0.0
greedy,1520,2098545251,3.0
greedy,1521,692479203,0.0
greedy,1522,1931737444,0.0
greedy,1523,332455285,20.0
greedy,1524,401624801,48.0
greedy,1525,2129626715,33.0
greedy,1526,1261356746,24.0
greedy,1527,1973945470,52.0
greedy,1528,1062826723,24.0
greedy,1529,622429129,93.0
greedy,1530,543383985,39.0
greedy,1531,1748941408,58.0
greedy,1532,198086111,32.0
greedy,1533,192614727,0.0
greedy,1534,1314453106,47.0
greedy,1535,1959677413,39.0
greedy,1536,507857374,21.0
greedy,1537,1663553007,69.0
greedy,1538,1471362574,0.0
greedy,1539,422760319,0.0
greedy,1540,1501934392,30.0
greedy,1541,634983527,42.0
greedy,1542,1108358225,6.0
greedy,1543,1278944311,49.0
greedy,1544,376200933,33.0
greedy,1545,763983766,18.0
greedy,1546,1510970459,48.0
greedy,1547,1581050079,3.0
greedy,1548,423427660,0.0
greedy,1549,1272089574,15.0
greedy,1550,245805074,15.0
greedy,1551,444590645,48.0
greedy,1552,1997726839,0.0
greedy,1553,1310200194,24.0
greedy,1554,1989119059,73.0
greedy,1555,30191654,27.0
greedy,1556,270633492,48.0
greedy,1557,239976605,39.0
greedy,1558,714293236,60.0
greedy,1559,346191150,15.0
greedy,1560,960975667,18.0
greedy,1561,759517102,4.0
greedy,1562,1457259087,26.0
greedy,1563,25575967,48.0
greedy,1564,944559259,21.0
greedy,1565,1996961200,69.0
greedy,1566,1830693228,21.0
greedy,1567,514341564,27.0
greedy,1568,425986517,21.0
greedy,1569,581191861,33.0
greedy,1570,1927252044,9.0
greedy,1571,806685751,27.0
greedy,1572,289264001,0.0
greedy,1573,2020221008,0.0
greedy,1574,1699697044,15.0
greedy,1575,755526255,0.0
greedy,1576,1352520485,60.0
greedy,1577,925850758,0.0
greedy,1578,34737496,71.0
greedy,1579,641039486,30.0
greedy,1580,923047938,48.0
greedy,1581,2096470248,3.0
greedy,1582,1104146932,0.0
greedy,1583,783524923,54.0
greedy,1584,306344509,16.0
greedy,1585,179395245,24.0
greedy,1586,1289807279,0.0
greedy,1587,1413006431,0.0
greedy,1588,1343560136,48.0
greedy,1589,1538897348,0.0
greedy,1590,316004615,12.0
greedy,1591,799381512,36.0
greedy,1592,1110556577,52.0
greedy,1593,453946164,61.0
greedy,1594,1447422048,3.0
greedy,1595,878860798,0.0
greedy,1596,1855095263,36.0
greedy,1597,942891801,38.0
greedy,1598,571431796,18.0
greedy,1599,2137390051,30.0
greedy,1600,2118164916,33.0
greedy,1601,1843475823,0.0
greedy,1602,1093235665,12.0
greedy,1603,1333391705,0.0
greedy,1604,432905187,27.0
greedy,1605,416435621,0.0
greedy,1606,1738159737,36.0
greedy,1607,1477285184,15.0
greedy,1608,1069645297,51.0
greedy,1609,1629937945,20.0
greedy,1610,384213127,66.0
greedy,1611,161896083,0.0
greedy,1612,1092473549,45.0
greedy,1613,814941088,21.0
greedy,1614,491512727,48.0
greedy,1615,701900300,0.0
greedy,1616,494511528,27.0
greedy,1617,1224991936,24.0
greedy,1618,943483130,27.0
greedy,1619,1402421106,30.0
greedy,1620,46773314,55.0
greedy,1621,389527309,0.0
greedy,1622,786418225,42.0
greedy,1623,1008585958,39.0
greedy,1624,1746132385,27.0
greedy,1625,2130664311,0.0
greedy,1626,79153495,6.0
greedy,1627,34043283,0.0
greedy,1628,1783769358,24.0
greedy,1629,796702714,65.0
greedy,1630,1949939908,0.0
greedy,1631,717930548,0.0
greedy,1632,1738952928,21.0
greedy,1633,870982902,15.0
greedy,1634,144385951,21.0
greedy,1635,1866579290,51.0
greedy,1636,361352692,54.0
greedy,1637,941252902,48.0
greedy,1638,520441410,19.0
greedy,1639,1896395567,21.0
greedy,1640,772769448,12.0
greedy,1641,1235962400,12.0
greedy,1642,101265475,27.0
greedy,1643,911859556,39.0
greedy,1644,364728260,17.0
greedy,1645,541816754,3.0
greedy,1646,298239498,21.0
greedy,1647,1768697285,122.0
greedy,1648,1911958744,0.0
greedy,1649,1383410077,20.0
greedy,1650,1079078291,23.0
greedy,1651,455752014,59.0
greedy,1652,1211536617,27.0
greedy,1653,279324257,3.0
greedy,1654,985952697,18.0
greedy,1655,269361726,68.0
greedy,1656,318456309,36.0
greedy,1657,1952217174,42.0
greedy,1658,984030295,42.0
greedy,1659,866276730,3.0
greedy,1660,932433968,63.0
greedy,1661,1761597573,27.0
greedy,1662,1033713175,52.0
greedy,1663,1922775452,80.0
greedy,1664,602274148,20.0
greedy,1665,486046518,30.0
greedy,1666,445873904,9.0
greedy,1667,69948588,25.0
greedy,1668,5010725,42.0
greedy,1669,387268796,45.0
greedy,1670,684749289,9.0
greedy,1671,1659959129,69.0
greedy,1672,790014040,18.0
greedy,1673,33099543,0.0
greedy,1674,862900165,21.0
greedy,1675,1211464373,0.0
greedy,1676,26541411,0.0
greedy,1677,410742251,41.0
greedy,1678,2044726575,31.0
greedy,1679,1646391277,98.0
greedy,1680,1421060663,27.0
greedy,1681,1029451468,18.0
greedy,1682,481869309,3.0
greedy,1683,1179140189,51.0
greedy,1684,1638711222,51.0
greedy,1685,630089433,33.0
greedy,1686,945139379,43.0
greedy,1687,980494870,33.0
greedy,1688,1432881081,12.0
greedy,1689,98167066,21.0
greedy,1690,1363157945,18.0
greedy,1691,1738430203,0.0
greedy,1692,119627395,36.0
greedy,1693,1948839097,27.0
greedy,1694,1301158798,48.0
greedy,1695,1616298240,27.0
greedy,1696,714520067,15.0
greedy,1697,1064340725,9.0
greedy,1698,1586412580,27.0
greedy,1699,1812013091,48.0
greedy,1700,1287324080,65.0
greedy,1701,8205267,32.0
greedy,1702,1166786762,0.0
greedy,1703,1430132640,21.0
greedy,1704,603975729,45.0
greedy,1705,1647948708,57.0
greedy,1706,1664770359,0.0
greedy,1707,701488927,12.0
greedy,1708,609466269,39.0
greedy,1709,1839473698,51.0
greedy,1710,1481179909,21.0
greedy,1711,408024,52.0
greedy,1712,578860974,6.0
greedy,1713,1357467816,9.0
greedy,1714,1338891554,72.0
greedy,1715,646444076,3.0
greedy,1716,1937537255,51.0
greedy,1717,1349968185,8.0
greedy,1718,719210168,24.0
greedy,1719,539788610,0.0
greedy,1720,821571514,18.0
greedy,1721,450498840,0.0
greedy,1722,817080685,27.0
greedy,1723,1344669190,61.0
greedy,1724,1696768405,51.0
greedy,1725,1067159400,0.0
greedy,1726,987116059,9.0
greedy,1727,402182215,4.0
greedy,1728,1091835811,12.0
greedy,1729,1903046170,0.0
greedy,1730,1422313480,72.0
greedy,1731,1894910926,24.0
greedy,1732,1109211625,27.0
greedy,1733,1180189162,6.0
greedy,1734,230175785,41.0
greedy,1735,1516329672,0.0
greedy,1736,1939509793,21.0
greedy,1737,969345631,45.0
greedy,1738,1222110306,48.0
greedy,1739,1721086518,40.0
greedy,1740,735130238,15.0
greedy,1741,1790692652,46.0
greedy,1742,741752451,36.0
greedy,1743,1641020457,48.0
greedy,1744,1662571563,18.0
greedy,1745,522158155,41.0
greedy,1746,1459720327,21.0
greedy,1747,52588567,42.0
greedy,1748,1615997243,9.0
greedy,1749,1413587720,24.0
greedy,1750,74482475,3.0
greedy,1751,883169173,26.0
greedy,1752,1841558348,15.0
greedy,1753,1920410540,6.0
greedy,1754,772177932,36.0
greedy,1755,1846508504,48.0
greedy,1756,1892074401,45.0
greedy,1757,1146223892,21.0
greedy,1758,283303779,18.0
greedy,1759,810555141,15.0
greedy,1760,1426906636,3.0
greedy,1761,1531133379,6.0
greedy,1762,2145880180,18.0
greedy,1763,1523359820,28.0
greedy,1764,1391644372,24.0
greedy,1765,1465191355,0.0
greedy,1766,1622356464,75.0
greedy,1767,1809091880,44.0
greedy,1768,2146450829,0.0
greedy,1769,1239782220,12.0
greedy,1770,489018378,61.0
greedy,1771,1108194933,72.0
greedy,1772,1890190637,49.0
greedy,1773,1110051763,12.0
greedy,1774,2082314255,48.0
greedy,1775,1909071425,0.0
greedy,1776,1809459499,76.0
greedy,1777,787592061,3.0
greedy,1778,1867043631,12.0
greedy,1779,1808000540,0.0
greedy,1780,930047403,39.0
greedy,1781,1084242081,0.0
greedy,1782,1351223945,9.0
greedy,1783,183264000,0.0
greedy,1784,1478278,36.0
greedy,1785,964181475,0.0
greedy,1786,1292863390,48.0
greedy,1787,625339501,58.0
greedy,1788,1886979737,15.0
greedy,1789,1133624500,69.0
greedy,1790,42973656,17.0
greedy,1791,1832468960,0.0
greedy,1792,1070096029,58.0
greedy,1793,385377809,42.0
greedy,1794,1262996612,3.0
greedy,1795,1020537109,23.0
greedy,1796,105238144,3.0
greedy,1797,1250914059,6.0
greedy,1798,1487241412,33.0
greedy,1799,1653176529,0.0
greedy,1800,499982636,0.0
greedy,1801,2020732639,43.0
greedy,1802,1770614958,0.0
greedy,1803,1182421420,27.0
greedy,1804,898139301,27.0
greedy,1805,1979159624,3.0
greedy,1806,965921037,0.0
greedy,1807,722754867,108.0
greedy,1808,1064183009,39.0
greedy,1809,1641364209,32.0
greedy,1810,1282650460,57.0
greedy,1811,1640087932,0.0
greedy,1812,826458694,0.0
greedy,1813,1183862595,0.0
greedy,1814,748004638,6.0
greedy,1815,373208431,29.0
greedy,1816,935435385,21.0
greedy,1817,829367409,0.0
greedy,1818,1879503238,0.0
greedy,1819,624595872,0.0
greedy,1820,2029745684,12.0
greedy,1821,2076356023,0.0
greedy,1822,336383777,44.0
greedy,1823,1384316193,24.0
greedy,1824,1544773077,18.0
greedy,1825,1952143888,21.0
greedy,1826,2084320897,17.0
greedy,1827,635998261,75.0
greedy,1828,1224678905,0.0
greedy,1829,921141761,24.0
greedy,1830,1139858896,66.0
greedy,1831,1218422790,0.0
greedy,1832,1354781417,0.0
greedy,1833,761772972,36.0
greedy,1834,563508124,66.0
greedy,1835,980325484,24.0
greedy,1836,2020479561,18.0
greedy,1837,1287002104,62.0
greedy,1838,1656193009,45.0
greedy,1839,60743666,36.0
greedy,1840,213364511,15.0
greedy,1841,729738898,9.0
greedy,1842,11303643,48.0
greedy,1843,476096,24.0
greedy,1844,1260134286,47.0
greedy,1845,1036241652,27.0
greedy,1846,1002317376,30.0
greedy,1847,1305671485,77.0
greedy,1848,1765310221,33.0
greedy,1849,199695491,60.0
greedy,1850,1624731606,39.0
greedy,1851,519893769,57.0
greedy,1852,1503126639,58.0
greedy,1853,1726559287,0.0
greedy,1854,2117180603,3.0
greedy,1855,1804490908,0.0
greedy,1856,1423500238,31.0
greedy,1857,832650822,9.0
greedy,1858,647864366,0.0
greedy,1859,1748532146,67.0
greedy,1860,382720948,0.0
greedy,1861,595154161,9.0
greedy,1862,586481485,120.0
greedy,1863,1516355860,30.0
greedy,1864,2134355810,86.0
greedy,1865,1171359178,19.0
greedy,1866,1904085243,15.0
greedy,1867,945105574,23.0
greedy,1868,1885857750,9.0
greedy,1869,1409699052,4.0
greedy,1870,1704375413,45.0
greedy,1871,28756263,27.0
greedy,1872,1894158041,0.0
greedy,1873,348844636,72.0
greedy,1874,738077575,60.0
greedy,1875,630981084,12.0
greedy,1876,1805677905,0.0
greedy,1877,1461497074,30.0
greedy,1878,359520003,18.0
greedy,1879,1516628786,42.0
greedy,1880,594832865,74.0
greedy,1881,1461922737,20.0
greedy,1882,1162691881,0.0
greedy,1883,1648445183,24.0
greedy,1884,1932174742,49.0
greedy,1885,170835675,66.0
greedy,1886,1402495415,0.0
greedy,1887,227394698,24.0
greedy,1888,1978764464,48.0
greedy,1889,1836852628,12.0
greedy,1890,2031948288,55.0
greedy,1891,766303238,30.0
greedy,1892,1314240488,9.0
greedy,1893,1220568051,64.0
greedy,1894,148725657,15.0
greedy,1895,1081264041,9.0
greedy,1896,1121769473,41.0
greedy,1897,1345747623,0.0
greedy,1898,555792854,0.0
greedy,1899,165241803,15.0
greedy,1900,51941028,9.0
greedy,1901,1653111922,65.0
greedy,1902,1526871708,24.0
greedy,1903,265004481,0.0
greedy,1904,1947298016,0.0
greedy,1905,1463240513,0.0
greedy,1906,423252364,33.0
greedy,1907,863593581,15.0
greedy,1908,2066606522,24.0
greedy,1909,1057123813,51.0
greedy,1910,16126033,9.0
greedy,1911,1442451310,24.0
greedy,1912,2069748084,21.0
greedy,1913,796722339,18.0
greedy,1914,1814860073,0.0
greedy,1915,98864716,20.0
greedy,1916,149698234,75.0
greedy,1917,2070628539,68.0
greedy,1918,712279228,9.0
greedy,1919,1122440093,6.0
greedy,1920,554172360,0.0
greedy,1921,1593743480,51.0
greedy,1922,814066109,39.0
greedy,1923,1140946966,75.0
greedy,1924,1990859027,51.0
greedy,1925,1760264218,0.0
greedy,1926,2092211490,56.0
greedy,1927,1212504010,0.0
greedy,1928,68840092,27.0
greedy,1929,263618388,18.0
greedy,1930,610730600,30.0
greedy,1931,1378483850,12.0
greedy,1932,1977820539,38.0
greedy,1933,370957762,0.0
greedy,1934,239624827,21.0
greedy,1935,1768783785,35.0
greedy,1936,1271655361,42.0
greedy,1937,1462568649,0.0
greedy,1938,693521097,46.0
greedy,1939,2018223681,79.0
greedy,1940,1337123656,22.0
greedy,1941,1350940707,15.0
greedy,1942,1791651582,0.0
greedy,1943,483534069,30.0
greedy,1944,1488833955,51.0
greedy,1945,1196443768,0.0
greedy,1946,1078492864,8.0
greedy,1947,1657368343,30.0
greedy,1948,591246472,54.0
greedy,1949,1528768477,48.0
greedy,1950,1728521957,18.0
greedy,1951,735076578,31.0
greedy,1952,513914266,15.0
greedy,1953,1407355878,15.0
greedy,1954,534151621,22.0
greedy,1955,2008475014,15.0
greedy,1956,182225219,27.0
greedy,1957,1470618368,27.0
greedy,1958,964852120,78.0
greedy,1959,788773754,27.0
greedy,1960,1194835096,12.0
greedy,1961,1955838620,63.0
greedy,1962,313323905,72.0
greedy,1963,1777309419,36.0
greedy,1964,897196553,51.0
greedy,1965,1836493140,109.0
greedy,1966,1626390779,0.0
greedy,1967,229440108,0.0
greedy,1968,473692060,33.0
greedy,1969,624550164,6.0
greedy,1970,184492654,30.0
greedy,1971,1696786535,0.0
greedy,1972,1117493971,33.0
greedy,1973,590144603,0.0
greedy,1974,1593595636,0.0
greedy,1975,158282290,42.0
greedy,1976,81786378,45.0
greedy,1977,1467302588,21.0
greedy,1978,1616659728,9.0
greedy,1979,1716419160,5.0
greedy,1980,1263726814,48.0
greedy,1981,1378185872,51.0
greedy,1982,405703103,16.0
greedy,1983,740545425,36.0
greedy,1984,298496192,24.0
greedy,1985,1202104048,24.0
greedy,1986,1456747475,27.0
greedy,1987,46213743,18.0
greedy,1988,370645454,46.0
greedy,1989,1208306704,39.0
greedy,1990,1236183273,36.0
greedy,1991,1839966511,0.0
greedy,1992,1577500072,11.0
greedy,1993,167618045,78.0
greedy,1994,204856469,12.0
greedy,1995,823172135,79.0
greedy,1996,157286851,27.0
greedy,1997,354042137,35.0
greedy,1998,561750487,40.0
greedy,1999,816060743,6.0
greedy_potential,0,1826701614,123.0
greedy_potential,1,1367864806,154.0
greedy_potential,2,1097657231,163.0
greedy_potential,3,579362555,135.0
greedy_potential,4,661058651,84.0
greedy_potential,5,87989972,150.0
greedy_potential,6,161576974,206.0
greedy_potential,7,35492826,122.0
greedy_potential,8,376383645,111.0
greedy_potential,9,1746484539,114.0
greedy_potential,10,1394609702,141.0
greedy_potential,11,1960127675,173.0
greedy_potential,12,1081530686,86.0
greedy_potential,13,1302740407,165.0
greedy_potential,14,2084654369,125.0
greedy_potential,15,1566581934,78.0
greedy_potential,16,1357791198,143.0
greedy_potential,17,1167425778,125.0
greedy_potential,18,1202413557,114.0
greedy_potential,19,2008052738,123.0
greedy_potential,20,595598245,40.0
greedy_potential,21,1752032165,119.0
greedy_potential,22,1440696407,126.0
greedy_potential,23,5880883,175.0
greedy_potential,24,846428919,149.0
greedy_potential,25,1841261662,75.0
greedy_potential,26,1190382222,169.0
greedy_potential,27,72124473,144.0
greedy_potential,28,1642588603,80.0
greedy_potential,29,1566923138,117.0
greedy_potential,30,1818006482,108.0
greedy_potential,31,377217572,146.0
greedy_potential,32,191741830,154.0
greedy_potential,33,1853662620,174.0
greedy_potential,34,47463574,148.0
greedy_potential,35,1162779115,147.0
greedy_potential,36,172656923,128.0
greedy_potential,37,643626383,63.0
greedy_potential,38,1033071480,164.0
greedy_potential,39,907713895,155.0
greedy_potential,40,865948037,103.0
greedy_potential,41,60816030,173.0
greedy_potential,42,11494707,156.0
greedy_potential,43,266896303,108.0
greedy_potential,44,17790419,157.0
greedy_potential,45,1440154963,122.0
greedy_potential,46,1128755548,140.0
greedy_potential,47,1389828892,79.0
greedy_potential,48,552547096,111.0
greedy_potential,49,1321529463,112.0
greedy_potential,50,1640795441,91.0
greedy_potential,51,823941273,92.0
greedy_potential,52,989821580,32.0
greedy_potential,53,2141492029,169.0
greedy_potential,54,1728701086,149.0
greedy_potential,55,2106327850,118.0
greedy_potential,56,815020182,151.0
greedy_potential,57,1472190200,109.0
greedy_potential,58,2040324894,103.0
greedy_potential,59,1396850658,142.0
greedy_potential,60,1804554973,131.0
greedy_potential,61,1478428095,174.0
greedy_potential,62,1511830742,153.0
greedy_potential,63,835202397,24.0
greedy_potential,64,1879383516,125.0
greedy_potential,65,290117534,72.0
greedy_potential,66,1243185673,116.0
greedy_potential,67,1549384411,137.0
greedy_potential,68,1815655708,76.0
greedy_potential,69,1128189815,150.0
greedy_potential,70,806201099,144.0
greedy_potential,71,666239354,152.0
greedy_potential,72,908297867,88.0
greedy_potential,73,1043323488,143.0
greedy_potential,74,1543657888,56.0
greedy_potential,75,1910160578,115.0
greedy_potential,76,156652360,93.0
greedy_potential,77,2005843176,140.0
greedy_potential,78,1141051469,137.0
greedy_potential,79,768359333,115.0
greedy_potential,80,1444696807,82.0
greedy_potential,81,1227350964,75.0
greedy_potential,82,546762614,144.0
greedy_potential,83,691209253,176.0
greedy_potential,84,1545136976,88.0
greedy_potential,85,1276249595,104.0
greedy_potential,86,1083230752,131.0
greedy_potential,87,725658830,172.0
greedy_potential,88,1633503581,180.0
greedy_potential,89,840995399,138.0
greedy_potential,90,704750836,115.0
greedy_potential,91,1911849612,78.0
greedy_potential,92,566779217,64.0
greedy_potential,93,487817217,148.0
greedy_potential,94,1533673821,148.0
greedy_potential,95,1338284201,112.0
greedy_potential,96,104252791,99.0
greedy_potential,97,180421576,94.0
greedy_potential,98,809899613,134.0
greedy_potential,99,1788089690,135.0
greedy_potential,100,860813095,65.0
greedy_potential,101,1690280743,154.0
greedy_potential,102,679605935,183.0
greedy_potential,103,514041964,72.0
greedy_potential,104,1700138881,120.0
greedy_potential,105,1882235552,151.0
greedy_potential,106,170294837,133.0
greedy_potential,107,125773896,140.0
greedy_potential,108,1441526998,136.0
greedy_potential,109,721805890,104.0
greedy_potential,110,1231901275,113.0
greedy_potential,111,322722697,115.0
greedy_potential,112,1846923786,214.0
greedy_potential,113,967096425,86.0
greedy_potential,114,1921983830,131.0
greedy_potential,115,1710093347,144.0
greedy_potential,116,1514711733,169.0
greedy_potential,117,495300371,127.0
greedy_potential,118,1647140547,70.0
greedy_potential,119,111714892,133.0
greedy_potential,120,1224268756,113.0
greedy_potential,121,868768460,132.0
greedy_potential,122,2140277469,122.0
greedy_potential,123,426303516,177.0
greedy_potential,124,2032646511,146.0
greedy_potential,125,194890680,110.0
greedy_potential,126,1338252684,125.0
greedy_potential,127,1246254308,157.0
greedy_potential,128,1930469648,130.0
greedy_potential,129,641445060,95.0
greedy_potential,130,1937191049,180.0
greedy_potential,131,1443098010,95.0
greedy_potential,132,1912112502,140.0
greedy_potential,133,428456152,132.0
greedy_potential,134,1628312689,163.0
greedy_potential,135,2023172498,141.0
greedy_potential,136,104360713,88.0
greedy_potential,137,784068115,123.0
greedy_potential,138,1366900981,100.0
greedy_potential,139,226549387,155.0
greedy_potential,140,1095352898,115.0
greedy_potential,141,1350999467,118.0
greedy_potential,142,1640650566,68.0
greedy_potential,143,1991049240,114.0
greedy_potential,144,880091737,110.0
greedy_potential,145,945702738,170.0
greedy_potential,146,1018360727,158.0
greedy_potential,147,2049967474,101.0
greedy_potential,148,420376857,92.0
greedy_potential,149,1073518085,149.0
greedy_potential,150,107014967,185.0
greedy_potential,151,913171518,130.0
greedy_potential,152,2030045015,108.0
greedy_potential,153,1331898245,156.0
greedy_potential,154,750782387,158.0
greedy_potential,155,2136953472,97.0
greedy_potential,156,1296558496,137.0
greedy_potential,157,2037841023,144.0
greedy_potential,158,35072563,190.0
greedy_potential,159,987939413,119.0
greedy_potential,160,1793051917,152.0
greedy_potential,161,1627210303,168.0
greedy_potential,162,875079008,108.0
greedy_potential,163,1068207104,92.0
greedy_potential,164,902462478,48.0
greedy_potential,165,1136689207,156.0
greedy_potential,166,494452712,104.0
greedy_potential,167,1687461942,133.0
greedy_potential,168,166879142,144.0
greedy_potential,169,890466655,112.0
greedy_potential,170,605291690,123.0
greedy_potential,171,1577291459,183.0
greedy_potential,172,1609096917,73.0
greedy_potential,173,1527167700,112.0
greedy_potential,174,1985281331,93.0
greedy_potential,175,2001582934,118.0
greedy_potential,176,396530695,104.0
greedy_potential,177,246815950,68.0
greedy_potential,178,284241473,69.0
greedy_potential,179,1565548042,162.0
greedy_potential,180,2083753425,97.0
greedy_potential,181,1991627720,121.0
greedy_potential,182,1435036778,119.0
greedy_potential,183,2078605664,113.0
greedy_potential,184,1871024368,171.0
greedy_potential,185,31581548,64.0
greedy_potential,186,256059213,129.0
greedy_potential,187,1854652970,92.0
greedy_potential,188,176863876,111.0
greedy_potential,189,2107100303,169.0
greedy_potential,190,1776774048,139.0
greedy_potential,191,2055593207,109.0
greedy_potential,192,773786671,152.0
greedy_potential,193,319468283,130.0
greedy_potential,194,1109958447,99.0
greedy_potential,195,2088704472,197.0
greedy_potential,196,788603697,131.0
greedy_potential,197,1911122052,125.0
greedy_potential,198,824272794,140.0
greedy_potential,199,1766034346,116.0
greedy_potential,200,493018052,74.0
greedy_potential,201,1030766217,49.0
greedy_potential,202,701897158,162.0
greedy_potential,203,499017044,187.0
greedy_potential,204,1917029159,82.0
greedy_potential,205,1722025429,139.0
greedy_potential,206,299909236,79.0
greedy_potential,207,1983265915,115.0
greedy_potential,208,2085146283,128.0
greedy_potential,209,571510407,116.0
greedy_potential,210,915743486,107.0
greedy_potential,211,1157352826,154.0
greedy_potential,212,1411099204,50.0
greedy_potential,213,950804459,104.0
greedy_potential,214,319457530,132.0
greedy_potential,215,1999344461,76.0
greedy_potential,216,1486119655,139.0
greedy_potential,217,86996089,128.0
greedy_potential,218,1748708618,143.0
greedy_potential,219,1571971334,75.0
greedy_potential,220,393575409,53.0
greedy_potential,221,1319356500,149.0
greedy_potential,222,1077333835,55.0
greedy_potential,223,60914157,36.0
greedy_potential,224,1991575180,86.0
greedy_potential,225,1544512700,122.0
greedy_potential,226,666191121,101.0
greedy_potential,227,34341977,132.0
greedy_potential,228,196017830,60.0
greedy_potential,229,1627687382,97.0
greedy_potential,230,320704861,100.0
greedy_potential,231,1101140972,167.0
greedy_potential,232,1929953604,108.0
greedy_potential,233,1995236120,193.0
greedy_potential,234,575371960,182.0
greedy_potential,235,141911080,94.0
greedy_potential,236,1062733147,125.0
greedy_potential,237,1806715099,74.0
greedy_potential,238,1341434674,109.0
greedy_potential,239,143215702,157.0
greedy_potential,240,1396231712,114.0
greedy_potential,241,739400048,171.0
greedy_potential,242,485792374,97.0
greedy_potential,243,924059490,80.0
greedy_potential,244,1875379230,59.0
greedy_potential,245,2074602520,157.0
greedy_potential,246,302913355,104.0
greedy_potential,247,1207383686,154.0
greedy_potential,248,1635307037,55.0
greedy_potential,249,555907480,118.0
greedy_potential,250,585528511,168.0
greedy_potential,251,518994643,146.0
greedy_potential,252,450152621,135.0
greedy_potential,253,1907219570,129.0
greedy_potential,254,469485974,69.0
greedy_potential,255,485050903,169.0
greedy_potential,256,269386935,189.0
greedy_potential,257,267479193,139.0
greedy_potential,258,1671748609,53.0
greedy_potential,259,619185585,236.0
greedy_potential,260,1722230529,149.0
greedy_potential,261,1258689696,127.0
greedy_potential,262,1843405230,79.0
greedy_potential,263,1189900291,105.0
greedy_potential,264,1641032421,109.0
greedy_potential,265,1738840649,152.0
greedy_potential,266,131069158,107.0
greedy_potential,267,1203612941,70.0
greedy_potential,268,976358674,141.0
greedy_potential,269,619379841,115.0
greedy_potential,270,971614501,117.0
greedy_potential,271,886688143,134.0
greedy_potential,272,1056188272,141.0
greedy_potential,273,1756901406,171.0
greedy_potential,274,1772735651,111.0
greedy_potential,275,1345412382,132.0
greedy_potential,276,1525331520,155.0
greedy_potential,277,2059603553,169.0
greedy_potential,278,1367752506,81.0
greedy_potential,279,793289931,188.0
greedy_potential,280,176283768,112.0
greedy_potential,281,1186724181,131.0
greedy_potential,282,497074429,81.0
greedy_potential,283,1275442510,114.0
greedy_potential,284,55205953,143.0
greedy_potential,285,1821691497,118.0
greedy_potential,286,2028429921,73.0
greedy_potential,287,312402043,109.0
greedy_potential,288,1759114057,87.0
greedy_potential,289,872974300,94.0
greedy_potential,290,89514544,183.0
greedy_potential,291,1954121989,150.0
greedy_potential,292,2020595744,111.0
greedy_potential,293,92485438,110.0
greedy_potential,294,1274239748,122.0
greedy_potential,295,1766748282,128.0
greedy_potential,296,1696194208,110.0
greedy_potential,297,892030427,185.0
greedy_potential,298,1846657787,129.0
greedy_potential,299,1781990488,88.0
greedy_potential,300,243444659,136.0
greedy_potential,301,21377256,71.0
greedy_potential,302,219536274,130.0
greedy_potential,303,783930654,89.0
greedy_potential,304,235553100,129.0
greedy_potential,305,168856718,148.0
greedy_potential,306,555678126,131.0
greedy_potential,307,1401479130,129.0
greedy_potential,308,1125662722,133.0
greedy_potential,309,588086460,109.0
greedy_potential,310,2041104818,159.0
greedy_potential,311,1508933830,149.0
greedy_potential,312,1362392980,90.0
greedy_potential,313,2026798130,141.0
greedy_potential,314,1686949517,83.0
greedy_potential,315,272337652,126.0
greedy_potential,316,79354821,185.0
greedy_potential,317,1857097247,80.0
greedy_potential,318,875830023,166.0
greedy_potential,319,127698292,141.0
greedy_potential,320,1023419372,86.0
greedy_potential,321,817698439,85.0
greedy_potential,322,925758967,131.0
greedy_potential,323,922932768,110.0
greedy_potential,324,674631158,159.0
greedy_potential,325,1049796407,116.0
greedy_potential,326,1055562759,15.0
greedy_potential,327,2096936868,124.0
greedy_potential,328,1487642552,96.0
greedy_potential,329,1665784141,167.0
greedy_potential,330,17257121,119.0
greedy_potential,331,663266135,179.0
greedy_potential,332,2112488123,144.0
greedy_potential,333,579470083,116.0
greedy_potential,334,1095136094,84.0
greedy_potential,335,1853536523,123.0
greedy_potential,336,1371385240,133.0
greedy_potential,337,1892592741,108.0
greedy_potential,338,353044762,33.0
greedy_potential,339,1096733868,96.0
greedy_potential,340,1364944092,179.0
greedy_potential,341,739369451,84.0
greedy_potential,342,1233058892,139.0
greedy_potential,343,2136568735,70.0
greedy_potential,344,1581761357,108.0
greedy_potential,345,678483596,136.0
greedy_potential,346,137321580,114.0
greedy_potential,347,392371845,128.0
greedy_potential,348,584160036,118.0
greedy_potential,349,1889996323,152.0
greedy_potential,350,581917524,147.0
greedy_potential,351,1744476983,114.0
greedy_potential,352,588053790,172.0
greedy_potential,353,1434281576,112.0
greedy_potential,354,1131487508,150.0
greedy_potential,355,2058177601,133.0
greedy_potential,356,1216325249,191.0
greedy_potential,357,1987956916,94.0
greedy_potential,358,2065840828,125.0
greedy_potential,359,1606851424,120.0
greedy_potential,360,1349431587,62.0
greedy_potential,361,1848342201,162.0
greedy_potential,362,2139873756,85.0
greedy_potential,363,530743582,108.0
greedy_potential,364,1208033236,169.0
greedy_potential,365,303324670,104.0
greedy_potential,366,225336197,124.0
greedy_potential,367,1438946863,89.0
greedy_potential,368,102092473,192.0
greedy_potential,369,1534631621,92.0
greedy_potential,370,1762818387,157.0
greedy_potential,371,358743432,207.0
greedy_potential,372,1461111207,138.0
greedy_potential,373,849452775,132.0
greedy_potential,374,1918513088,107.0
greedy_potential,375,1954759372,121.0
greedy_potential,376,1240184092,141.0
greedy_potential,377,1205598967,120.0
greedy_potential,378,1525958284,81.0
greedy_potential,379,1241966919,67.0
greedy_potential,380,1601735538,115.0
greedy_potential,381,416890512,116.0
greedy_potential,382,1679665482,109.0
greedy_potential,383,1129624176,30.0
greedy_potential,384,1614599411,174.0
greedy_potential,385,1124067516,102.0
greedy_potential,386,658332664,113.0
greedy_potential,387,190987832,133.0
greedy_potential,388,1128218302,191.0
greedy_potential,389,2108705875,103.0
greedy_potential,390,76953176,109.0
greedy_potential,391,1227062707,199.0
greedy_potential,392,960169880,95.0
greedy_potential,393,13762970,47.0
greedy_potential,394,1167302081,161.0
greedy_potential,395,1659251524,148.0
greedy_potential,396,1592403293,126.0
greedy_potential,397,2100809622,162.0
greedy_potential,398,1136182736,94.0
greedy_potential,399,1266736239,99.0
greedy_potential,400,2074068892,138.0
greedy_potential,401,686511085,128.0
greedy_potential,402,1714768789,183.0
greedy_potential,403,402669752,130.0
greedy_potential,404,777213504,113.0
greedy_potential,405,1444239948,69.0
greedy_potential,406,1244721829,124.0
greedy_potential,407,418989947,93.0
greedy_potential,408,1415983256,140.0
greedy_potential,409,1240575301,81.0
greedy_potential,410,1976691419,99.0
greedy_potential,411,1293298782,161.0
greedy_potential,412,1899189787,121.0
greedy_potential,413,2066787853,112.0
greedy_potential,414,188070709,145.0
greedy_potential,415,155188475,99.0
greedy_potential,416,1079200426,66.0
greedy_potential,417,1073683462,97.0
greedy_potential,418,1191879034,100.0
greedy_potential,419,1597937168,69.0
greedy_potential,420,677186466,93.0
greedy_potential,421,380591526,134.0
greedy_potential,422,1460534081,119.0
greedy_potential,423,833366960,174.0
greedy_potential,424,1996560372,175.0
greedy_potential,425,135067053,102.0
greedy_potential,426,1522979205,148.0
greedy_potential,427,1558817284,178.0
greedy_potential,428,582027100,89.0
greedy_potential,429,188480101,95.0
greedy_potential,430,683416592,136.0
greedy_potential,431,848452982,100.0
greedy_potential,432,2103281005,50.0
greedy_potential,433,1875875565,97.0
greedy_potential,434,496254106,60.0
greedy_potential,435,1014257249,151.0
greedy_potential,436,1288245593,79.0
greedy_potential,437,1959840678,126.0
greedy_potential,438,289993663,87.0
greedy_potential,439,1644794485,90.0
greedy_potential,440,1986944590,85.0
greedy_potential,441,1965643235,115.0
greedy_potential,442,594949505,154.0
greedy_potential,443,273595878,149.0
greedy_potential,444,1275194774,170.0
greedy_potential,445,157975135,155.0
greedy_potential,446,279162560,125.0
greedy_potential,447,151024479,113.0
greedy_potential,448,452892285,93.0
greedy_potential,449,1865850388,194.0
greedy_potential,450,1444535965,160.0
greedy_potential,451,1361654911,78.0
greedy_potential,452,2116130273,181.0
greedy_potential,453,1066379591,28.0
greedy_potential,454,85898467,152.0
greedy_potential,455,351206811,78.0
greedy_potential,456,558975054,91.0
greedy_potential,457,1446831539,136.0
greedy_potential,458,766760084,94.0
greedy_potential,459,682937139,102.0
greedy_potential,460,240915549,117.0
greedy_potential,461,1526602881,47.0
greedy_potential,462,52580666,61.0
greedy_potential,463,988605540,119.0
greedy_potential,464,1598640627,137.0
greedy_potential,465,1089783226,94.0
greedy_potential,466,1475383483,54.0
greedy_potential,467,1695794246,115.0
greedy_potential,468,482945970,153.0
greedy_potential,469,199169391,136.0
greedy_potential,470,121012640,166.0
greedy_potential,471,1242874421,132.0
greedy_potential,472,567020276,129.0
greedy_potential,473,423558823,97.0
greedy_potential,474,1578280308,129.0
greedy_potential,475,1735460458,130.0
greedy_potential,476,2049571150,121.0
greedy_potential,477,1049788868,146.0
greedy_potential,478,1122282163,88.0
greedy_potential,479,2123207060,119.0
greedy_potential,480,1081734387,159.0
greedy_potential,481,392867797,102.0
greedy_potential,482,549260787,102.0
greedy_potential,483,2068067855,152.0
greedy_potential,484,92794862,92.0
greedy_potential,485,1719956238,138.0
greedy_potential,486,1390493182,133.0
greedy_potential,487,1033499046,159.0
greedy_potential,488,1789927145,95.0
greedy_potential,489,1747051098,148.0
greedy_potential,490,944888642,108.0
greedy_potential,491,1294608165,124.0
greedy_potential,492,1640037303,129.0
greedy_potential,493,1406861771,86.0
greedy_potential,494,1042672248,118.0
greedy_potential,495,1962135971,137.0
greedy_potential,496,1895794837,142.0
greedy_potential,497,140167151,180.0
greedy_potential,498,1174906484,210.0
greedy_potential,499,1793123513,85.0
greedy_potential,500,181316223,115.0
greedy_potential,501,819940996,91.0
greedy_potential,502,1092418183,154.0
greedy_potential,503,699103886,148.0
greedy_potential,504,1493268086,130.0
greedy_potential,505,2134656235,115.0
greedy_potential,506,781393582,104.0
greedy_potential,507,1677593828,121.0
greedy_potential,508,251580340,95.0
greedy_potential,509,1042678770,95.0
greedy_potential,510,11507716,123.0
greedy_potential,511,907587570,136.0
greedy_potential,512,30122969,144.0
greedy_potential,513,1884478975,157.0
greedy_potential,514,2081748799,132.0
greedy_potential,515,186433517,138.0
greedy_potential,516,1756702899,169.0
greedy_potential,517,1521317695,148.0
greedy_potential,518,645939060,137.0
greedy_potential,519,1694696649,89.0
greedy_potential,520,2066547046,115.0
greedy_potential,521,1716261155,155.0
greedy_potential,522,1487200419,126.0
greedy_potential,523,692105470,146.0
greedy_potential,524,1302388738,116.0
greedy_potential,525,1710769617,95.0
greedy_potential,526,1534632091,110.0
greedy_potential,527,483889143,140.0
greedy_potential,528,884788597,118.0
greedy_potential,529,778050398,100.0
greedy_potential,530,1491964129,111.0
greedy_potential,531,896462994,196.0
greedy_potential,532,900767155,140.0
greedy_potential,533,1162669085,77.0
greedy_potential,534,1244199845,124.0
greedy_potential,535,241836004,106.0
greedy_potential,536,1986310577,96.0
greedy_potential,537,873913746,90.0
greedy_potential,538,376807921,90.0
greedy_potential,539,645726,110.0
greedy_potential,540,933735438,128.0
greedy_potential,541,1598545436,112.0
greedy_potential,542,636300172,62.0
greedy_potential,543,1829389590,128.0
greedy_potential,544,428669385,163.0
greedy_potential,545,298353508,115.0
greedy_potential,546,839878378,55.0
greedy_potential,547,1511368430,105.0
greedy_potential,548,643323833,106.0
greedy_potential,549,1763305454,110.0
greedy_potential,550,44846461,144.0
greedy_potential,551,2108460267,154.0
greedy_potential,552,101210932,170.0
greedy_potential,553,1812026434,133.0
greedy_potential,554,7592669,105.0
greedy_potential,555,910761742,46.0
greedy_potential,556,664542660,107.0
greedy_potential,557,2103865480,111.0
greedy_potential,558,1406364328,95.0
greedy_potential,559,2091615581,147.0
greedy_potential,560,890259339,140.0
greedy_potential,561,1081638075,126.0
greedy_potential,562,1078627882,136.0
greedy_potential,563,1618014120,182.0
greedy_potential,564,1093393903,140.0
greedy_potential,565,1962451447,79.0
greedy_potential,566,412216003,164.0
greedy_potential,567,1022518050,126.0
greedy_potential,568,529894209,116.0
greedy_potential,569,1854966827,130.0
greedy_potential,570,294976779,15.0
greedy_potential,571,1506607022,183.0
greedy_potential,572,1958199453,95.0
greedy_potential,573,631197532,172.0
greedy_potential,574,599538113,117.0
greedy_potential,575,1648520696,145.0
greedy_potential,576,1269833621,177.0
greedy_potential,577,1225536244,140.0
greedy_potential,578,1898703231,88.0
greedy_potential,579,201530931,89.0
greedy_potential,580,586415634,93.0
greedy_potential,581,840483065,81.0
greedy_potential,582,1970261970,134.0
greedy_potential,583,158357619,104.0
greedy_potential,584,972018089,139.0
greedy_potential,585,1022560766,134.0
greedy_potential,586,31166652,150.0
greedy_potential,587,920281800,91.0
greedy_potential,588,1393151830,93.0
greedy_potential,589,909969229,70.0
greedy_potential,590,656389835,109.0
greedy_potential,591,1259070421,101.0
greedy_potential,592,2106435001,102.0
greedy_potential,593,263476185,55.0
greedy_potential,594,614627890,133.0
greedy_potential,595,2005253464,61.0
greedy_potential,596,636542532,173.0
greedy_potential,597,1468987150,89.0
greedy_potential,598,754646726,116.0
greedy_potential,599,1769056995,168.0
greedy_potential,600,1257027453,122.0
greedy_potential,601,1925865980,161.0
greedy_potential,602,1369052290,159.0
greedy_potential,603,1252670261,148.0
greedy_potential,604,1049182741,159.0
greedy_potential,605,86367971,78.0
greedy_potential,606,259146963,139.0
greedy_potential,607,1527906319,133.0
greedy_potential,608,1373500221,104.0
greedy_potential,609,1221973716,89.0
greedy_potential,610,250978653,57.0
greedy_potential,611,1773729627,165.0
greedy_potential,612,1709792113,99.0
greedy_potential,613,1142805913,99.0
greedy_potential,614,546129952,173.0
greedy_potential,615,1746428395,139.0
greedy_potential,616,1120401407,148.0
greedy_potential,617,2141063300,121.0
greedy_potential,618,602431219,101.0
greedy_potential,619,752810724,67.0
greedy_potential,620,1725762600,82.0
greedy_potential,621,367265745,91.0
greedy_potential,622,691213915,160.0
greedy_potential,623,841115226,134.0
greedy_potential,624,1559527835,73.0
greedy_potential,625,1617162538,85.0
greedy_potential,626,1693159808,97.0
greedy_potential,627,943236948,170.0
greedy_potential,628,1321516690,162.0
greedy_potential,629,1263536662,132.0
greedy_potential,630,1658097530,79.0
greedy_potential,631,273500235,129.0
greedy_potential,632,683208708,98.0
greedy_potential,633,1559338365,60.0
greedy_potential,634,433243807,123.0
greedy_potential,635,601472377,194.0
greedy_potential,636,2101448338,109.0
greedy_potential,637,409348093,177.0
greedy_potential,638,2143332914,118.0
greedy_potential,639,1853171009,88.0
greedy_potential,640,335114981,196.0
greedy_potential,641,1212067303,175.0
greedy_potential,642,695215397,79.0
greedy_potential,643,1040453555,140.0
greedy_potential,644,1309583380,73.0
greedy_potential,645,1930209337,152.0
greedy_potential,646,1999946148,124.0
greedy_potential,647,184710299,146.0
greedy_potential,648,384379268,113.0
greedy_potential,649,1494980297,90.0
greedy_potential,650,442733243,51.0
greedy_potential,651,704336603,125.0
greedy_potential,652,1257265993,101.0
greedy_potential,653,376689569,133.0
greedy_potential,654,2135488785,39.0
greedy_potential,655,1449119065,137.0
greedy_potential,656,487971975,126.0
greedy_potential,657,779154206,69.0
greedy_potential,658,1391888844,151.0
greedy_potential,659,708445905,131.0
greedy_potential,660,1335149572,99.0
greedy_potential,661,2026532568,96.0
greedy_potential,662,784818245,141.0
greedy_potential,663,427989927,146.0
greedy_potential,664,613679012,72.0
greedy_potential,665,1099884554,166.0
greedy_potential,666,1193421926,111.0
greedy_potential,667,51567955,80.0
greedy_potential,668,1381206184,68.0
greedy_potential,669,350830303,111.0
greedy_potential,670,1352665113,101.0
greedy_potential,671,1897127283,150.0
greedy_potential,672,415380885,144.0
greedy_potential,673,1694896203,195.0
greedy_potential,674,73060872,148.0
greedy_potential,675,1195795108,142.0
greedy_potential,676,1432436442,131.0
greedy_potential,677,477715029,117.0
greedy_potential,678,1678406708,111.0
greedy_potential,679,1197753812,162.0
greedy_potential,680,897596910,133.0
greedy_potential,681,26084465,106.0
greedy_potential,682,289187332,74.0
greedy_potential,683,1531142162,147.0
greedy_potential,684,873929859,56.0
greedy_potential,685,1539210365,94.0
greedy_potential,686,2063825496,123.0
greedy_potential,687,1387371122,157.0
greedy_potential,688,1592700838,85.0
greedy_potential,689,1312839826,141.0
greedy_potential,690,644623455,97.0
greedy_potential,691,158304833,41.0
greedy_potential,692,1316683214,138.0
greedy_potential,693,529152788,48.0
greedy_potential,694,259701710,83.0
greedy_potential,695,1233467465,83.0
greedy_potential,696,1310220351,146.0
greedy_potential,697,846509633,26.0
greedy_potential,698,1352139329,148.0
greedy_potential,699,2130353660,114.0
greedy_potential,700,1628300042,142.0
greedy_potential,701,1983728048,102.0
greedy_potential,702,145712547,163.0
greedy_potential,703,326434484,98.0
greedy_potential,704,769900509,172.0
greedy_potential,705,1266930724,154.0
greedy_potential,706,1493609600,154.0
greedy_potential,707,1495110554,90.0
greedy_potential,708,1946661503,85.0
greedy_potential,709,293224748,103.0
greedy_potential,710,368267277,180.0
greedy_potential,711,671294040,148.0
greedy_potential,712,360202605,123.0
greedy_potential,713,1537421868,157.0
greedy_potential,714,884754811,111.0
greedy_potential,715,1935114894,145.0
greedy_potential,716,609282018,146.0
greedy_potential,717,733886752,83.0
greedy_potential,718,641890153,121.0
greedy_potential,719,513127713,82.0
greedy_potential,720,1805205897,133.0
greedy_potential,721,1764784886,92.0
greedy_potential,722,635042477,160.0
greedy_potential,723,1256240739,127.0
greedy_potential,724,1886651986,121.0
greedy_potential,725,1023465841,138.0
greedy_potential,726,1938097305,133.0
greedy_potential,727,550077981,129.0
greedy_potential,728,485126279,133.0
greedy_potential,729,156032615,78.0
greedy_potential,730,1356092478,104.0
greedy_potential,731,38421533,124.0
greedy_potential,732,382256943,124.0
greedy_potential,733,1245476478,109.0
greedy_potential,734,946263127,63.0
greedy_potential,735,410406186,135.0
greedy_potential,736,1100944843,112.0
greedy_potential,737,2094941118,106.0
greedy_potential,738,2111460460,84.0
greedy_potential,739,230805589,81.0
greedy_potential,740,1617478719,62.0
greedy_potential,741,970853279,153.0
greedy_potential,742,1000233456,71.0
greedy_potential,743,847525460,83.0
greedy_potential,744,1797160854,128.0
greedy_potential,745,498885093,105.0
greedy_potential,746,1255570839,91.0
greedy_potential,747,1607940674,107.0
greedy_potential,748,889904399,99.0
greedy_potential,749,1382345449,164.0
greedy_potential,750,254368654,154.0
greedy_potential,751,1558552760,74.0
greedy_potential,752,652360611,71.0
greedy_potential,753,177830062,145.0
greedy_potential,754,634352408,108.0
greedy_potential,755,757510716,89.0
greedy_potential,756,1384402027,69.0
greedy_potential,757,1116333025,87.0
greedy_potential,758,1789070742,88.0
greedy_potential,759,916376677,83.0
greedy_potential,760,1904168042,97.0
greedy_potential,761,87225549,143.0
greedy_potential,762,697978994,128.0
greedy_potential,763,416670786,72.0
greedy_potential,764,820925147,151.0
greedy_potential,765,2029424978,132.0
greedy_potential,766,290390494,127.0
greedy_potential,767,349115825,151.0
greedy_potential,768,876472099,171.0
greedy_potential,769,1829768450,48.0
greedy_potential,770,17438250,105.0
greedy_potential,771,1765526104,90.0
greedy_potential,772,1673839949,117.0
greedy_potential,773,840296944,113.0
greedy_potential,774,92081475,60.0
greedy_potential,775,1002409975,127.0
greedy_potential,776,1506000340,102.0
greedy_potential,777,1769530406,113.0
greedy_potential,778,340314366,85.0
greedy_potential,779,1461762752,150.0
greedy_potential,780,1191646889,127.0
greedy_potential,781,1797322987,134.0
greedy_potential,782,1525204830,131.0
greedy_potential,783,1626926278,145.0
greedy_potential,784,1835955388,145.0
greedy_potential,785,1484494197,188.0
greedy_potential,786,846921924,94.0
greedy_potential,787,1960596962,131.0
greedy_potential,788,1195672265,176.0
greedy_potential,789,1766964862,131.0
greedy_potential,790,220808120,115.0
greedy_potential,791,384534193,119.0
greedy_potential,792,1175220634,72.0
greedy_potential,793,1606799394,98.0
greedy_potential,794,2042193668,88.0
greedy_potential,795,186146723,73.0
greedy_potential,796,1847567195,161.0
greedy_potential,797,914519311,98.0
greedy_potential,798,2040634360,134.0
greedy_potential,799,852018189,136.0
greedy_potential,800,1974313088,95.0
greedy_potential,801,434152675,130.0
greedy_potential,802,736375715,121.0
greedy_potential,803,2014135883,85.0
greedy_potential,804,2114677001,133.0
greedy_potential,805,203531366,100.0
greedy_potential,806,312383339,82.0
greedy_potential,807,10521413,181.0
greedy_potential,808,2007520119,142.0
greedy_potential,809,693467144,60.0
greedy_potential,810,1139849125,140.0
greedy_potential,811,2127608080,147.0
greedy_potential,812,1801460860,186.0
greedy_potential,813,568428459,139.0
greedy_potential,814,801859849,72.0
greedy_potential,815,1783902350,108.0
greedy_potential,816,1061961621,141.0
greedy_potential,817,371758704,143.0
greedy_potential,818,2021463056,76.0
greedy_potential,819,1259237927,142.0
greedy_potential,820,1667716325,86.0
greedy_potential,821,2058168374,107.0
greedy_potential,822,1312796538,65.0
greedy_potential,823,1538700453,169.0
greedy_potential,824,1844212931,89.0
greedy_potential,825,2105624842,130.0
greedy_potential,826,1152712767,58.0
greedy_potential,827,1233851007,130.0
greedy_potential,828,1436026797,140.0
greedy_potential,829,2111695201,79.0
greedy_potential,830,969140808,40.0
greedy_potential,831,1797544812,116.0
greedy_potential,832,596561611,144.0
greedy_potential,833,1671275338,125.0
greedy_potential,834,239728442,122.0
greedy_potential,835,1908017502,133.0
greedy_potential,836,730280731,110.0
greedy_potential,837,1356117706,103.0
greedy_potential,838,303332141,85.0
greedy_potential,839,765287035,121.0
greedy_potential,840,205869495,80.0
greedy_potential,841,1134477900,137.0
greedy_potential,842,2119161086,116.0
greedy_potential,843,486405895,167.0
greedy_potential,844,577453054,143.0
greedy_potential,845,1669763290,145.0
greedy_potential,846,404875524,113.0
greedy_potential,847,365240800,99.0
greedy_potential,848,463177354,172.0
greedy_potential,849,1239523156,121.0
greedy_potential,850,1081694326,91.0
greedy_potential,851,1150834187,116.0
greedy_potential,852,58832247,72.0
greedy_potential,853,1442900282,140.0
greedy_potential,854,673292751,117.0
greedy_potential,855,1633132534,155.0
greedy_potential,856,1789505226,24.0
greedy_potential,857,235853588,118.0
greedy_potential,858,633033279,168.0
greedy_potential,859,1342050495,110.0
greedy_potential,860,375429809,106.0
greedy_potential,861,888963488,106.0
greedy_potential,862,751854142,161.0
greedy_potential,863,1318987538,96.0
greedy_potential,864,1597079899,78.0
greedy_potential,865,1490320457,163.0
greedy_potential,866,681822850,144.0
greedy_potential,867,1257307835,152.0
greedy_potential,868,1722119280,95.0
greedy_potential,869,1573860864,114.0
greedy_potential,870,1692113894,106.0
greedy_potential,871,1116745735,168.0
greedy_potential,872,1248530885,99.0
greedy_potential,873,994001050,73.0
greedy_potential,874,1315297668,169.0
greedy_potential,875,615831448,110.0
greedy_potential,876,987067693,115.0
greedy_potential,877,492099463,91.0
greedy_potential,878,1082938568,95.0
greedy_potential,879,1493149902,131.0
greedy_potential,880,1686683774,150.0
greedy_potential,881,1494028752,154.0
greedy_potential,882,374472387,123.0
greedy_potential,883,419795499,150.0
greedy_potential,884,802845225,128.0
greedy_potential,885,2087004959,118.0
greedy_potential,886,59780923,105.0
greedy_potential,887,1441285325,118.0
greedy_potential,888,631597703,106.0
greedy_potential,889,1140777937,116.0
greedy_potential,890,186700091,106.0
greedy_potential,891,1806410311,198.0
greedy_potential,892,1874322889,125.0
greedy_potential,893,1044794674,77.0
greedy_potential,894,1674763081,166.0
greedy_potential,895,1022083825,167.0
greedy_potential,896,1561308310,133.0
greedy_potential,897,554640050,170.0
greedy_potential,898,683416295,78.0
greedy_potential,899,335298392,132.0
greedy_potential,900,975234078,94.0
greedy_potential,901,1528193555,151.0
greedy_potential,902,1678435637,183.0
greedy_potential,903,1812714500,133.0
greedy_potential,904,409965907,143.0
greedy_potential,905,1455561791,156.0
greedy_potential,906,580302179,116.0
greedy_potential,907,792038175,102.0
greedy_potential,908,795767121,191.0
greedy_potential,909,1236353775,139.0
greedy_potential,910,1263252595,79.0
greedy_potential,911,1209919073,116.0
greedy_potential,912,139368607,92.0
greedy_potential,913,2011260348,156.0
greedy_potential,914,1830209564,116.0
greedy_potential,915,832524030,117.0
greedy_potential,916,1227570255,174.0
greedy_potential,917,353868050,63.0
greedy_potential,918,1363133090,178.0
greedy_potential,919,1883199047,143.0
greedy_potential,920,1993590360,93.0
greedy_potential,921,1921414815,132.0
greedy_potential,922,118372896,34.0
greedy_potential,923,103649575,126.0
greedy_potential,924,1582421304,121.0
greedy_potential,925,425682864,138.0
greedy_potential,926,406030753,180.0
greedy_potential,927,1366408740,174.0
greedy_potential,928,128117409,117.0
greedy_potential,929,1694032071,154.0
greedy_potential,930,384236439,105.0
greedy_potential,931,1302862236,142.0
greedy_potential,932,1353983433,98.0
greedy_potential,933,411434665,75.0
greedy_potential,934,861286954,110.0
greedy_potential,935,252633358,115.0
greedy_potential,936,2106550991,185.0
greedy_potential,937,1086567956,60.0
greedy_potential,938,318074429,178.0
greedy_potential,939,1751295262,163.0
greedy_potential,940,1588477391,123.0
greedy_potential,941,466148221,113.0
greedy_potential,942,727895293,142.0
greedy_potential,943,161346233,87.0
greedy_potential,944,1195507444,114.0
greedy_potential,945,1183360116,185.0
greedy_potential,946,113615205,123.0
greedy_potential,947,411924188,132.0
greedy_potential,948,976210525,201.0
greedy_potential,949,144791336,153.0
greedy_potential,950,1593074256,158.0
greedy_potential,951,1660573078,96.0
greedy_potential,952,1524180917,122.0
greedy_potential,953,1763570706,120.0
greedy_potential,954,1720259465,148.0
greedy_potential,955,855419081,72.0
greedy_potential,956,965291152,149.0
greedy_potential,957,631524174,127.0
greedy_potential,958,365427907,127.0
greedy_potential,959,595112578,165.0
greedy_potential,960,1553182713,139.0
greedy_potential,961,775180233,136.0
greedy_potential,962,2140580276,113.0
greedy_potential,963,1238899728,129.0
greedy_potential,964,1428626064,133.0
greedy_potential,965,1133484985,127.0
greedy_potential,966,1711780689,156.0
greedy_potential,967,763106555,119.0
greedy_potential,968,1314870853,57.0
greedy_potential,969,1368851128,205.0
greedy_potential,970,1859547262,128.0
greedy_potential,971,1451199530,117.0
greedy_potential,972,1284319632,116.0
greedy_potential,973,1198894910,145.0
greedy_potential,974,117890804,140.0
greedy_potential,975,831709496,96.0
greedy_potential,976,670017791,148.0
greedy_potential,977,1339821021,83.0
greedy_potential,978,678567611,119.0
greedy_potential,979,1271101547,116.0
greedy_potential,980,1070586812,197.0
greedy_potential,981,730839918,98.0
greedy_potential,982,1088807710,151.0
greedy_potential,983,651119216,111.0
greedy_potential,984,464923196,137.0
greedy_potential,985,1171986792,125.0
greedy_potential,986,2123252827,158.0
greedy_potential,987,1314993870,174.0
greedy_potential,988,1325045124,90.0
greedy_potential,989,1311679658,129.0
greedy_potential,990,1894174780,162.0
greedy_potential,991,822138363,66.0
greedy_potential,992,910435505,94.0
greedy_potential,993,1214990213,132.0
greedy_potential,994,1199307439,127.0
greedy_potential,995,2116924171,104.0
greedy_potential,996,386336714,83.0
greedy_potential,997,919175655,103.0
greedy_potential,998,452654723,112.0
greedy_potential,999,1810360313,114.0
greedy_potential,1000,1188373858,110.0
greedy_potential,1001,174641296,111.0
greedy_potential,1002,397629223,43.0
greedy_potential,1003,1879538362,109.0
greedy_potential,1004,950801595,123.0
greedy_potential,1005,2022298569,185.0
greedy_potential,1006,197324348,79.0
greedy_potential,1007,562348691,92.0
greedy_potential,1008,1175467881,118.0
greedy_potential,1009,25987591,131.0
greedy_potential,1010,839699341,143.0
greedy_potential,1011,1037252669,79.0
greedy_potential,1012,510691698,151.0
greedy_potential,1013,392371585,54.0
greedy_potential,1014,1990041840,113.0
greedy_potential,1015,2086562229,113.0
greedy_potential,1016,1074274468,85.0
greedy_potential,1017,1927792709,100.0
greedy_potential,1018,1043865367,162.0
greedy_potential,1019,2063012132,149.0
greedy_potential,1020,92871109,91.0
greedy_potential,1021,1296800214,179.0
greedy_potential,1022,90643067,57.0
greedy_potential,1023,1106298463,140.0
greedy_potential,1024,1897399387,160.0
greedy_potential,1025,1788247963,97.0
greedy_potential,1026,459071586,161.0
greedy_potential,1027,1400908735,135.0
greedy_potential,1028,358780876,169.0
greedy_potential,1029,533773545,106.0
greedy_potential,1030,916810175,201.0
greedy_potential,1031,2006363988,94.0
greedy_potential,1032,1441274222,87.0
greedy_potential,1033,944247378,99.0
greedy_potential,1034,441413443,69.0
greedy_potential,1035,1661199350,126.0
greedy_potential,1036,1268315566,137.0
greedy_potential,1037,1075756070,178.0
greedy_potential,1038,1404343317,77.0
greedy_potential,1039,393754533,92.0
greedy_potential,1040,1962426203,132.0
greedy_potential,1041,635498064,155.0
greedy_potential,1042,1027177638,84.0
greedy_potential,1043,1233537732,106.0
greedy_potential,1044,375640543,104.0
greedy_potential,1045,307094637,113.0
greedy_potential,1046,1019727150,75.0
greedy_potential,1047,29501826,58.0
greedy_potential,1048,1297841315,118.0
greedy_potential,1049,931774308,107.0
greedy_potential,1050,513334963,122.0
greedy_potential,1051,1636805962,53.0
greedy_potential,1052,700559671,107.0
greedy_potential,1053,1318892701,101.0
greedy_potential,1054,450124998,167.0
greedy_potential,1055,696099041,140.0
greedy_potential,1056,1345323893,107.0
greedy_potential,1057,1540263187,165.0
greedy_potential,1058,1375129957,119.0
greedy_potential,1059,1040487251,177.0
greedy_potential,1060,540535454,132.0
greedy_potential,1061,2146412809,196.0
greedy_potential,1062,1956725083,101.0
greedy_potential,1063,1666515282,136.0
greedy_potential,1064,626098422,135.0
greedy_potential,1065,1783767436,154.0
greedy_potential,1066,1242589652,79.0
greedy_potential,1067,557377031,137.0
greedy_potential,1068,1677595201,127.0
greedy_potential,1069,327050941,50.0
greedy_potential,1070,1244513964,84.0
greedy_potential,1071,428001885,106.0
greedy_potential,1072,158524869,114.0
greedy_potential,1073,928281942,104.0
greedy_potential,1074,959837937,147.0
greedy_potential,1075,1099831858,145.0
greedy_potential,1076,12539184,143.0
greedy_potential,1077,417920391,74.0
greedy_potential,1078,176454373,142.0
greedy_potential,1079,1674918641,114.0
greedy_potential,1080,106358874,155.0
greedy_potential,1081,1864941702,72.0
greedy_potential,1082,457800709,167.0
greedy_potential,1083,678615539,111.0
greedy_potential,1084,723218627,78.0
greedy_potential,1085,1091059553,222.0
greedy_potential,1086,784473433,113.0
greedy_potential,1087,1276409738,62.0
greedy_potential,1088,812556558,134.0
greedy_potential,1089,1551295315,188.0
greedy_potential,1090,2125053280,143.0
greedy_potential,1091,316694683,141.0
greedy_potential,1092,256334513,124.0
greedy_potential,1093,603166011,134.0
greedy_potential,1094,435835237,33.0
greedy_potential,1095,1569179176,209.0
greedy_potential,1096,1557752379,148.0
greedy_potential,1097,1220183702,165.0
greedy_potential,1098,2132570010,129.0
greedy_potential,1099,1932618874,173.0
greedy_potential,1100,2108361975,73.0
greedy_potential,1101,961768508,114.0
greedy_potential,1102,1189476410,123.0
greedy_potential,1103,873194435,77.0
greedy_potential,1104,606286067,25.0
greedy_potential,1105,658219237,129.0
greedy_potential,1106,1596688606,112.0
greedy_potential,1107,496868815,163.0
greedy_potential,1108,314786738,179.0
greedy_potential,1109,1397510061,78.0
greedy_potential,1110,1154216559,150.0
greedy_potential,1111,568408860,118.0
greedy_potential,1112,651248695,100.0
greedy_potential,1113,1851722579,119.0
greedy_potential,1114,87346764,122.0
greedy_potential,1115,581213003,155.0
greedy_potential,1116,1199649634,156.0
greedy_potential,1117,1446028796,146.0
greedy_potential,1118,1232144873,166.0
greedy_potential,1119,1220166152,172.0
greedy_potential,1120,1660833422,164.0
greedy_potential,1121,1349604990,110.0
greedy_potential,1122,1349724428,122.0
greedy_potential,1123,1922892882,176.0
greedy_potential,1124,1629534575,146.0
greedy_potential,1125,365047419,108.0
greedy_potential,1126,2077685253,151.0
greedy_potential,1127,321726434,139.0
greedy_potential,1128,2029144591,160.0
greedy_potential,1129,261783026,141.0
greedy_potential,1130,2108833679,135.0
greedy_potential,1131,164151546,122.0
greedy_potential,1132,1904109614,157.0
greedy_potential,1133,1147252386,89.0
greedy_potential,1134,1209926187,127.0
greedy_potential,1135,355904938,129.0
greedy_potential,1136,282508792,103.0
greedy_potential,1137,1733379930,107.0
greedy_potential,1138,524113175,165.0
greedy_potential,1139,48555744,59.0
greedy_potential,1140,976697473,138.0
greedy_potential,1141,804462345,87.0
greedy_potential,1142,968994524,108.0
greedy_potential,1143,1016197790,126.0
greedy_potential,1144,140479874,166.0
greedy_potential,1145,464990984,136.0
greedy_potential,1146,579305194,78.0
greedy_potential,1147,764302786,74.0
greedy_potential,1148,909662760,44.0
greedy_potential,1149,478440964,87.0
greedy_potential,1150,1720687798,66.0
greedy_potential,1151,605221249,183.0
greedy_potential,1152,940878817,141.0
greedy_potential,1153,1990440445,156.0
greedy_potential,1154,2142165920,104.0
greedy_potential,1155,895877276,142.0
greedy_potential,1156,832694851,95.0
greedy_potential,1157,828638651,116.0
greedy_potential,1158,763401035,146.0
greedy_potential,1159,1312487141,105.0
greedy_potential,1160,1373420420,138.0
greedy_potential,1161,1426233776,158.0
greedy_potential,1162,1675640649,222.0
greedy_potential,1163,1417933082,51.0
greedy_potential,1164,579553631,139.0
greedy_potential,1165,182018495,112.0
greedy_potential,1166,884861711,140.0
greedy_potential,1167,1249626272,115.0
greedy_potential,1168,1967942182,127.0
greedy_potential,1169,1580383895,108.0
greedy_potential,1170,683478958,83.0
greedy_potential,1171,1708470056,130.0
greedy_potential,1172,1407340574,116.0
greedy_potential,1173,1263867681,59.0
greedy_potential,1174,1838524589,175.0
greedy_potential,1175,280403506,146.0
greedy_potential,1176,1058952260,116.0
greedy_potential,1177,179830975,70.0
greedy_potential,1178,1592378060,107.0
greedy_potential,1179,693752522,91.0
greedy_potential,1180,1660016341,122.0
greedy_potential,1181,1991917374,130.0
greedy_potential,1182,1838555717,136.0
greedy_potential,1183,1014938414,118.0
greedy_potential,1184,1332490406,131.0
greedy_potential,1185,1923015571,115.0
greedy_potential,1186,247282820,75.0
greedy_potential,1187,987144445,113.0
greedy_potential,1188,629618264,210.0
greedy_potential,1189,1621603785,111.0
greedy_potential,1190,2121396109,76.0
greedy_potential,1191,1041802676,111.0
greedy_potential,1192,973520221,161.0
greedy_potential,1193,1521926516,133.0
greedy_potential,1194,546476013,122.0
greedy_potential,1195,681137309,120.0
greedy_potential,1196,356613291,84.0
greedy_potential,1197,1910971101,138.0
greedy_potential,1198,1088655736,109.0
greedy_potential,1199,570603732,146.0
greedy_potential,1200,1334588899,152.0
greedy_potential,1201,13264638,130.0
greedy_potential,1202,785908892,143.0
greedy_potential,1203,1548691732,87.0
greedy_potential,1204,2068249059,113.0
greedy_potential,1205,1452997019,135.0
greedy_potential,1206,270078281,118.0
greedy_potential,1207,1410685121,138.0
greedy_potential,1208,1536529377,162.0
greedy_potential,1209,1476212475,157.0
greedy_potential,1210,299848981,161.0
greedy_potential,1211,1258992805,154.0
greedy_potential,1212,836097736,95.0
greedy_potential,1213,247559666,161.0
greedy_potential,1214,2112659905,95.0
greedy_potential,1215,1437104049,164.0
greedy_potential,1216,1803898121,95.0
greedy_potential,1217,14170221,132.0
greedy_potential,1218,895342327,136.0
greedy_potential,1219,392652092,90.0
greedy_potential,1220,1947031888,47.0
greedy_potential,1221,903829492,120.0
greedy_potential,1222,1423684745,128.0
greedy_potential,1223,812542056,163.0
greedy_potential,1224,2005066142,87.0
greedy_potential,1225,255475740,111.0
greedy_potential,1226,278816511,130.0
greedy_potential,1227,916884472,87.0
greedy_potential,1228,1253958850,146.0
greedy_potential,1229,1339207832,56.0
greedy_potential,1230,1863455860,155.0
greedy_potential,1231,810596546,40.0
greedy_potential,1232,2038637517,139.0
greedy_potential,1233,1521491053,107.0
greedy_potential,1234,1231566532,165.0
greedy_potential,1235,495901423,140.0
greedy_potential,1236,1593244351,86.0
greedy_potential,1237,308862419,109.0
greedy_potential,1238,123556460,163.0
greedy_potential,1239,1608250169,165.0
greedy_potential,1240,522418958,105.0
greedy_potential,1241,1436082722,121.0
greedy_potential,1242,1206567758,98.0
greedy_potential,1243,922066542,111.0
greedy_potential,1244,976664938,66.0
greedy_potential,1245,293705507,143.0
greedy_potential,1246,654866803,72.0
greedy_potential,1247,1425249976,172.0
greedy_potential,1248,816569873,108.0
greedy_potential,1249,1610517708,118.0
greedy_potential,1250,2033843632,152.0
greedy_potential,1251,352064166,146.0
greedy_potential,1252,410462965,138.0
greedy_potential,1253,1480264207,107.0
greedy_potential,1254,546529668,86.0
greedy_potential,1255,763724827,145.0
greedy_potential,1256,1958521102,62.0
greedy_potential,1257,1965202260,129.0
greedy_potential,1258,1984483513,145.0
greedy_potential,1259,1613919188,70.0
greedy_potential,1260,103607450,81.0
greedy_potential,1261,587833211,171.0
greedy_potential,1262,1356374191,127.0
greedy_potential,1263,2014396181,135.0
greedy_potential,1264,552654764,117.0
greedy_potential,1265,54186930,98.0
greedy_potential,1266,1503562949,164.0
greedy_potential,1267,396906548,93.0
greedy_potential,1268,1894460404,89.0
greedy_potential,1269,519482674,50.0
greedy_potential,1270,271886261,69.0
greedy_potential,1271,1572130007,72.0
greedy_potential,1272,440653675,109.0
greedy_potential,1273,1129937240,72.0
greedy_potential,1274,2086656614,54.0
greedy_potential,1275,997238594,141.0
greedy_potential,1276,636121197,122.0
greedy_potential,1277,477886705,106.0
greedy_potential,1278,1061186134,112.0
greedy_potential,1279,1624500748,130.0
greedy_potential,1280,1575442966,104.0
greedy_potential,1281,251484095,74.0
greedy_potential,1282,1270416916,120.0
greedy_potential,1283,531161225,72.0
greedy_potential,1284,787334591,106.0
greedy_potential,1285,1731645599,69.0
greedy_potential,1286,1772935928,94.0
greedy_potential,1287,968617053,118.0
greedy_potential,1288,532710756,167.0
greedy_potential,1289,1882951750,180.0
greedy_potential,1290,1835401190,115.0
greedy_potential,1291,1292063824,150.0
greedy_potential,1292,897899418,131.0
greedy_potential,1293,1695534217,166.0
greedy_potential,1294,845974056,116.0
greedy_potential,1295,402445463,118.0
greedy_potential,1296,2041107446,102.0
greedy_potential,1297,679081289,101.0
greedy_potential,1298,1480075886,84.0
greedy_potential,1299,808970085,138.0
greedy_potential,1300,2088449069,175.0
greedy_potential,1301,1061284712,137.0
greedy_potential,1302,1222830594,150.0
greedy_potential,1303,1014615208,141.0
greedy_potential,1304,1897300243,47.0
greedy_potential,1305,1766232623,151.0
greedy_potential,1306,1157638765,85.0
greedy_potential,1307,371923834,96.0
greedy_potential,1308,728005477,122.0
greedy_potential,1309,1828552077,133.0
greedy_potential,1310,2095817265,80.0
greedy_potential,1311,1909212377,121.0
greedy_potential,1312,2062390879,134.0
greedy_potential,1313,162175893,91.0
greedy_potential,1314,902652305,111.0
greedy_potential,1315,20165664,69.0
greedy_potential,1316,143195844,119.0
greedy_potential,1317,628682221,73.0
greedy_potential,1318,1243466046,106.0
greedy_potential,1319,860592835,94.0
greedy_potential,1320,874970510,201.0
greedy_potential,1321,2084024231,78.0
greedy_potential,1322,2143083161,86.0
greedy_potential,1323,153348793,84.0
greedy_potential,1324,747669488,147.0
greedy_potential,1325,1677840280,108.0
greedy_potential,1326,776557818,170.0
greedy_potential,1327,1020967313,195.0
greedy_potential,1328,1109946743,82.0
greedy_potential,1329,278901270,138.0
greedy_potential,1330,966505138,111.0
greedy_potential,1331,786151476,103.0
greedy_potential,1332,886684139,107.0
greedy_potential,1333,817979542,136.0
greedy_potential,1334,5726271,126.0
greedy_potential,1335,523067961,66.0
greedy_potential,1336,1487643066,151.0
greedy_potential,1337,632141355,110.0
greedy_potential,1338,2125158589,91.0
greedy_potential,1339,901768822,144.0
greedy_potential,1340,777841243,155.0
greedy_potential,1341,2066440609,125.0
greedy_potential,1342,429177103,179.0
greedy_potential,1343,985395568,155.0
greedy_potential,1344,1732949829,98.0
greedy_potential,1345,2040399400,124.0
greedy_potential,1346,1998237881,112.0
greedy_potential,1347,65567123,145.0
greedy_potential,1348,1078211638,83.0
greedy_potential,1349,141970698,69.0
greedy_potential,1350,914560764,133.0
greedy_potential,1351,59734203,145.0
greedy_potential,1352,608515553,70.0
greedy_potential,1353,1430105220,94.0
greedy_potential,1354,1812090125,82.0
greedy_potential,1355,472946102,74.0
greedy_potential,1356,876247960,146.0
greedy_potential,1357,1237852912,132.0
greedy_potential,1358,1656139107,123.0
greedy_potential,1359,1708035769,75.0
greedy_potential,1360,2138631294,161.0
greedy_potential,1361,712564963,102.0
greedy_potential,1362,1178552782,197.0
greedy_potential,1363,527588397,54.0
greedy_potential,1364,13605525,105.0
greedy_potential,1365,1557803078,167.0
greedy_potential,1366,988321588,119.0
greedy_potential,1367,1021982728,137.0
greedy_potential,1368,1101938571,157.0
greedy_potential,1369,320426348,83.0
greedy_potential,1370,1561631560,123.0
greedy_potential,1371,187786959,136.0
greedy_potential,1372,145716385,176.0
greedy_potential,1373,1583055153,49.0
greedy_potential,1374,816005889,113.0
greedy_potential,1375,1847721418,141.0
greedy_potential,1376,1774422440,38.0
greedy_potential,1377,1912038002,103.0
greedy_potential,1378,420695118,138.0
greedy_potential,1379,1095407801,147.0
greedy_potential,1380,2057334841,125.0
greedy_potential,1381,329541171,86.0
greedy_potential,1382,1795408317,88.0
greedy_potential,1383,484595602,111.0
greedy_potential,1384,643493836,99.0
greedy_potential,1385,973935135,144.0
greedy_potential,1386,1057774156,118.0
greedy_potential,1387,1829349779,151.0
greedy_potential,1388,1806234937,160.0
greedy_potential,1389,1396288323,180.0
greedy_potential,1390,966813445,78.0
greedy_potential,1391,588854955,96.0
greedy_potential,1392,581435541,129.0
greedy_potential,1393,1623365870,123.0
greedy_potential,1394,787110923,133.0
greedy_potential,1395,935100655,177.0
greedy_potential,1396,637537969,191.0
greedy_potential,1397,2110469501,101.0
greedy_potential,1398,869591021,130.0
greedy_potential,1399,920684516,183.0
greedy_potential,1400,1871181142,168.0
greedy_potential,1401,1797865468,102.0
greedy_potential,1402,270725422,124.0
greedy_potential,1403,31227915,176.0
greedy_potential,1404,1861661986,153.0
greedy_potential,1405,1542368421,91.0
greedy_potential,1406,1980419325,169.0
greedy_potential,1407,855725939,197.0
greedy_potential,1408,463710772,50.0
greedy_potential,1409,1071614328,128.0
greedy_potential,1410,367619846,97.0
greedy_potential,1411,426975154,88.0
greedy_potential,1412,1530882847,125.0
greedy_potential,1413,1996110775,114.0
greedy_potential,1414,604909076,110.0
greedy_potential,1415,428734401,65.0
greedy_potential,1416,1870826181,99.0
greedy_potential,1417,1205998262,18.0
greedy_potential,1418,1441168111,73.0
greedy_potential,1419,1282789957,80.0
greedy_potential,1420,1540939945,145.0
greedy_potential,1421,1843493221,101.0
greedy_potential,1422,187219305,128.0
greedy_potential,1423,1002158762,133.0
greedy_potential,1424,1764836703,80.0
greedy_potential,1425,1782177954,133.0
greedy_potential,1426,1806719698,119.0
greedy_potential,1427,1125059303,249.0
greedy_potential,1428,539977091,109.0
greedy_potential,1429,2053713042,128.0
greedy_potential,1430,2013264950,109.0
greedy_potential,1431,1538903603,162.0
greedy_potential,1432,936067461,94.0
greedy_potential,1433,1958731132,143.0
greedy_potential,1434,658896624,124.0
greedy_potential,1435,2023703832,132.0
greedy_potential,1436,1562866299,41.0
greedy_potential,1437,1722810501,190.0
greedy_potential,1438,1545023491,113.0
greedy_potential,1439,262782304,92.0
greedy_potential,1440,222595588,104.0
greedy_potential,1441,267208379,95.0
greedy_potential,1442,2052207095,119.0
greedy_potential,1443,1323369080,144.0
greedy_potential,1444,1974161620,106.0
greedy_potential,1445,582411915,95.0
greedy_potential,1446,1138658127,91.0
greedy_potential,1447,827108317,62.0
greedy_potential,1448,1550035240,99.0
greedy_potential,1449,373293166,145.0
greedy_potential,1450,1679968577,146.0
greedy_potential,1451,1636751182,108.0
greedy_potential,1452,1427485836,193.0
greedy_potential,1453,1835019844,125.0
greedy_potential,1454,2144465877,78.0
greedy_potential,1455,285195764,124.0
greedy_potential,1456,1786184807,145.0
greedy_potential,1457,1109894574,149.0
greedy_potential,1458,1796957385,45.0
greedy_potential,1459,848283807,78.0
greedy_potential,1460,142972580,158.0
greedy_potential,1461,1696544976,140.0
greedy_potential,1462,312436814,182.0
greedy_potential,1463,998563360,117.0
greedy_potential,1464,1529564832,148.0
greedy_potential,1465,1569400481,192.0
greedy_potential,1466,101732488,76.0
greedy_potential,1467,1215698817,136.0
greedy_potential,1468,188198385,89.0
greedy_potential,1469,2100771827,201.0
greedy_potential,1470,1108782141,191.0
greedy_potential,1471,901155168,86.0
greedy_potential,1472,863055636,104.0
greedy_potential,1473,2121007041,99.0
greedy_potential,1474,1590397258,133.0
greedy_potential,1475,892147563,134.0
greedy_potential,1476,1563258461,152.0
greedy_potential,1477,392277941,63.0
greedy_potential,1478,858296908,160.0
greedy_potential,1479,1679506287,83.0
greedy_potential,1480,1736378460,168.0
greedy_potential,1481,583512113,143.0
greedy_potential,1482,1060530195,141.0
greedy_potential,1483,1214949032,107.0
greedy_potential,1484,1838408131,101.0
greedy_potential,1485,1387306819,141.0
greedy_potential,1486,1121258845,91.0
greedy_potential,1487,428803646,177.0
greedy_potential,1488,1058046379,94.0
greedy_potential,1489,73888331,114.0
greedy_potential,1490,1399193542,112.0
greedy_potential,1491,2119637964,133.0
greedy_potential,1492,1272102722,137.0
greedy_potential,1493,1755331965,78.0
greedy_potential,1494,846744150,87.0
greedy_potential,1495,265655011,178.0
greedy_potential,1496,830481064,155.0
greedy_potential,1497,1821000484,198.0
greedy_potential,1498,1359448513,125.0
greedy_potential,1499,554330386,133.0
greedy_potential,1500,1648647049,74.0
greedy_potential,1501,531039935,161.0
greedy_potential,1502,538074083,106.0
greedy_potential,1503,1659180977,128.0
greedy_potential,1504,658391309,155.0
greedy_potential,1505,1626422536,42.0
greedy_potential,1506,2145634501,125.0
greedy_potential,1507,1816679561,166.0
greedy_potential,1508,1730729211,93.0
greedy_potential,1509,293457951,93.0
greedy_potential,1510,1145614524,135.0
greedy_potential,1511,1605429085,100.0
greedy_potential,1512,1897165195,80.0
greedy_potential,1513,1008939086,204.0
greedy_potential,1514,464159963,91.0
greedy_potential,1515,699829289,154.0
greedy_potential,1516,926103463,61.0
greedy_potential,1517,1576903421,173.0
greedy_potential,1518,335342570,141.0
greedy_potential,1519,1814930945,74.0
greedy_potential,1520,2098545251,152.0
greedy_potential,1521,692479203,79.0
greedy_potential,1522,1931737444,107.0
greedy_potential,1523,332455285,171.0
greedy_potential,1524,401624801,27.0
greedy_potential,1525,2129626715,149.0
greedy_potential,1526,1261356746,88.0
greedy_potential,1527,1973945470,97.0
greedy_potential,1528,1062826723,104.0
greedy_potential,1529,622429129,120.0
greedy_potential,1530,543383985,197.0
greedy_potential,1531,1748941408,155.0
greedy_potential,1532,198086111,124.0
greedy_potential,1533,192614727,84.0
greedy_potential,1534,1314453106,114.0
greedy_potential,1535,1959677413,138.0
greedy_potential,1536,507857374,75.0
greedy_potential,1537,1663553007,77.0
greedy_potential,1538,1471362574,149.0
greedy_potential,1539,422760319,158.0
greedy_potential,1540,1501934392,150.0
greedy_potential,1541,634983527,63.0
greedy_potential,1542,1108358225,54.0
greedy_potential,1543,1278944311,170.0
greedy_potential,1544,376200933,146.0
greedy_potential,1545,763983766,80.0
greedy_potential,1546,1510970459,184.0
greedy_potential,1547,1581050079,120.0
greedy_potential,1548,423427660,154.0
greedy_potential,1549,1272089574,120.0
greedy_potential,1550,245805074,183.0
greedy_potential,1551,444590645,149.0
greedy_potential,1552,1997726839,116.0
greedy_potential,1553,1310200194,119.0
greedy_potential,1554,1989119059,96.0
greedy_potential,1555,30191654,132.0
greedy_potential,1556,270633492,115.0
greedy_potential,1557,239976605,112.0
greedy_potential,1558,714293236,153.0
greedy_potential,1559,346191150,68.0
greedy_potential,1560,960975667,93.0
greedy_potential,1561,759517102,164.0
greedy_potential,1562,1457259087,153.0
greedy_potential,1563,25575967,109.0
greedy_potential,1564,944559259,30.0
greedy_potential,1565,1996961200,189.0
greedy_potential,1566,1830693228,155.0
greedy_potential,1567,514341564,153.0
greedy_potential,1568,425986517,67.0
greedy_potential,1569,581191861,77.0
greedy_potential,1570,1927252044,151.0
greedy_potential,1571,806685751,132.0
greedy_potential,1572,289264001,153.0
greedy_potential,1573,2020221008,150.0
greedy_potential,1574,1699697044,109.0
greedy_potential,1575,755526255,102.0
greedy_potential,1576,1352520485,79.0
greedy_potential,1577,925850758,119.0
greedy_potential,1578,34737496,125.0
greedy_potential,1579,641039486,98.0
greedy_potential,1580,923047938,131.0
greedy_potential,1581,2096470248,161.0
greedy_potential,1582,1104146932,137.0
greedy_potential,1583,783524923,62.0
greedy_potential,1584,306344509,100.0
greedy_potential,1585,179395245,150.0
greedy_potential,1586,1289807279,149.0
greedy_potential,1587,1413006431,155.0
greedy_potential,1588,1343560136,164.0
greedy_potential,1589,1538897348,99.0
greedy_potential,1590,316004615,139.0
greedy_potential,1591,799381512,94.0
greedy_potential,1592,1110556577,96.0
greedy_potential,1593,453946164,140.0
greedy_potential,1594,1447422048,191.0
greedy_potential,1595,878860798,167.0
greedy_potential,1596,1855095263,59.0
greedy_potential,1597,942891801,168.0
greedy_potential,1598,571431796,178.0
greedy_potential,1599,2137390051,129.0
greedy_potential,1600,2118164916,96.0
greedy_potential,1601,1843475823,109.0
greedy_potential,1602,1093235665,53.0
greedy_potential,1603,1333391705,135.0
greedy_potential,1604,432905187,160.0
greedy_potential,1605,416435621,91.0
greedy_potential,1606,1738159737,99.0
greedy_potential,1607,1477285184,166.0
greedy_potential,1608,1069645297,139.0
greedy_potential,1609,1629937945,161.0
greedy_potential,1610,384213127,48.0
greedy_potential,1611,161896083,95.0
greedy_potential,1612,1092473549,113.0
greedy_potential,1613,814941088,142.0
greedy_potential,1614,491512727,121.0
greedy_potential,1615,701900300,119.0
greedy_potential,1616,494511528,129.0
greedy_potential,1617,1224991936,87.0
greedy_potential,1618,943483130,94.0
greedy_potential,1619,1402421106,220.0
greedy_potential,1620,46773314,44.0
greedy_potential,1621,389527309,122.0
greedy_potential,1622,786418225,121.0
greedy_potential,1623,1008585958,121.0
greedy_potential,1624,1746132385,153.0
greedy_potential,1625,2130664311,148.0
greedy_potential,1626,79153495,129.0
greedy_potential,1627,34043283,114.0
greedy_potential,1628,1783769358,96.0
greedy_potential,1629,796702714,184.0
greedy_potential,1630,1949939908,90.0
greedy_potential,1631,717930548,158.0
greedy_potential,1632,1738952928,109.0
greedy_potential,1633,870982902,113.0
greedy_potential,1634,144385951,135.0
greedy_potential,1635,1866579290,73.0
greedy_potential,1636,361352692,104.0
greedy_potential,1637,941252902,119.0
greedy_potential,1638,520441410,127.0
greedy_potential,1639,1896395567,150.0
greedy_potential,1640,772769448,56.0
greedy_potential,1641,1235962400,102.0
greedy_potential,1642,101265475,162.0
greedy_potential,1643,911859556,126.0
greedy_potential,1644,364728260,104.0
greedy_potential,1645,541816754,73.0
greedy_potential,1646,298239498,103.0
greedy_potential,1647,1768697285,142.0
greedy_potential,1648,1911958744,83.0
greedy_potential,1649,1383410077,118.0
greedy_potential,1650,1079078291,154.0
greedy_potential,1651,455752014,81.0
greedy_potential,1652,1211536617,77.0
greedy_potential,1653,279324257,140.0
greedy_potential,1654,985952697,159.0
greedy_potential,1655,269361726,116.0
greedy_potential,1656,318456309,194.0
greedy_potential,1657,1952217174,132.0
greedy_potential,1658,984030295,126.0
greedy_potential,1659,866276730,168.0
greedy_potential,1660,932433968,59.0
greedy_potential,1661,1761597573,100.0
greedy_potential,1662,1033713175,110.0
greedy_potential,1663,1922775452,62.0
greedy_potential,1664,602274148,122.0
greedy_potential,1665,486046518,144.0
greedy_potential,1666,445873904,154.0
greedy_potential,1667,69948588,159.0
greedy_potential,1668,5010725,88.0
greedy_potential,1669,387268796,61.0
greedy_potential,1670,684749289,39.0
greedy_potential,1671,1659959129,62.0
greedy_potential,1672,790014040,220.0
greedy_potential,1673,33099543,93.0
greedy_potential,1674,862900165,76.0
greedy_potential,1675,1211464373,41.0
greedy_potential,1676,26541411,79.0
greedy_potential,1677,410742251,71.0
greedy_potential,1678,2044726575,117.0
greedy_potential,1679,1646391277,90.0
greedy_potential,1680,1421060663,166.0
greedy_potential,1681,1029451468,129.0
greedy_potential,1682,481869309,130.0
greedy_potential,1683,1179140189,130.0
greedy_potential,1684,1638711222,186.0
greedy_potential,1685,630089433,61.0
greedy_potential,1686,945139379,94.0
greedy_potential,1687,980494870,112.0
greedy_potential,1688,1432881081,104.0
greedy_potential,1689,98167066,143.0
greedy_potential,1690,1363157945,96.0
greedy_potential,1691,1738430203,161.0
greedy_potential,1692,119627395,162.0
greedy_potential,1693,1948839097,41.0
greedy_potential,1694,1301158798,150.0
greedy_potential,1695,1616298240,99.0
greedy_potential,1696,714520067,152.0
greedy_potential,1697,1064340725,132.0
greedy_potential,1698,1586412580,110.0
greedy_potential,1699,1812013091,127.0
greedy_potential,1700,1287324080,54.0
greedy_potential,1701,8205267,25.0
greedy_potential,1702,1166786762,201.0
greedy_potential,1703,1430132640,174.0
greedy_potential,1704,603975729,78.0
greedy_potential,1705,1647948708,125.0
greedy_potential,1706,1664770359,87.0
greedy_potential,1707,701488927,131.0
greedy_potential,1708,609466269,132.0
greedy_potential,1709,1839473698,148.0
greedy_potential,1710,1481179909,124.0
greedy_potential,1711,408024,153.0
greedy_potential,1712,578860974,91.0
greedy_potential,1713,1357467816,110.0
greedy_potential,1714,1338891554,77.0
greedy_potential,1715,646444076,94.0
greedy_potential,1716,1937537255,141.0
greedy_potential,1717,1349968185,133.0
greedy_potential,1718,719210168,103.0
greedy_potential,1719,539788610,117.0
greedy_potential,1720,821571514,77.0
greedy_potential,1721,450498840,188.0
greedy_potential,1722,817080685,72.0
greedy_potential,1723,1344669190,93.0
greedy_potential,1724,1696768405,95.0
greedy_potential,1725,1067159400,153.0
greedy_potential,1726,987116059,113.0
greedy_potential,1727,402182215,71.0
greedy_potential,1728,1091835811,136.0
greedy_potential,1729,1903046170,121.0
greedy_potential,1730,1422313480,141.0
greedy_potential,1731,1894910926,75.0
greedy_potential,1732,1109211625,112.0
greedy_potential,1733,1180189162,104.0
greedy_potential,1734,230175785,130.0
greedy_potential,1735,1516329672,100.0
greedy_potential,1736,1939509793,111.0
greedy_potential,1737,969345631,112.0
greedy_potential,1738,1222110306,119.0
greedy_potential,1739,1721086518,94.0
greedy_potential,1740,735130238,41.0
greedy_potential,1741,1790692652,105.0
greedy_potential,1742,741752451,118.0
greedy_potential,1743,1641020457,177.0
greedy_potential,1744,1662571563,171.0
greedy_potential,1745,522158155,129.0
greedy_potential,1746,1459720327,166.0
greedy_potential,1747,52588567,110.0
greedy_potential,1748,1615997243,122.0
greedy_potential,1749,1413587720,157.0
greedy_potential,1750,74482475,155.0
greedy_potential,1751,883169173,21.0
greedy_potential,1752,1841558348,129.0
greedy_potential,1753,1920410540,105.0
greedy_potential,1754,772177932,151.0
greedy_potential,1755,1846508504,106.0
greedy_potential,1756,1892074401,79.0
greedy_potential,1757,1146223892,100.0
greedy_potential,1758,283303779,77.0
greedy_potential,1759,810555141,75.0
greedy_potential,1760,1426906636,177.0
greedy_potential,1761,1531133379,150.0
greedy_potential,1762,2145880180,150.0
greedy_potential,1763,1523359820,131.0
greedy_potential,1764,1391644372,149.0
greedy_potential,1765,1465191355,125.0
greedy_potential,1766,1622356464,113.0
greedy_potential,1767,1809091880,65.0
greedy_potential,1768,2146450829,124.0
greedy_potential,1769,1239782220,180.0
greedy_potential,1770,489018378,101.0
greedy_potential,1771,1108194933,157.0
greedy_potential,1772,1890190637,133.0
greedy_potential,1773,1110051763,103.0
greedy_potential,1774,2082314255,109.0
greedy_potential,1775,1909071425,120.0
greedy_potential,1776,1809459499,96.0
greedy_potential,1777,787592061,150.0
greedy_potential,1778,1867043631,167.0
greedy_potential,1779,1808000540,104.0
greedy_potential,1780,930047403,115.0
greedy_potential,1781,1084242081,136.0
greedy_potential,1782,1351223945,108.0
greedy_potential,1783,183264000,159.0
greedy_potential,1784,1478278,110.0
greedy_potential,1785,964181475,130.0
greedy_potential,1786,1292863390,70.0
greedy_potential,1787,625339501,157.0
greedy_potential,1788,1886979737,81.0
greedy_potential,1789,1133624500,73.0
greedy_potential,1790,42973656,150.0
greedy_potential,1791,1832468960,150.0
greedy_potential,1792,1070096029,150.0
greedy_potential,1793,385377809,144.0
greedy_potential,1794,1262996612,114.0
greedy_potential,1795,1020537109,40.0
greedy_potential,1796,105238144,188.0
greedy_potential,1797,1250914059,139.0
greedy_potential,1798,1487241412,68.0
greedy_potential,1799,1653176529,112.0
greedy_potential,1800,499982636,88.0
greedy_potential,1801,2020732639,51.0
greedy_potential,1802,1770614958,96.0
greedy_potential,1803,1182421420,119.0
greedy_potential,1804,898139301,176.0
greedy_potential,1805,1979159624,110.0
greedy_potential,1806,965921037,66.0
greedy_potential,1807,722754867,129.0
greedy_potential,1808,1064183009,87.0
greedy_potential,1809,1641364209,136.0
greedy_potential,1810,1282650460,128.0
greedy_potential,1811,1640087932,151.0
greedy_potential,1812,826458694,102.0
greedy_potential,1813,1183862595,141.0
greedy_potential,1814,748004638,57.0
greedy_potential,1815,373208431,125.0
greedy_potential,1816,935435385,179.0
greedy_potential,1817,829367409,127.0
greedy_potential,1818,1879503238,159.0
greedy_potential,1819,624595872,97.0
greedy_potential,1820,2029745684,96.0
greedy_potential,1821,2076356023,106.0
greedy_potential,1822,336383777,163.0
greedy_potential,1823,1384316193,112.0
greedy_potential,1824,1544773077,111.0
greedy_potential,1825,1952143888,147.0
greedy_potential,1826,2084320897,128.0
greedy_potential,1827,635998261,85.0
greedy_potential,1828,1224678905,116.0
greedy_potential,1829,921141761,156.0
greedy_potential,1830,1139858896,130.0
greedy_potential,1831,1218422790,141.0
greedy_potential,1832,1354781417,141.0
greedy_potential,1833,761772972,118.0
greedy_potential,1834,563508124,109.0
greedy_potential,1835,980325484,125.0
greedy_potential,1836,2020479561,178.0
greedy_potential,1837,1287002104,150.0
greedy_potential,1838,1656193009,131.0
greedy_potential,1839,60743666,144.0
greedy_potential,1840,213364511,106.0
greedy_potential,1841,729738898,128.0
greedy_potential,1842,11303643,111.0
greedy_potential,1843,476096,155.0
greedy_potential,1844,1260134286,113.0
greedy_potential,1845,1036241652,166.0
greedy_potential,1846,1002317376,163.0
greedy_potential,1847,1305671485,175.0
greedy_potential,1848,1765310221,201.0
greedy_potential,1849,199695491,121.0
greedy_potential,1850,1624731606,166.0
greedy_potential,1851,519893769,159.0
greedy_potential,1852,1503126639,60.0
greedy_potential,1853,1726559287,117.0
greedy_potential,1854,2117180603,57.0
greedy_potential,1855,1804490908,140.0
greedy_potential,1856,1423500238,61.0
greedy_potential,1857,832650822,73.0
greedy_potential,1858,647864366,137.0
greedy_potential,1859,1748532146,118.0
greedy_potential,1860,382720948,75.0
greedy_potential,1861,595154161,106.0
greedy_potential,1862,586481485,163.0
greedy_potential,1863,1516355860,163.0
greedy_potential,1864,2134355810,190.0
greedy_potential,1865,1171359178,81.0
greedy_potential,1866,1904085243,177.0
greedy_potential,1867,945105574,107.0
greedy_potential,1868,1885857750,63.0
greedy_potential,1869,1409699052,86.0
greedy_potential,1870,1704375413,135.0
greedy_potential,1871,28756263,64.0
greedy_potential,1872,1894158041,103.0
greedy_potential,1873,348844636,113.0
greedy_potential,1874,738077575,57.0
greedy_potential,1875,630981084,158.0
greedy_potential,1876,1805677905,135.0
greedy_potential,1877,1461497074,134.0
greedy_potential,1878,359520003,135.0
greedy_potential,1879,1516628786,162.0
greedy_potential,1880,594832865,149.0
greedy_potential,1881,1461922737,129.0
greedy_potential,1882,1162691881,64.0
greedy_potential,1883,1648445183,180.0
greedy_potential,1884,1932174742,95.0
greedy_potential,1885,170835675,39.0
greedy_potential,1886,1402495415,126.0
greedy_potential,1887,227394698,117.0
greedy_potential,1888,1978764464,120.0
greedy_potential,1889,1836852628,93.0
greedy_potential,1890,2031948288,73.0
greedy_potential,1891,766303238,102.0
greedy_potential,1892,1314240488,110.0
greedy_potential,1893,1220568051,116.0
greedy_potential,1894,148725657,68.0
greedy_potential,1895,1081264041,82.0
greedy_potential,1896,1121769473,108.0
greedy_potential,1897,1345747623,130.0
greedy_potential,1898,555792854,139.0
greedy_potential,1899,165241803,128.0
greedy_potential,1900,51941028,130.0
greedy_potential,1901,1653111922,109.0
greedy_potential,1902,1526871708,120.0
greedy_potential,1903,265004481,162.0
greedy_potential,1904,1947298016,155.0
greedy_potential,1905,1463240513,161.0
greedy_potential,1906,423252364,48.0
greedy_potential,1907,863593581,89.0
greedy_potential,1908,2066606522,158.0
greedy_potential,1909,1057123813,71.0
greedy_potential,1910,16126033,186.0
greedy_potential,1911,1442451310,158.0
greedy_potential,1912,2069748084,153.0
greedy_potential,1913,796722339,188.0
greedy_potential,1914,1814860073,138.0
greedy_potential,1915,98864716,107.0
greedy_potential,1916,149698234,62.0
greedy_potential,1917,2070628539,130.0
greedy_potential,1918,712279228,76.0
greedy_potential,1919,1122440093,116.0
greedy_potential,1920,554172360,87.0
greedy_potential,1921,1593743480,176.0
greedy_potential,1922,814066109,140.0
greedy_potential,1923,1140946966,101.0
greedy_potential,1924,1990859027,154.0
greedy_potential,1925,1760264218,100.0
greedy_potential,1926,2092211490,164.0
greedy_potential,1927,1212504010,148.0
greedy_potential,1928,68840092,114.0
greedy_potential,1929,263618388,72.0
greedy_potential,1930,610730600,117.0
greedy_potential,1931,1378483850,103.0
greedy_potential,1932,1977820539,139.0
greedy_potential,1933,370957762,150.0
greedy_potential,1934,239624827,129.0
greedy_potential,1935,1768783785,148.0
greedy_potential,1936,1271655361,105.0
greedy_potential,1937,1462568649,120.0
greedy_potential,1938,693521097,164.0
greedy_potential,1939,2018223681,166.0
greedy_potential,1940,1337123656,127.0
greedy_potential,1941,1350940707,160.0
greedy_potential,1942,1791651582,90.0
greedy_potential,1943,483534069,125.0
greedy_potential,1944,1488833955,59.0
greedy_potential,1945,1196443768,86.0
greedy_potential,1946,1078492864,135.0
greedy_potential,1947,1657368343,97.0
greedy_potential,1948,591246472,129.0
greedy_potential,1949,1528768477,106.0
greedy_potential,1950,1728521957,85.0
greedy_potential,1951,735076578,108.0
greedy_potential,1952,513914266,172.0
greedy_potential,1953,1407355878,77.0
greedy_potential,1954,534151621,89.0
greedy_potential,1955,2008475014,129.0
greedy_potential,1956,182225219,100.0
greedy_potential,1957,1470618368,130.0
greedy_potential,1958,964852120,199.0
greedy_potential,1959,788773754,106.0
greedy_potential,1960,1194835096,150.0
greedy_potential,1961,1955838620,114.0
greedy_potential,1962,313323905,133.0
greedy_potential,1963,1777309419,143.0
greedy_potential,1964,897196553,108.0
greedy_potential,1965,1836493140,109.0
greedy_potential,1966,1626390779,115.0
greedy_potential,1967,229440108,122.0
greedy_potential,1968,473692060,99.0
greedy_potential,1969,624550164,121.0
greedy_potential,1970,184492654,84.0
greedy_potential,1971,1696786535,131.0
greedy_potential,1972,1117493971,90.0
greedy_potential,1973,590144603,57.0
greedy_potential,1974,1593595636,157.0
greedy_potential,1975,158282290,106.0
greedy_potential,1976,81786378,121.0
greedy_potential,1977,1467302588,92.0
greedy_potential,1978,1616659728,111.0
greedy_potential,1979,1716419160,103.0
greedy_potential,1980,1263726814,151.0
greedy_potential,1981,1378185872,170.0
greedy_potential,1982,405703103,102.0
greedy_potential,1983,740545425,153.0
greedy_potential,1984,298496192,98.0
greedy_potential,1985,1202104048,120.0
greedy_potential,1986,1456747475,106.0
greedy_potential,1987,46213743,128.0
greedy_potential,1988,370645454,84.0
greedy_potential,1989,1208306704,170.0
greedy_potential,1990,1236183273,187.0
greedy_potential,1991,1839966511,179.0
greedy_potential,1992,1577500072,116.0
greedy_potential,1993,167618045,127.0
greedy_potential,1994,204856469,144.0
greedy_potential,1995,823172135,165.0
greedy_potential,1996,157286851,185.0
greedy_potential,1997,354042137,135.0
greedy_potential,1998,561750487,175.0
greedy_potential,1999,816060743,132.0
expected_value,0,1826701614,137.0
expected_value,1,1367864806,82.0
expected_value,2,1097657231,95.0
expected_value,3,579362555,101.0
expected_value,4,661058651,158.0
expected_value,5,87989972,99.0
expected_value,6,161576974,104.0
expected_value,7,35492826,115.0
expected_value,8,376383645,100.0
expected_value,9,1746484539,147.0
expected_value,10,1394609702,126.0
expected_value,11,1960127675,121.0
expected_value,12,1081530686,152.0
expected_value,13,1302740407,132.0
expected_value,14,2084654369,99.0
expected_value,15,1566581934,136.0
expected_value,16,1357791198,118.0
expected_value,17,1167425778,158.0
expected_value,18,1202413557,83.0
expected_value,19,2008052738,121.0
expected_value,20,595598245,148.0
expected_value,21,1752032165,136.0
expected_value,22,1440696407,98.0
expected_value,23,5880883,114.0
expected_value,24,846428919,127.0
expected_value,25,1841261662,148.0
expected_value,26,1190382222,145.0
expected_value,27,72124473,136.0
expected_value,28,1642588603,113.0
expected_value,29,1566923138,147.0
expected_value,30,1818006482,147.0
expected_value,31,377217572,138.0
expected_value,32,191741830,103.0
expected_value,33,1853662620,90.0
expected_value,34,47463574,133.0
expected_value,35,1162779115,109.0
expected_value,36,172656923,135.0
expected_value,37,643626383,156.0
expected_value,38,1033071480,94.0
expected_value,39,907713895,148.0
expected_value,40,865948037,176.0
expected_value,41,60816030,120.0
expected_value,42,11494707,123.0
expected_value,43,266896303,128.0
expected_value,44,17790419,137.0
expected_value,45,1440154963,103.0
expected_value,46,1128755548,126.0
expected_value,47,1389828892,121.0
expected_value,48,552547096,110.0
expected_value,49,1321529463,112.0
expected_value,50,1640795441,148.0
expected_value,51,823941273,177.0
expected_value,52,989821580,90.0
expected_value,53,2141492029,134.0
expected_value,54,1728701086,113.0
expected_value,55,2106327850,114.0
expected_value,56,815020182,137.0
expected_value,57,1472190200,111.0
expected_value,58,2040324894,99.0
expected_value,59,1396850658,115.0
expected_value,60,1804554973,193.0
expected_value,61,1478428095,162.0
expected_value,62,1511830742,86.0
expected_value,63,835202397,103.0
expected_value,64,1879383516,104.0
expected_value,65,290117534,113.0
expected_value,66,1243185673,122.0
expected_value,67,1549384411,122.0
expected_value,68,1815655708,92.0
expected_value,69,1128189815,110.0
expected_value,70,806201099,158.0
expected_value,71,666239354,156.0
expected_value,72,908297867,150.0
expected_value,73,1043323488,139.0
expected_value,74,1543657888,163.0
expected_value,75,1910160578,140.0
expected_value,76,156652360,131.0
expected_value,77,2005843176,136.0
expected_value,78,1141051469,138.0
expected_value,79,768359333,105.0
expected_value,80,1444696807,120.0
expected_value,81,1227350964,114.0
expected_value,82,546762614,115.0
expected_value,83,691209253,150.0
expected_value,84,1545136976,96.0
expected_value,85,1276249595,135.0
expected_value,86,1083230752,133.0
expected_value,87,725658830,157.0
expected_value,88,1633503581,135.0
expected_value,89,840995399,113.0
expected_value,90,704750836,161.0
expected_value,91,1911849612,147.0
expected_value,92,566779217,126.0
expected_value,93,487817217,132.0
expected_value,94,1533673821,130.0
expected_value,95,1338284201,139.0
expected_value,96,104252791,95.0
expected_value,97,180421576,138.0
expected_value,98,809899613,145.0
expected_value,99,1788089690,141.0
expected_value,100,860813095,143.0
expected_value,101,1690280743,177.0
expected_value,102,679605935,171.0
expected_value,103,514041964,140.0
expected_value,104,1700138881,154.0
expected_value,105,1882235552,117.0
expected_value,106,170294837,87.0
expected_value,107,125773896,155.0
expected_value,108,1441526998,168.0
expected_value,109,721805890,160.0
expected_value,110,1231901275,151.0
expected_value,111,322722697,116.0
expected_value,112,1846923786,111.0
expected_value,113,967096425,126.0
expected_value,114,1921983830,96.0
expected_value,115,1710093347,123.0
expected_value,116,1514711733,133.0
expected_value,117,495300371,109.0
expected_value,118,1647140547,95.0
expected_value,119,111714892,91.0
expected_value,120,1224268756,88.0
expected_value,121,868768460,118.0
expected_value,122,2140277469,140.0
expected_value,123,426303516,154.0
expected_value,124,2032646511,80.0
expected_value,125,194890680,102.0
expected_value,126,1338252684,159.0
expected_value,127,1246254308,113.0
expected_value,128,1930469648,152.0
expected_value,129,641445060,183.0
expected_value,130,1937191049,111.0
expected_value,131,1443098010,137.0
expected_value,132,1912112502,98.0
expected_value,133,428456152,137.0
expected_value,134,1628312689,133.0
expected_value,135,2023172498,144.0
expected_value,136,104360713,167.0
expected_value,137,784068115,107.0
expected_value,138,1366900981,95.0
expected_value,139,226549387,137.0
expected_value,140,1095352898,129.0
expected_value,141,1350999467,85.0
expected_value,142,1640650566,149.0
expected_value,143,1991049240,165.0
expected_value,144,880091737,99.0
expected_value,145,945702738,161.0
expected_value,146,1018360727,146.0
expected_value,147,2049967474,134.0
expected_value,148,420376857,116.0
expected_value,149,1073518085,101.0
expected_value,150,107014967,146.0
expected_value,151,913171518,135.0
expected_value,152,2030045015,161.0
expected_value,153,1331898245,153.0
expected_value,154,750782387,121.0
expected_value,155,2136953472,131.0
expected_value,156,1296558496,114.0
expected_value,157,2037841023,118.0
expected_value,158,35072563,139.0
expected_value,159,987939413,131.0
expected_value,160,1793051917,180.0
expected_value,161,1627210303,120.0
expected_value,162,875079008,128.0
expected_value,163,1068207104,169.0
expected_value,164,902462478,110.0
expected_value,165,1136689207,142.0
expected_value,166,494452712,95.0
expected_value,167,1687461942,164.0
expected_value,168,166879142,96.0
expected_value,169,890466655,149.0
expected_value,170,605291690,159.0
expected_value,171,1577291459,111.0
expected_value,172,1609096917,140.0
expected_value,173,1527167700,122.0
expected_value,174,1985281331,134.0
expected_value,175,2001582934,109.0
expected_value,176,396530695,149.0
expected_value,177,246815950,154.0
expected_value,178,284241473,98.0
expected_value,179,1565548042,128.0
expected_value,180,2083753425,111.0
expected_value,181,1991627720,85.0
expected_value,182,1435036778,141.0
expected_value,183,2078605664,136.0
expected_value,184,1871024368,129.0
expected_value,185,31581548,122.0
expected_value,186,256059213,159.0
expected_value,187,1854652970,148.0
expected_value,188,176863876,88.0
expected_value,189,2107100303,114.0
expected_value,190,1776774048,132.0
expected_value,191,2055593207,94.0
expected_value,192,773786671,123.0
expected_value,193,319468283,102.0
expected_value,194,1109958447,107.0
expected_value,195,2088704472,144.0
expected_value,196,788603697,132.0
expected_value,197,1911122052,178.0
expected_value,198,824272794,138.0
expected_value,199,1766034346,103.0
expected_value,200,493018052,125.0
expected_value,201,1030766217,143.0
expected_value,202,701897158,146.0
expected_value,203,499017044,130.0
expected_value,204,1917029159,99.0
expected_value,205,1722025429,99.0
expected_value,206,299909236,109.0
expected_value,207,1983265915,109.0
expected_value,208,2085146283,117.0
expected_value,209,571510407,116.0
expected_value,210,915743486,100.0
expected_value,211,1157352826,119.0
expected_value,212,1411099204,154.0
expected_value,213,950804459,114.0
expected_value,214,319457530,167.0
expected_value,215,1999344461,122.0
expected_value,216,1486119655,142.0
expected_value,217,86996089,134.0
expected_value,218,1748708618,170.0
expected_value,219,1571971334,141.0
expected_value,220,393575409,102.0
expected_value,221,1319356500,114.0
expected_value,222,1077333835,118.0
expected_value,223,60914157,154.0
expected_value,224,1991575180,137.0
expected_value,225,1544512700,120.0
expected_value,226,666191121,134.0
expected_value,227,34341977,118.0
expected_value,228,196017830,113.0
expected_value,229,1627687382,145.0
expected_value,230,320704861,94.0
expected_value,231,1101140972,109.0
expected_value,232,1929953604,135.0
expected_value,233,1995236120,112.0
expected_value,234,575371960,87.0
expected_value,235,141911080,152.0
expected_value,236,1062733147,152.0
expected_value,237,1806715099,137.0
expected_value,238,1341434674,117.0
expected_value,239,143215702,100.0
expected_value,240,1396231712,128.0
expected_value,241,739400048,123.0
expected_value,242,485792374,175.0
expected_value,243,924059490,142.0
expected_value,244,1875379230,137.0
expected_value,245,2074602520,109.0
expected_value,246,302913355,148.0
expected_value,247,1207383686,118.0
expected_value,248,1635307037,161.0
expected_value,249,555907480,159.0
expected_value,250,585528511,150.0
expected_value,251,518994643,153.0
expected_value,252,450152621,145.0
expected_value,253,1907219570,123.0
expected_value,254,469485974,110.0
expected_value,255,485050903,151.0
expected_value,256,269386935,164.0
expected_value,257,267479193,124.0
expected_value,258,1671748609,122.0
expected_value,259,619185585,157.0
expected_value,260,1722230529,106.0
expected_value,261,1258689696,107.0
expected_value,262,1843405230,158.0
expected_value,263,1189900291,182.0
expected_value,264,1641032421,150.0
expected_value,265,1738840649,131.0
expected_value,266,131069158,104.0
expected_value,267,1203612941,146.0
expected_value,268,976358674,161.0
expected_value,269,619379841,151.0
expected_value,270,971614501,148.0
expected_value,271,886688143,134.0
expected_value,272,1056188272,112.0
expected_value,273,1756901406,90.0
expected_value,274,1772735651,126.0
expected_value,275,1345412382,112.0
expected_value,276,1525331520,128.0
expected_value,277,2059603553,116.0
expected_value,278,1367752506,96.0
expected_value,279,793289931,126.0
expected_value,280,176283768,132.0
expected_value,281,1186724181,142.0
expected_value,282,497074429,135.0
expected_value,283,1275442510,150.0
expected_value,284,55205953,113.0
expected_value,285,1821691497,173.0
expected_value,286,2028429921,121.0
expected_value,287,312402043,133.0
expected_value,288,1759114057,104.0
expected_value,289,872974300,116.0
expected_value,290,89514544,132.0
expected_value,291,1954121989,157.0
expected_value,292,2020595744,124.0
expected_value,293,92485438,93.0
expected_value,294,1274239748,131.0
expected_value,295,1766748282,151.0
expected_value,296,1696194208,114.0
expected_value,297,892030427,129.0
expected_value,298,1846657787,114.0
expected_value,299,1781990488,150.0
expected_value,300,243444659,158.0
expected_value,301,21377256,118.0
expected_value,302,219536274,121.0
expected_value,303,783930654,123.0
expected_value,304,235553100,143.0
expected_value,305,168856718,145.0
expected_value,306,555678126,161.0
expected_value,307,1401479130,131.0
expected_value,308,1125662722,142.0
expected_value,309,588086460,169.0
expected_value,310,2041104818,168.0
expected_value,311,1508933830,113.0
expected_value,312,1362392980,150.0
expected_value,313,2026798130,126.0
expected_value,314,1686949517,107.0
expected_value,315,272337652,139.0
expected_value,316,79354821,91.0
expected_value,317,1857097247,145.0
expected_value,318,875830023,87.0
expected_value,319,127698292,127.0
expected_value,320,1023419372,150.0
expected_value,321,817698439,130.0
expected_value,322,925758967,114.0
expected_value,323,922932768,155.0
expected_value,324,674631158,95.0
expected_value,325,1049796407,130.0
expected_value,326,1055562759,155.0
expected_value,327,2096936868,112.0
expected_value,328,1487642552,114.0
expected_value,329,1665784141,156.0
expected_value,330,17257121,112.0
expected_value,331,663266135,145.0
expected_value,332,2112488123,116.0
expected_value,333,579470083,88.0
expected_value,334,1095136094,118.0
expected_value,335,1853536523,131.0
expected_value,336,1371385240,137.0
expected_value,337,1892592741,138.0
expected_value,338,353044762,91.0
expected_value,339,1096733868,92.0
expected_value,340,1364944092,158.0
expected_value,341,739369451,156.0
expected_value,342,1233058892,143.0
expected_value,343,2136568735,110.0
expected_value,344,1581761357,124.0
expected_value,345,678483596,148.0
expected_value,346,137321580,118.0
expected_value,347,392371845,128.0
expected_value,348,584160036,133.0
expected_value,349,1889996323,135.0
expected_value,350,581917524,123.0
expected_value,351,1744476983,150.0
expected_value,352,588053790,164.0
expected_value,353,1434281576,129.0
expected_value,354,1131487508,149.0
expected_value,355,2058177601,149.0
expected_value,356,1216325249,137.0
expected_value,357,1987956916,151.0
expected_value,358,2065840828,80.0
expected_value,359,1606851424,133.0
expected_value,360,1349431587,97.0
expected_value,361,1848342201,116.0
expected_value,362,2139873756,96.0
expected_value,363,530743582,150.0
expected_value,364,1208033236,121.0
expected_value,365,303324670,128.0
expected_value,366,225336197,142.0
expected_value,367,1438946863,122.0
expected_value,368,102092473,122.0
expected_value,369,1534631621,97.0
expected_value,370,1762818387,143.0
expected_value,371,358743432,131.0
expected_value,372,1461111207,162.0
expected_value,373,849452775,108.0
expected_value,374,1918513088,125.0
expected_value,375,1954759372,141.0
expected_value,376,1240184092,130.0
expected_value,377,1205598967,150.0
expected_value,378,1525958284,150.0
expected_value,379,1241966919,110.0
expected_value,380,1601735538,102.0
expected_value,381,416890512,115.0
expected_value,382,1679665482,164.0
expected_value,383,1129624176,96.0
expected_value,384,1614599411,119.0
expected_value,385,1124067516,144.0
expected_value,386,658332664,125.0
expected_value,387,190987832,102.0
expected_value,388,1128218302,87.0
expected_value,389,2108705875,134.0
expected_value,390,76953176,183.0
expected_value,391,1227062707,137.0
expected_value,392,960169880,86.0
expected_value,393,13762970,115.0
expected_value,394,1167302081,118.0
expected_value,395,1659251524,113.0
expected_value,396,1592403293,116.0
expected_value,397,2100809622,137.0
expected_value,398,1136182736,145.0
expected_value,399,1266736239,117.0
expected_value,400,2074068892,162.0
expected_value,401,686511085,127.0
expected_value,402,1714768789,134.0
expected_value,403,402669752,125.0
expected_value,404,777213504,114.0
expected_value,405,1444239948,132.0
expected_value,406,1244721829,124.0
expected_value,407,418989947,200.0
expected_value,408,1415983256,165.0
expected_value,409,1240575301,140.0
expected_value,410,1976691419,112.0
expected_value,411,1293298782,114.0
expected_value,412,1899189787,104.0
expected_value,413,2066787853,100.0
expected_value,414,188070709,122.0
expected_value,415,155188475,117.0
expected_value,416,1079200426,153.0
expected_value,417,1073683462,90.0
expected_value,418,1191879034,119.0
expected_value,419,1597937168,102.0
expected_value,420,677186466,78.0
expected_value,421,380591526,149.0
expected_value,422,1460534081,95.0
expected_value,423,833366960,130.0
expected_value,424,1996560372,120.0
expected_value,425,135067053,150.0
expected_value,426,1522979205,165.0
expected_value,427,1558817284,169.0
expected_value,428,582027100,137.0
expected_value,429,188480101,95.0
expected_value,430,683416592,105.0
expected_value,431,848452982,118.0
expected_value,432,2103281005,109.0
expected_value,433,1875875565,139.0
expected_value,434,496254106,111.0
expected_value,435,1014257249,105.0
expected_value,436,1288245593,143.0
expected_value,437,1959840678,123.0
expected_value,438,289993663,100.0
expected_value,439,1644794485,123.0
expected_value,440,1986944590,136.0
expected_value,441,1965643235,124.0
expected_value,442,594949505,134.0
expected_value,443,273595878,126.0
expected_value,444,1275194774,158.0
expected_value,445,157975135,145.0
expected_value,446,279162560,98.0
expected_value,447,151024479,161.0
expected_value,448,452892285,143.0
expected_value,449,1865850388,170.0
expected_value,450,1444535965,102.0
expected_value,451,1361654911,140.0
expected_value,452,2116130273,114.0
expected_value,453,1066379591,171.0
expected_value,454,85898467,127.0
expected_value,455,351206811,122.0
expected_value,456,558975054,127.0
expected_value,457,1446831539,143.0
expected_value,458,766760084,138.0
expected_value,459,682937139,147.0
expected_value,460,240915549,175.0
expected_value,461,1526602881,140.0
expected_value,462,52580666,151.0
expected_value,463,988605540,94.0
expected_value,464,1598640627,155.0
expected_value,465,1089783226,118.0
expected_value,466,1475383483,76.0
expected_value,467,1695794246,179.0
expected_value,468,482945970,150.0
expected_value,469,199169391,70.0
expected_value,470,121012640,161.0
expected_value,471,1242874421,159.0
expected_value,472,567020276,141.0
expected_value,473,423558823,151.0
expected_value,474,1578280308,95.0
expected_value,475,1735460458,127.0
expected_value,476,2049571150,112.0
expected_value,477,1049788868,103.0
expected_value,478,1122282163,110.0
expected_value,479,2123207060,127.0
expected_value,480,1081734387,112.0
expected_value,481,392867797,133.0
expected_value,482,549260787,122.0
expected_value,483,2068067855,122.0
expected_value,484,92794862,122.0
expected_value,485,1719956238,146.0
expected_value,486,1390493182,138.0
expected_value,487,1033499046,105.0
expected_value,488,1789927145,119.0
expected_value,489,1747051098,119.0
expected_value,490,944888642,126.0
expected_value,491,1294608165,143.0
expected_value,492,1640037303,149.0
expected_value,493,1406861771,106.0
expected_value,494,1042672248,126.0
expected_value,495,1962135971,109.0
expected_value,496,1895794837,101.0
expected_value,497,140167151,155.0
expected_value,498,1174906484,159.0
expected_value,499,1793123513,154.0
expected_value,500,181316223,106.0
expected_value,501,819940996,132.0
expected_value,502,1092418183,180.0
expected_value,503,699103886,90.0
expected_value,504,1493268086,115.0
expected_value,505,2134656235,124.0
expected_value,506,781393582,119.0
expected_value,507,1677593828,96.0
expected_value,508,251580340,164.0
expected_value,509,1042678770,133.0
expected_value,510,11507716,150.0
expected_value,511,907587570,174.0
expected_value,512,30122969,106.0
expected_value,513,1884478975,108.0
expected_value,514,2081748799,113.0
expected_value,515,186433517,111.0
expected_value,516,1756702899,104.0
expected_value,517,1521317695,151.0
expected_value,518,645939060,169.0
expected_value,519,1694696649,98.0
expected_value,520,2066547046,184.0
expected_value,521,1716261155,149.0
expected_value,522,1487200419,150.0
expected_value,523,692105470,139.0
expected_value,524,1302388738,150.0
expected_value,525,1710769617,146.0
expected_value,526,1534632091,138.0
expected_value,527,483889143,128.0
expected_value,528,884788597,95.0
expected_value,529,778050398,146.0
expected_value,530,1491964129,159.0
expected_value,531,896462994,128.0
expected_value,532,900767155,133.0
expected_value,533,1162669085,115.0
expected_value,534,1244199845,136.0
expected_value,535,241836004,113.0
expected_value,536,1986310577,124.0
expected_value,537,873913746,118.0
expected_value,538,376807921,169.0
expected_value,539,645726,117.0
expected_value,540,933735438,139.0
expected_value,541,1598545436,206.0
expected_value,542,636300172,146.0
expected_value,543,1829389590,156.0
expected_value,544,428669385,120.0
expected_value,545,298353508,110.0
expected_value,546,839878378,130.0
expected_value,547,1511368430,123.0
expected_value,548,643323833,151.0
expected_value,549,1763305454,94.0
expected_value,550,44846461,92.0
expected_value,551,2108460267,115.0
expected_value,552,101210932,98.0
expected_value,553,1812026434,106.0
expected_value,554,7592669,146.0
expected_value,555,910761742,125.0
expected_value,556,664542660,121.0
expected_value,557,2103865480,113.0
expected_value,558,1406364328,125.0
expected_value,559,2091615581,162.0
expected_value,560,890259339,124.0
expected_value,561,1081638075,129.0
expected_value,562,1078627882,157.0
expected_value,563,1618014120,114.0
expected_value,564,1093393903,141.0
expected_value,565,1962451447,122.0
expected_value,566,412216003,150.0
expected_value,567,1022518050,170.0
expected_value,568,529894209,114.0
expected_value,569,1854966827,108.0
expected_value,570,294976779,105.0
expected_value,571,1506607022,141.0
expected_value,572,1958199453,132.0
expected_value,573,631197532,174.0
expected_value,574,599538113,106.0
expected_value,575,1648520696,80.0
expected_value,576,1269833621,149.0
expected_value,577,1225536244,135.0
expected_value,578,1898703231,108.0
expected_value,579,201530931,151.0
expected_value,580,586415634,159.0
expected_value,581,840483065,121.0
expected_value,582,1970261970,106.0
expected_value,583,158357619,178.0
expected_value,584,972018089,130.0
expected_value,585,1022560766,126.0
expected_value,586,31166652,137.0
expected_value,587,920281800,91.0
expected_value,588,1393151830,108.0
expected_value,589,909969229,96.0
expected_value,590,656389835,133.0
expected_value,591,1259070421,122.0
expected_value,592,2106435001,163.0
expected_value,593,263476185,130.0
expected_value,594,614627890,116.0
expected_value,595,2005253464,149.0
expected_value,596,636542532,102.0
expected_value,597,1468987150,166.0
expected_value,598,754646726,96.0
expected_value,599,1769056995,120.0
expected_value,600,1257027453,110.0
expected_value,601,1925865980,136.0
expected_value,602,1369052290,152.0
expected_value,603,1252670261,139.0
expected_value,604,1049182741,122.0
expected_value,605,86367971,112.0
expected_value,606,259146963,121.0
expected_value,607,1527906319,89.0
expected_value,608,1373500221,129.0
expected_value,609,1221973716,127.0
expected_value,610,250978653,116.0
expected_value,611,1773729627,176.0
expected_value,612,1709792113,130.0
expected_value,613,1142805913,138.0
expected_value,614,546129952,90.0
expected_value,615,1746428395,95.0
expected_value,616,1120401407,107.0
expected_value,617,2141063300,110.0
expected_value,618,602431219,125.0
expected_value,619,752810724,93.0
expected_value,620,1725762600,154.0
expected_value,621,367265745,122.0
expected_value,622,691213915,134.0
expected_value,623,841115226,110.0
expected_value,624,1559527835,144.0
expected_value,625,1617162538,181.0
expected_value,626,1693159808,144.0
expected_value,627,943236948,155.0
expected_value,628,1321516690,142.0
expected_value,629,1263536662,149.0
expected_value,630,1658097530,143.0
expected_value,631,273500235,115.0
expected_value,632,683208708,96.0
expected_value,633,1559338365,106.0
expected_value,634,433243807,113.0
expected_value,635,601472377,141.0
expected_value,636,2101448338,130.0
expected_value,637,409348093,131.0
expected_value,638,2143332914,99.0
expected_value,639,1853171009,137.0
expected_value,640,335114981,123.0
expected_value,641,1212067303,151.0
expected_value,642,695215397,112.0
expected_value,643,1040453555,118.0
expected_value,644,1309583380,107.0
expected_value,645,1930209337,121.0
expected_value,646,1999946148,151.0
expected_value,647,184710299,124.0
expected_value,648,384379268,80.0
expected_value,649,1494980297,75.0
expected_value,650,442733243,91.0
expected_value,651,704336603,92.0
expected_value,652,1257265993,111.0
expected_value,653,376689569,181.0
expected_value,654,2135488785,151.0
expected_value,655,1449119065,135.0
expected_value,656,487971975,107.0
expected_value,657,779154206,111.0
expected_value,658,1391888844,113.0
expected_value,659,708445905,115.0
expected_value,660,1335149572,139.0
expected_value,661,2026532568,165.0
expected_value,662,784818245,141.0
expected_value,663,427989927,170.0
expected_value,664,613679012,100.0
expected_value,665,1099884554,116.0
expected_value,666,1193421926,122.0
expected_value,667,51567955,130.0
expected_value,668,1381206184,125.0
expected_value,669,350830303,94.0
expected_value,670,1352665113,127.0
expected_value,671,1897127283,151.0
expected_value,672,415380885,126.0
expected_value,673,1694896203,114.0
expected_value,674,73060872,148.0
expected_value,675,1195795108,124.0
expected_value,676,1432436442,152.0
expected_value,677,477715029,151.0
expected_value,678,1678406708,131.0
expected_value,679,1197753812,103.0
expected_value,680,897596910,110.0
expected_value,681,26084465,155.0
expected_value,682,289187332,161.0
expected_value,683,1531142162,117.0
expected_value,684,873929859,112.0
expected_value,685,1539210365,161.0
expected_value,686,2063825496,113.0
expected_value,687,1387371122,136.0
expected_value,688,1592700838,112.0
expected_value,689,1312839826,141.0
expected_value,690,644623455,114.0
expected_value,691,158304833,151.0
expected_value,692,1316683214,136.0
expected_value,693,529152788,139.0
expected_value,694,259701710,129.0
expected_value,695,1233467465,117.0
expected_value,696,1310220351,142.0
expected_value,697,846509633,122.0
expected_value,698,1352139329,124.0
expected_value,699,2130353660,135.0
expected_value,700,1628300042,137.0
expected_value,701,1983728048,158.0
expected_value,702,145712547,121.0
expected_value,703,326434484,110.0
expected_value,704,769900509,141.0
expected_value,705,1266930724,143.0
expected_value,706,1493609600,165.0
expected_value,707,1495110554,139.0
expected_value,708,1946661503,137.0
expected_value,709,293224748,153.0
expected_value,710,368267277,174.0
expected_value,711,671294040,130.0
expected_value,712,360202605,94.0
expected_value,713,1537421868,120.0
expected_value,714,884754811,95.0
expected_value,715,1935114894,190.0
expected_value,716,609282018,162.0
expected_value,717,733886752,79.0
expected_value,718,641890153,125.0
expected_value,719,513127713,117.0
expected_value,720,1805205897,129.0
expected_value,721,1764784886,121.0
expected_value,722,635042477,105.0
expected_value,723,1256240739,117.0
expected_value,724,1886651986,114.0
expected_value,725,1023465841,118.0
expected_value,726,1938097305,182.0
expected_value,727,550077981,112.0
expected_value,728,485126279,108.0
expected_value,729,156032615,161.0
expected_value,730,1356092478,149.0
expected_value,731,38421533,139.0
expected_value,732,382256943,90.0
expected_value,733,1245476478,135.0
expected_value,734,946263127,125.0
expected_value,735,410406186,142.0
expected_value,736,1100944843,133.0
expected_value,737,2094941118,93.0
expected_value,738,2111460460,196.0
expected_value,739,230805589,111.0
expected_value,740,1617478719,145.0
expected_value,741,970853279,145.0
expected_value,742,1000233456,103.0
expected_value,743,847525460,100.0
expected_value,744,1797160854,109.0
expected_value,745,498885093,121.0
expected_value,746,1255570839,147.0
expected_value,747,1607940674,114.0
expected_value,748,889904399,79.0
expected_value,749,1382345449,125.0
expected_value,750,254368654,119.0
expected_value,751,1558552760,185.0
expected_value,752,652360611,185.0
expected_value,753,177830062,179.0
expected_value,754,634352408,148.0
expected_value,755,757510716,164.0
expected_value,756,1384402027,103.0
expected_value,757,1116333025,171.0
expected_value,758,1789070742,142.0
expected_value,759,916376677,141.0
expected_value,760,1904168042,172.0
expected_value,761,87225549,114.0
expected_value,762,697978994,115.0
expected_value,763,416670786,121.0
expected_value,764,820925147,92.0
expected_value,765,2029424978,141.0
expected_value,766,290390494,129.0
expected_value,767,349115825,107.0
expected_value,768,876472099,118.0
expected_value,769,1829768450,118.0
expected_value,770,17438250,125.0
expected_value,771,1765526104,147.0
expected_value,772,1673839949,117.0
expected_value,773,840296944,155.0
expected_value,774,92081475,142.0
expected_value,775,1002409975,98.0
expected_value,776,1506000340,139.0
expected_value,777,1769530406,114.0
expected_value,778,340314366,93.0
expected_value,779,1461762752,146.0
expected_value,780,1191646889,165.0
expected_value,781,1797322987,151.0
expected_value,782,1525204830,122.0
expected_value,783,1626926278,81.0
expected_value,784,1835955388,95.0
expected_value,785,1484494197,153.0
expected_value,786,846921924,129.0
expected_value,787,1960596962,111.0
expected_value,788,1195672265,116.0
expected_value,789,1766964862,134.0
expected_value,790,220808120,157.0
expected_value,791,384534193,154.0
expected_value,792,1175220634,130.0
expected_value,793,1606799394,116.0
expected_value,794,2042193668,116.0
expected_value,795,186146723,116.0
expected_value,796,1847567195,151.0
expected_value,797,914519311,109.0
expected_value,798,2040634360,126.0
expected_value,799,852018189,161.0
expected_value,800,1974313088,125.0
expected_value,801,434152675,124.0
expected_value,802,736375715,114.0
expected_value,803,2014135883,160.0
expected_value,804,2114677001,143.0
expected_value,805,203531366,104.0
expected_value,806,312383339,141.0
expected_value,807,10521413,126.0
expected_value,808,2007520119,107.0
expected_value,809,693467144,121.0
expected_value,810,1139849125,106.0
expected_value,811,2127608080,90.0
expected_value,812,1801460860,144.0
expected_value,813,568428459,112.0
expected_value,814,801859849,93.0
expected_value,815,1783902350,148.0
expected_value,816,1061961621,153.0
expected_value,817,371758704,129.0
expected_value,818,2021463056,129.0
expected_value,819,1259237927,103.0
expected_value,820,1667716325,153.0
expected_value,821,2058168374,126.0
expected_value,822,1312796538,115.0
expected_value,823,1538700453,114.0
expected_value,824,1844212931,156.0
expected_value,825,2105624842,137.0
expected_value,826,1152712767,72.0
expected_value,827,1233851007,120.0
expected_value,828,1436026797,118.0
expected_value,829,2111695201,98.0
expected_value,830,969140808,146.0
expected_value,831,1797544812,130.0
expected_value,832,596561611,119.0
expected_value,833,1671275338,120.0
expected_value,834,239728442,96.0
expected_value,835,1908017502,97.0
expected_value,836,730280731,130.0
expected_value,837,1356117706,102.0
expected_value,838,303332141,143.0
expected_value,839,765287035,111.0
expected_value,840,205869495,146.0
expected_value,841,1134477900,140.0
expected_value,842,2119161086,124.0
expected_value,843,486405895,128.0
expected_value,844,577453054,132.0
expected_value,845,1669763290,117.0
expected_value,846,404875524,149.0
expected_value,847,365240800,152.0
expected_value,848,463177354,150.0
expected_value,849,1239523156,104.0
expected_value,850,1081694326,126.0
expected_value,851,1150834187,119.0
expected_value,852,58832247,115.0
expected_value,853,1442900282,164.0
expected_value,854,673292751,149.0
expected_value,855,1633132534,110.0
expected_value,856,1789505226,127.0
expected_value,857,235853588,130.0
expected_value,858,633033279,110.0
expected_value,859,1342050495,116.0
expected_value,860,375429809,129.0
expected_value,861,888963488,155.0
expected_value,862,751854142,132.0
expected_value,863,1318987538,177.0
expected_value,864,1597079899,139.0
expected_value,865,1490320457,182.0
expected_value,866,681822850,115.0
expected_value,867,1257307835,132.0
expected_value,868,1722119280,108.0
expected_value,869,1573860864,135.0
expected_value,870,1692113894,144.0
expected_value,871,1116745735,173.0
expected_value,872,1248530885,122.0
expected_value,873,994001050,146.0
expected_value,874,1315297668,116.0
expected_value,875,615831448,142.0
expected_value,876,987067693,107.0
expected_value,877,492099463,124.0
expected_value,878,1082938568,133.0
expected_value,879,1493149902,124.0
expected_value,880,1686683774,151.0
expected_value,881,1494028752,131.0
expected_value,882,374472387,102.0
expected_value,883,419795499,159.0
expected_value,884,802845225,116.0
expected_value,885,2087004959,121.0
expected_value,886,59780923,164.0
expected_value,887,1441285325,132.0
expected_value,888,631597703,104.0
expected_value,889,1140777937,110.0
expected_value,890,186700091,122.0
expected_value,891,1806410311,119.0
expected_value,892,1874322889,123.0
expected_value,893,1044794674,121.0
expected_value,894,1674763081,155.0
expected_value,895,1022083825,140.0
expected_value,896,1561308310,129.0
expected_value,897,554640050,118.0
expected_value,898,683416295,102.0
expected_value,899,335298392,136.0
expected_value,900,975234078,118.0
expected_value,901,1528193555,116.0
expected_value,902,1678435637,152.0
expected_value,903,1812714500,169.0
expected_value,904,409965907,144.0
expected_value,905,1455561791,105.0
expected_value,906,580302179,98.0
expected_value,907,792038175,101.0
expected_value,908,795767121,124.0
expected_value,909,1236353775,126.0
expected_value,910,1263252595,162.0
expected_value,911,1209919073,111.0
expected_value,912,139368607,122.0
expected_value,913,2011260348,134.0
expected_value,914,1830209564,158.0
expected_value,915,832524030,111.0
expected_value,916,1227570255,88.0
expected_value,917,353868050,113.0
expected_value,918,1363133090,119.0
expected_value,919,1883199047,104.0
expected_value,920,1993590360,108.0
expected_value,921,1921414815,134.0
expected_value,922,118372896,159.0
expected_value,923,103649575,134.0
expected_value,924,1582421304,101.0
expected_value,925,425682864,126.0
expected_value,926,406030753,131.0
expected_value,927,1366408740,116.0
expected_value,928,128117409,99.0
expected_value,929,1694032071,117.0
expected_value,930,384236439,171.0
expected_value,931,1302862236,110.0
expected_value,932,1353983433,118.0
expected_value,933,411434665,119.0
expected_value,934,861286954,144.0
expected_value,935,252633358,138.0
expected_value,936,2106550991,139.0
expected_value,937,1086567956,98.0
expected_value,938,318074429,150.0
expected_value,939,1751295262,113.0
expected_value,940,1588477391,124.0
expected_value,941,466148221,154.0
expected_value,942,727895293,144.0
expected_value,943,161346233,113.0
expected_value,944,1195507444,171.0
expected_value,945,1183360116,104.0
expected_value,946,113615205,98.0
expected_value,947,411924188,114.0
expected_value,948,976210525,125.0
expected_value,949,144791336,138.0
expected_value,950,1593074256,92.0
expected_value,951,1660573078,143.0
expected_value,952,1524180917,132.0
expected_value,953,1763570706,129.0
expected_value,954,1720259465,128.0
expected_value,955,855419081,173.0
expected_value,956,965291152,121.0
expected_value,957,631524174,103.0
expected_value,958,365427907,123.0
expected_value,959,595112578,118.0
expected_value,960,1553182713,127.0
expected_value,961,775180233,135.0
expected_value,962,2140580276,112.0
expected_value,963,1238899728,165.0
expected_value,964,1428626064,130.0
expected_value,965,1133484985,115.0
expected_value,966,1711780689,129.0
expected_value,967,763106555,111.0
expected_value,968,1314870853,110.0
expected_value,969,1368851128,127.0
expected_value,970,1859547262,140.0
expected_value,971,1451199530,101.0
expected_value,972,1284319632,122.0
expected_value,973,1198894910,139.0
expected_value,974,117890804,128.0
expected_value,975,831709496,138.0
expected_value,976,670017791,136.0
expected_value,977,1339821021,96.0
expected_value,978,678567611,117.0
expected_value,979,1271101547,164.0
expected_value,980,1070586812,144.0
expected_value,981,730839918,153.0
expected_value,982,1088807710,114.0
expected_value,983,651119216,117.0
expected_value,984,464923196,86.0
expected_value,985,1171986792,141.0
expected_value,986,2123252827,158.0
expected_value,987,1314993870,133.0
expected_value,988,1325045124,136.0
expected_value,989,1311679658,114.0
expected_value,990,1894174780,200.0
expected_value,991,822138363,94.0
expected_value,992,910435505,151.0
expected_value,993,1214990213,149.0
expected_value,994,1199307439,146.0
expected_value,995,2116924171,131.0
expected_value,996,386336714,102.0
expected_value,997,919175655,125.0
expected_value,998,452654723,155.0
expected_value,999,1810360313,93.0
expected_value,1000,1188373858,128.0
expected_value,1001,174641296,114.0
expected_value,1002,397629223,133.0
expected_value,1003,1879538362,128.0
expected_value,1004,950801595,102.0
expected_value,1005,2022298569,121.0
expected_value,1006,197324348,120.0
expected_value,1007,562348691,131.0
expected_value,1008,1175467881,161.0
expected_value,1009,25987591,149.0
expected_value,1010,839699341,101.0
expected_value,1011,1037252669,90.0
expected_value,1012,510691698,117.0
expected_value,1013,392371585,110.0
expected_value,1014,1990041840,118.0
expected_value,1015,2086562229,142.0
expected_value,1016,1074274468,136.0
expected_value,1017,1927792709,153.0
expected_value,1018,1043865367,115.0
expected_value,1019,2063012132,98.0
expected_value,1020,92871109,130.0
expected_value,1021,1296800214,117.0
expected_value,1022,90643067,130.0
expected_value,1023,1106298463,114.0
expected_value,1024,1897399387,153.0
expected_value,1025,1788247963,146.0
expected_value,1026,459071586,171.0
expected_value,1027,1400908735,109.0
expected_value,1028,358780876,165.0
expected_value,1029,533773545,160.0
expected_value,1030,916810175,157.0
expected_value,1031,2006363988,163.0
expected_value,1032,1441274222,142.0
expected_value,1033,944247378,107.0
expected_value,1034,441413443,136.0
expected_value,1035,1661199350,128.0
expected_value,1036,1268315566,145.0
expected_value,1037,1075756070,143.0
expected_value,1038,1404343317,98.0
expected_value,1039,393754533,125.0
expected_value,1040,1962426203,115.0
expected_value,1041,635498064,159.0
expected_value,1042,1027177638,184.0
expected_value,1043,1233537732,167.0
expected_value,1044,375640543,112.0
expected_value,1045,307094637,118.0
expected_value,1046,1019727150,139.0
expected_value,1047,29501826,156.0
expected_value,1048,1297841315,149.0
expected_value,1049,931774308,130.0
expected_value,1050,513334963,141.0
expected_value,1051,1636805962,133.0
expected_value,1052,700559671,140.0
expected_value,1053,1318892701,119.0
expected_value,1054,450124998,101.0
expected_value,1055,696099041,150.0
expected_value,1056,1345323893,113.0
expected_value,1057,1540263187,100.0
expected_value,1058,1375129957,119.0
expected_value,1059,1040487251,176.0
expected_value,1060,540535454,194.0
expected_value,1061,2146412809,128.0
expected_value,1062,1956725083,127.0
expected_value,1063,1666515282,162.0
expected_value,1064,626098422,128.0
expected_value,1065,1783767436,134.0
expected_value,1066,1242589652,92.0
expected_value,1067,557377031,141.0
expected_value,1068,1677595201,111.0
expected_value,1069,327050941,101.0
expected_value,1070,1244513964,147.0
expected_value,1071,428001885,174.0
expected_value,1072,158524869,125.0
expected_value,1073,928281942,178.0
expected_value,1074,959837937,160.0
expected_value,1075,1099831858,171.0
expected_value,1076,12539184,91.0
expected_value,1077,417920391,102.0
expected_value,1078,176454373,119.0
expected_value,1079,1674918641,141.0
expected_value,1080,106358874,125.0
expected_value,1081,1864941702,160.0
expected_value,1082,457800709,137.0
expected_value,1083,678615539,88.0
expected_value,1084,723218627,114.0
expected_value,1085,1091059553,94.0
expected_value,1086,784473433,109.0
expected_value,1087,1276409738,95.0
expected_value,1088,812556558,98.0
expected_value,1089,1551295315,134.0
expected_value,1090,2125053280,126.0
expected_value,1091,316694683,134.0
expected_value,1092,256334513,128.0
expected_value,1093,603166011,104.0
expected_value,1094,435835237,111.0
expected_value,1095,1569179176,121.0
expected_value,1096,1557752379,103.0
expected_value,1097,1220183702,134.0
expected_value,1098,2132570010,127.0
expected_value,1099,1932618874,104.0
expected_value,1100,2108361975,137.0
expected_value,1101,961768508,78.0
expected_value,1102,1189476410,116.0
expected_value,1103,873194435,152.0
expected_value,1104,606286067,122.0
expected_value,1105,658219237,106.0
expected_value,1106,1596688606,106.0
expected_value,1107,496868815,169.0
expected_value,1108,314786738,126.0
expected_value,1109,1397510061,131.0
expected_value,1110,1154216559,131.0
expected_value,1111,568408860,121.0
expected_value,1112,651248695,104.0
expected_value,1113,1851722579,133.0
expected_value,1114,87346764,97.0
expected_value,1115,581213003,161.0
expected_value,1116,1199649634,88.0
expected_value,1117,1446028796,134.0
expected_value,1118,1232144873,115.0
expected_value,1119,1220166152,130.0
expected_value,1120,1660833422,136.0
expected_value,1121,1349604990,155.0
expected_value,1122,1349724428,114.0
expected_value,1123,1922892882,184.0
expected_value,1124,1629534575,155.0
expected_value,1125,365047419,112.0
expected_value,1126,2077685253,106.0
expected_value,1127,321726434,114.0
expected_value,1128,2029144591,143.0
expected_value,1129,261783026,142.0
expected_value,1130,2108833679,138.0
expected_value,1131,164151546,90.0
expected_value,1132,1904109614,101.0
expected_value,1133,1147252386,116.0
expected_value,1134,1209926187,151.0
expected_value,1135,355904938,160.0
expected_value,1136,282508792,115.0
expected_value,1137,1733379930,119.0
expected_value,1138,524113175,159.0
expected_value,1139,48555744,84.0
expected_value,1140,976697473,117.0
expected_value,1141,804462345,149.0
expected_value,1142,968994524,101.0
expected_value,1143,1016197790,174.0
expected_value,1144,140479874,161.0
expected_value,1145,464990984,165.0
expected_value,1146,579305194,118.0
expected_value,1147,764302786,140.0
expected_value,1148,909662760,124.0
expected_value,1149,478440964,106.0
expected_value,1150,1720687798,107.0
expected_value,1151,605221249,117.0
expected_value,1152,940878817,107.0
expected_value,1153,1990440445,169.0
expected_value,1154,2142165920,128.0
expected_value,1155,895877276,122.0
expected_value,1156,832694851,156.0
expected_value,1157,828638651,112.0
expected_value,1158,763401035,144.0
expected_value,1159,1312487141,114.0
expected_value,1160,1373420420,158.0
expected_value,1161,1426233776,146.0
expected_value,1162,1675640649,150.0
expected_value,1163,1417933082,100.0
expected_value,1164,579553631,131.0
expected_value,1165,182018495,131.0
expected_value,1166,884861711,99.0
expected_value,1167,1249626272,125.0
expected_value,1168,1967942182,169.0
expected_value,1169,1580383895,164.0
expected_value,1170,683478958,119.0
expected_value,1171,1708470056,145.0
expected_value,1172,1407340574,170.0
expected_value,1173,1263867681,123.0
expected_value,1174,1838524589,126.0
expected_value,1175,280403506,135.0
expected_value,1176,1058952260,114.0
expected_value,1177,179830975,97.0
expected_value,1178,1592378060,126.0
expected_value,1179,693752522,118.0
expected_value,1180,1660016341,120.0
expected_value,1181,1991917374,133.0
expected_value,1182,1838555717,145.0
expected_value,1183,1014938414,100.0
expected_value,1184,1332490406,124.0
expected_value,1185,1923015571,139.0
expected_value,1186,247282820,127.0
expected_value,1187,987144445,129.0
expected_value,1188,629618264,133.0
expected_value,1189,1621603785,152.0
expected_value,1190,2121396109,140.0
expected_value,1191,1041802676,173.0
expected_value,1192,973520221,147.0
expected_value,1193,1521926516,153.0
expected_value,1194,546476013,95.0
expected_value,1195,681137309,97.0
expected_value,1196,356613291,141.0
expected_value,1197,1910971101,131.0
expected_value,1198,1088655736,84.0
expected_value,1199,570603732,126.0
expected_value,1200,1334588899,103.0
expected_value,1201,13264638,115.0
expected_value,1202,785908892,138.0
expected_value,1203,1548691732,115.0
expected_value,1204,2068249059,151.0
expected_value,1205,1452997019,115.0
expected_value,1206,270078281,97.0
expected_value,1207,1410685121,142.0
expected_value,1208,1536529377,146.0
expected_value,1209,1476212475,146.0
expected_value,1210,299848981,152.0
expected_value,1211,1258992805,105.0
expected_value,1212,836097736,173.0
expected_value,1213,247559666,115.0
expected_value,1214,2112659905,137.0
expected_value,1215,1437104049,106.0
expected_value,1216,1803898121,131.0
expected_value,1217,14170221,146.0
expected_value,1218,895342327,120.0
expected_value,1219,392652092,98.0
expected_value,1220,1947031888,157.0
expected_value,1221,903829492,143.0
expected_value,1222,1423684745,116.0
expected_value,1223,812542056,126.0
expected_value,1224,2005066142,100.0
expected_value,1225,255475740,161.0
expected_value,1226,278816511,170.0
expected_value,1227,916884472,165.0
expected_value,1228,1253958850,125.0
expected_value,1229,1339207832,105.0
expected_value,1230,1863455860,163.0
expected_value,1231,810596546,142.0
expected_value,1232,2038637517,130.0
expected_value,1233,1521491053,148.0
expected_value,1234,1231566532,150.0
expected_value,1235,495901423,143.0
expected_value,1236,1593244351,137.0
expected_value,1237,308862419,86.0
expected_value,1238,123556460,114.0
expected_value,1239,1608250169,86.0
expected_value,1240,522418958,130.0
expected_value,1241,1436082722,138.0
expected_value,1242,1206567758,144.0
expected_value,1243,922066542,207.0
expected_value,1244,976664938,119.0
expected_value,1245,293705507,160.0
expected_value,1246,654866803,126.0
expected_value,1247,1425249976,106.0
expected_value,1248,816569873,90.0
expected_value,1249,1610517708,144.0
expected_value,1250,2033843632,104.0
expected_value,1251,352064166,104.0
expected_value,1252,410462965,136.0
expected_value,1253,1480264207,81.0
expected_value,1254,546529668,138.0
expected_value,1255,763724827,165.0
expected_value,1256,1958521102,104.0
expected_value,1257,1965202260,142.0
expected_value,1258,1984483513,107.0
expected_value,1259,1613919188,93.0
expected_value,1260,103607450,157.0
expected_value,1261,587833211,85.0
expected_value,1262,1356374191,132.0
expected_value,1263,2014396181,100.0
expected_value,1264,552654764,135.0
expected_value,1265,54186930,158.0
expected_value,1266,1503562949,88.0
expected_value,1267,396906548,140.0
expected_value,1268,1894460404,120.0
expected_value,1269,519482674,117.0
expected_value,1270,271886261,147.0
expected_value,1271,1572130007,106.0
expected_value,1272,440653675,115.0
expected_value,1273,1129937240,102.0
expected_value,1274,2086656614,138.0
expected_value,1275,997238594,142.0
expected_value,1276,636121197,130.0
expected_value,1277,477886705,110.0
expected_value,1278,1061186134,150.0
expected_value,1279,1624500748,179.0
expected_value,1280,1575442966,144.0
expected_value,1281,251484095,121.0
expected_value,1282,1270416916,117.0
expected_value,1283,531161225,138.0
expected_value,1284,787334591,113.0
expected_value,1285,1731645599,123.0
expected_value,1286,1772935928,94.0
expected_value,1287,968617053,143.0
expected_value,1288,532710756,97.0
expected_value,1289,1882951750,133.0
expected_value,1290,1835401190,130.0
expected_value,1291,1292063824,153.0
expected_value,1292,897899418,116.0
expected_value,1293,1695534217,141.0
expected_value,1294,845974056,151.0
expected_value,1295,402445463,135.0
expected_value,1296,2041107446,126.0
expected_value,1297,679081289,158.0
expected_value,1298,1480075886,171.0
expected_value,1299,808970085,134.0
expected_value,1300,2088449069,87.0
expected_value,1301,1061284712,144.0
expected_value,1302,1222830594,93.0
expected_value,1303,1014615208,148.0
expected_value,1304,1897300243,118.0
expected_value,1305,1766232623,112.0
expected_value,1306,1157638765,133.0
expected_value,1307,371923834,157.0
expected_value,1308,728005477,119.0
expected_value,1309,1828552077,102.0
expected_value,1310,2095817265,168.0
expected_value,1311,1909212377,122.0
expected_value,1312,2062390879,117.0
expected_value,1313,162175893,122.0
expected_value,1314,902652305,123.0
expected_value,1315,20165664,133.0
expected_value,1316,143195844,67.0
expected_value,1317,628682221,127.0
expected_value,1318,1243466046,120.0
expected_value,1319,860592835,120.0
expected_value,1320,874970510,131.0
expected_value,1321,2084024231,142.0
expected_value,1322,2143083161,144.0
expected_value,1323,153348793,149.0
expected_value,1324,747669488,153.0
expected_value,1325,1677840280,134.0
expected_value,1326,776557818,133.0
expected_value,1327,1020967313,138.0
expected_value,1328,1109946743,98.0
expected_value,1329,278901270,147.0
expected_value,1330,966505138,174.0
expected_value,1331,786151476,122.0
expected_value,1332,886684139,98.0
expected_value,1333,817979542,162.0
expected_value,1334,5726271,144.0
expected_value,1335,523067961,109.0
expected_value,1336,1487643066,103.0
expected_value,1337,632141355,115.0
expected_value,1338,2125158589,128.0
expected_value,1339,901768822,141.0
expected_value,1340,777841243,93.0
expected_value,1341,2066440609,192.0
expected_value,1342,429177103,122.0
expected_value,1343,985395568,119.0
expected_value,1344,1732949829,88.0
expected_value,1345,2040399400,135.0
expected_value,1346,1998237881,113.0
expected_value,1347,65567123,113.0
expected_value,1348,1078211638,90.0
expected_value,1349,141970698,158.0
expected_value,1350,914560764,151.0
expected_value,1351,59734203,142.0
expected_value,1352,608515553,125.0
expected_value,1353,1430105220,108.0
expected_value,1354,1812090125,138.0
expected_value,1355,472946102,159.0
expected_value,1356,876247960,131.0
expected_value,1357,1237852912,148.0
expected_value,1358,1656139107,153.0
expected_value,1359,1708035769,111.0
expected_value,1360,2138631294,107.0
expected_value,1361,712564963,147.0
expected_value,1362,1178552782,152.0
expected_value,1363,527588397,133.0
expected_value,1364,13605525,118.0
expected_value,1365,1557803078,161.0
expected_value,1366,988321588,162.0
expected_value,1367,1021982728,102.0
expected_value,1368,1101938571,125.0
expected_value,1369,320426348,152.0
expected_value,1370,1561631560,150.0
expected_value,1371,187786959,138.0
expected_value,1372,145716385,154.0
expected_value,1373,1583055153,154.0
expected_value,1374,816005889,157.0
expected_value,1375,1847721418,119.0
expected_value,1376,1774422440,140.0
expected_value,1377,1912038002,152.0
expected_value,1378,420695118,121.0
expected_value,1379,1095407801,99.0
expected_value,1380,2057334841,142.0
expected_value,1381,329541171,144.0
expected_value,1382,1795408317,158.0
expected_value,1383,484595602,117.0
expected_value,1384,643493836,134.0
expected_value,1385,973935135,136.0
expected_value,1386,1057774156,143.0
expected_value,1387,1829349779,163.0
expected_value,1388,1806234937,120.0
expected_value,1389,1396288323,105.0
expected_value,1390,966813445,145.0
expected_value,1391,588854955,126.0
expected_value,1392,581435541,113.0
expected_value,1393,1623365870,131.0
expected_value,1394,787110923,120.0
expected_value,1395,935100655,136.0
expected_value,1396,637537969,134.0
expected_value,1397,2110469501,137.0
expected_value,1398,869591021,97.0
expected_value,1399,920684516,123.0
expected_value,1400,1871181142,164.0
expected_value,1401,1797865468,120.0
expected_value,1402,270725422,132.0
expected_value,1403,31227915,169.0
expected_value,1404,1861661986,141.0
expected_value,1405,1542368421,130.0
expected_value,1406,1980419325,131.0
expected_value,1407,855725939,160.0
expected_value,1408,463710772,117.0
expected_value,1409,1071614328,171.0
expected_value,1410,367619846,88.0
expected_value,1411,426975154,149.0
expected_value,1412,1530882847,89.0
expected_value,1413,1996110775,157.0
expected_value,1414,604909076,183.0
expected_value,1415,428734401,101.0
expected_value,1416,1870826181,141.0
expected_value,1417,1205998262,123.0
expected_value,1418,1441168111,156.0
expected_value,1419,1282789957,113.0
expected_value,1420,1540939945,109.0
expected_value,1421,1843493221,93.0
expected_value,1422,187219305,98.0
expected_value,1423,1002158762,140.0
expected_value,1424,1764836703,76.0
expected_value,1425,1782177954,125.0
expected_value,1426,1806719698,159.0
expected_value,1427,1125059303,141.0
expected_value,1428,539977091,145.0
expected_value,1429,2053713042,116.0
expected_value,1430,2013264950,119.0
expected_value,1431,1538903603,145.0
expected_value,1432,936067461,125.0
expected_value,1433,1958731132,108.0
expected_value,1434,658896624,74.0
expected_value,1435,2023703832,134.0
expected_value,1436,1562866299,121.0
expected_value,1437,1722810501,150.0
expected_value,1438,1545023491,172.0
expected_value,1439,262782304,134.0
expected_value,1440,222595588,142.0
expected_value,1441,267208379,122.0
expected_value,1442,2052207095,149.0
expected_value,1443,1323369080,115.0
expected_value,1444,1974161620,138.0
expected_value,1445,582411915,101.0
expected_value,1446,1138658127,100.0
expected_value,1447,827108317,110.0
expected_value,1448,1550035240,111.0
expected_value,1449,373293166,94.0
expected_value,1450,1679968577,142.0
expected_value,1451,1636751182,111.0
expected_value,1452,1427485836,142.0
expected_value,1453,1835019844,129.0
expected_value,1454,2144465877,126.0
expected_value,1455,285195764,96.0
expected_value,1456,1786184807,155.0
expected_value,1457,1109894574,126.0
expected_value,1458,1796957385,112.0
expected_value,1459,848283807,114.0
expected_value,1460,142972580,163.0
expected_value,1461,1696544976,153.0
expected_value,1462,312436814,117.0
expected_value,1463,998563360,139.0
expected_value,1464,1529564832,88.0
expected_value,1465,1569400481,117.0
expected_value,1466,101732488,124.0
expected_value,1467,1215698817,103.0
expected_value,1468,188198385,105.0
expected_value,1469,2100771827,165.0
expected_value,1470,1108782141,108.0
expected_value,1471,901155168,157.0
expected_value,1472,863055636,109.0
expected_value,1473,2121007041,99.0
expected_value,1474,1590397258,95.0
expected_value,1475,892147563,143.0
expected_value,1476,1563258461,104.0
expected_value,1477,392277941,117.0
expected_value,1478,858296908,140.0
expected_value,1479,1679506287,105.0
expected_value,1480,1736378460,89.0
expected_value,1481,583512113,114.0
expected_value,1482,1060530195,106.0
expected_value,1483,1214949032,124.0
expected_value,1484,1838408131,93.0
expected_value,1485,1387306819,121.0
expected_value,1486,1121258845,133.0
expected_value,1487,428803646,127.0
expected_value,1488,1058046379,156.0
expected_value,1489,73888331,93.0
expected_value,1490,1399193542,159.0
expected_value,1491,2119637964,126.0
expected_value,1492,1272102722,168.0
expected_value,1493,1755331965,135.0
expected_value,1494,846744150,142.0
expected_value,1495,265655011,122.0
expected_value,1496,830481064,161.0
expected_value,1497,1821000484,133.0
expected_value,1498,1359448513,107.0
expected_value,1499,554330386,133.0
expected_value,1500,1648647049,93.0
expected_value,1501,531039935,146.0
expected_value,1502,538074083,98.0
expected_value,1503,1659180977,112.0
expected_value,1504,658391309,152.0
expected_value,1505,1626422536,66.0
expected_value,1506,2145634501,119.0
expected_value,1507,1816679561,151.0
expected_value,1508,1730729211,127.0
expected_value,1509,293457951,91.0
expected_value,1510,1145614524,114.0
expected_value,1511,1605429085,100.0
expected_value,1512,1897165195,119.0
expected_value,1513,1008939086,127.0
expected_value,1514,464159963,153.0
expected_value,1515,699829289,111.0
expected_value,1516,926103463,102.0
expected_value,1517,1576903421,130.0
expected_value,1518,335342570,142.0
expected_value,1519,1814930945,143.0
expected_value,1520,2098545251,121.0
expected_value,1521,692479203,164.0
expected_value,1522,1931737444,112.0
expected_value,1523,332455285,129.0
expected_value,1524,401624801,155.0
expected_value,1525,2129626715,122.0
expected_value,1526,1261356746,155.0
expected_value,1527,1973945470,110.0
expected_value,1528,1062826723,154.0
expected_value,1529,622429129,149.0
expected_value,1530,543383985,183.0
expected_value,1531,1748941408,130.0
expected_value,1532,198086111,117.0
expected_value,1533,192614727,126.0
expected_value,1534,1314453106,86.0
expected_value,1535,1959677413,137.0
expected_value,1536,507857374,175.0
expected_value,1537,1663553007,118.0
expected_value,1538,1471362574,120.0
expected_value,1539,422760319,140.0
expected_value,1540,1501934392,115.0
expected_value,1541,634983527,114.0
expected_value,1542,1108358225,99.0
expected_value,1543,1278944311,113.0
expected_value,1544,376200933,128.0
expected_value,1545,763983766,143.0
expected_value,1546,1510970459,187.0
expected_value,1547,1581050079,128.0
expected_value,1548,423427660,122.0
expected_value,1549,1272089574,145.0
expected_value,1550,245805074,94.0
expected_value,1551,444590645,147.0
expected_value,1552,1997726839,157.0
expected_value,1553,1310200194,108.0
expected_value,1554,1989119059,146.0
expected_value,1555,30191654,153.0
expected_value,1556,270633492,148.0
expected_value,1557,239976605,136.0
expected_value,1558,714293236,174.0
expected_value,1559,346191150,129.0
expected_value,1560,960975667,150.0
expected_value,1561,759517102,104.0
expected_value,1562,1457259087,86.0
expected_value,1563,25575967,127.0
expected_value,1564,944559259,83.0
expected_value,1565,1996961200,113.0
expected_value,1566,1830693228,119.0
expected_value,1567,514341564,135.0
expected_value,1568,425986517,106.0
expected_value,1569,581191861,158.0
expected_value,1570,1927252044,133.0
expected_value,1571,806685751,106.0
expected_value,1572,289264001,138.0
expected_value,1573,2020221008,118.0
expected_value,1574,1699697044,141.0
expected_value,1575,755526255,154.0
expected_value,1576,1352520485,142.0
expected_value,1577,925850758,149.0
expected_value,1578,34737496,148.0
expected_value,1579,641039486,204.0
expected_value,1580,923047938,137.0
expected_value,1581,2096470248,117.0
expected_value,1582,1104146932,149.0
expected_value,1583,783524923,145.0
expected_value,1584,306344509,89.0
expected_value,1585,179395245,172.0
expected_value,1586,1289807279,159.0
expected_value,1587,1413006431,107.0
expected_value,1588,1343560136,149.0
expected_value,1589,1538897348,151.0
expected_value,1590,316004615,130.0
expected_value,1591,799381512,156.0
expected_value,1592,1110556577,150.0
expected_value,1593,453946164,200.0
expected_value,1594,1447422048,149.0
expected_value,1595,878860798,116.0
expected_value,1596,1855095263,111.0
expected_value,1597,942891801,88.0
expected_value,1598,571431796,162.0
expected_value,1599,2137390051,117.0
expected_value,1600,2118164916,153.0
expected_value,1601,1843475823,156.0
expected_value,1602,1093235665,138.0
expected_value,1603,1333391705,108.0
expected_value,1604,432905187,178.0
expected_value,1605,416435621,153.0
expected_value,1606,1738159737,113.0
expected_value,1607,1477285184,136.0
expected_value,1608,1069645297,108.0
expected_value,1609,1629937945,132.0
expected_value,1610,384213127,129.0
expected_value,1611,161896083,114.0
expected_value,1612,1092473549,125.0
expected_value,1613,814941088,136.0
expected_value,1614,491512727,111.0
expected_value,1615,701900300,137.0
expected_value,1616,494511528,97.0
expected_value,1617,1224991936,137.0
expected_value,1618,943483130,97.0
expected_value,1619,1402421106,125.0
expected_value,1620,46773314,135.0
expected_value,1621,389527309,89.0
expected_value,1622,786418225,155.0
expected_value,1623,1008585958,153.0
expected_value,1624,1746132385,151.0
expected_value,1625,2130664311,196.0
expected_value,1626,79153495,160.0
expected_value,1627,34043283,82.0
expected_value,1628,1783769358,109.0
expected_value,1629,796702714,148.0
expected_value,1630,1949939908,127.0
expected_value,1631,717930548,196.0
expected_value,1632,1738952928,125.0
expected_value,1633,870982902,165.0
expected_value,1634,144385951,144.0
expected_value,1635,1866579290,96.0
expected_value,1636,361352692,113.0
expected_value,1637,941252902,128.0
expected_value,1638,520441410,76.0
expected_value,1639,1896395567,174.0
expected_value,1640,772769448,103.0
expected_value,1641,1235962400,137.0
expected_value,1642,101265475,175.0
expected_value,1643,911859556,79.0
expected_value,1644,364728260,103.0
expected_value,1645,541816754,103.0
expected_value,1646,298239498,136.0
expected_value,1647,1768697285,165.0
expected_value,1648,1911958744,112.0
expected_value,1649,1383410077,163.0
expected_value,1650,1079078291,123.0
expected_value,1651,455752014,142.0
expected_value,1652,1211536617,147.0
expected_value,1653,279324257,167.0
expected_value,1654,985952697,138.0
expected_value,1655,269361726,131.0
expected_value,1656,318456309,131.0
expected_value,1657,1952217174,95.0
expected_value,1658,984030295,142.0
expected_value,1659,866276730,96.0
expected_value,1660,932433968,143.0
expected_value,1661,1761597573,142.0
expected_value,1662,1033713175,140.0
expected_value,1663,1922775452,99.0
expected_value,1664,602274148,160.0
expected_value,1665,486046518,111.0
expected_value,1666,445873904,158.0
expected_value,1667,69948588,148.0
expected_value,1668,5010725,126.0
expected_value,1669,387268796,97.0
expected_value,1670,684749289,137.0
expected_value,1671,1659959129,164.0
expected_value,1672,790014040,105.0
expected_value,1673,33099543,177.0
expected_value,1674,862900165,154.0
expected_value,1675,1211464373,114.0
expected_value,1676,26541411,75.0
expected_value,1677,410742251,93.0
expected_value,1678,2044726575,121.0
expected_value,1679,1646391277,125.0
expected_value,1680,1421060663,157.0
expected_value,1681,1029451468,89.0
expected_value,1682,481869309,127.0
expected_value,1683,1179140189,111.0
expected_value,1684,1638711222,90.0
expected_value,1685,630089433,166.0
expected_value,1686,945139379,118.0
expected_value,1687,980494870,166.0
expected_value,1688,1432881081,137.0
expected_value,1689,98167066,101.0
expected_value,1690,1363157945,106.0
expected_value,1691,1738430203,121.0
expected_value,1692,119627395,117.0
expected_value,1693,1948839097,145.0
expected_value,1694,1301158798,130.0
expected_value,1695,1616298240,114.0
expected_value,1696,714520067,87.0
expected_value,1697,1064340725,93.0
expected_value,1698,1586412580,127.0
expected_value,1699,1812013091,144.0
expected_value,1700,1287324080,131.0
expected_value,1701,8205267,121.0
expected_value,1702,1166786762,171.0
expected_value,1703,1430132640,134.0
expected_value,1704,603975729,125.0
expected_value,1705,1647948708,158.0
expected_value,1706,1664770359,137.0
expected_value,1707,701488927,114.0
expected_value,1708,609466269,133.0
expected_value,1709,1839473698,129.0
expected_value,1710,1481179909,115.0
expected_value,1711,408024,160.0
expected_value,1712,578860974,144.0
expected_value,1713,1357467816,126.0
expected_value,1714,1338891554,129.0
expected_value,1715,646444076,113.0
expected_value,1716,1937537255,114.0
expected_value,1717,1349968185,108.0
expected_value,1718,719210168,136.0
expected_value,1719,539788610,129.0
expected_value,1720,821571514,143.0
expected_value,1721,450498840,178.0
expected_value,1722,817080685,153.0
expected_value,1723,1344669190,103.0
expected_value,1724,1696768405,106.0
expected_value,1725,1067159400,152.0
expected_value,1726,987116059,146.0
expected_value,1727,402182215,116.0
expected_value,1728,1091835811,117.0
expected_value,1729,1903046170,135.0
expected_value,1730,1422313480,146.0
expected_value,1731,1894910926,140.0
expected_value,1732,1109211625,109.0
expected_value,1733,1180189162,119.0
expected_value,1734,230175785,137.0
expected_value,1735,1516329672,155.0
expected_value,1736,1939509793,112.0
expected_value,1737,969345631,142.0
expected_value,1738,1222110306,111.0
expected_value,1739,1721086518,78.0
expected_value,1740,735130238,112.0
expected_value,1741,1790692652,101.0
expected_value,1742,741752451,120.0
expected_value,1743,1641020457,110.0
expected_value,1744,1662571563,129.0
expected_value,1745,522158155,123.0
expected_value,1746,1459720327,137.0
expected_value,1747,52588567,85.0
expected_value,1748,1615997243,126.0
expected_value,1749,1413587720,145.0
expected_value,1750,74482475,117.0
expected_value,1751,883169173,98.0
expected_value,1752,1841558348,127.0
expected_value,1753,1920410540,115.0
expected_value,1754,772177932,168.0
expected_value,1755,1846508504,104.0
expected_value,1756,1892074401,149.0
expected_value,1757,1146223892,133.0
expected_value,1758,283303779,125.0
expected_value,1759,810555141,59.0
expected_value,1760,1426906636,116.0
expected_value,1761,1531133379,118.0
expected_value,1762,2145880180,129.0
expected_value,1763,1523359820,125.0
expected_value,1764,1391644372,137.0
expected_value,1765,1465191355,141.0
expected_value,1766,1622356464,118.0
expected_value,1767,1809091880,145.0
expected_value,1768,2146450829,168.0
expected_value,1769,1239782220,84.0
expected_value,1770,489018378,155.0
expected_value,1771,1108194933,149.0
expected_value,1772,1890190637,145.0
expected_value,1773,1110051763,127.0
expected_value,1774,2082314255,90.0
expected_value,1775,1909071425,154.0
expected_value,1776,1809459499,165.0
expected_value,1777,787592061,116.0
expected_value,1778,1867043631,130.0
expected_value,1779,1808000540,131.0
expected_value,1780,930047403,122.0
expected_value,1781,1084242081,97.0
expected_value,1782,1351223945,109.0
expected_value,1783,183264000,162.0
expected_value,1784,1478278,130.0
expected_value,1785,964181475,132.0
expected_value,1786,1292863390,114.0
expected_value,1787,625339501,117.0
expected_value,1788,1886979737,133.0
expected_value,1789,1133624500,161.0
expected_value,1790,42973656,132.0
expected_value,1791,1832468960,110.0
expected_value,1792,1070096029,90.0
expected_value,1793,385377809,161.0
expected_value,1794,1262996612,160.0
expected_value,1795,1020537109,137.0
expected_value,1796,105238144,119.0
expected_value,1797,1250914059,197.0
expected_value,1798,1487241412,115.0
expected_value,1799,1653176529,131.0
expected_value,1800,499982636,152.0
expected_value,1801,2020732639,137.0
expected_value,1802,1770614958,141.0
expected_value,1803,1182421420,155.0
expected_value,1804,898139301,135.0
expected_value,1805,1979159624,94.0
expected_value,1806,965921037,122.0
expected_value,1807,722754867,98.0
expected_value,1808,1064183009,123.0
expected_value,1809,1641364209,127.0
expected_value,1810,1282650460,143.0
expected_value,1811,1640087932,134.0
expected_value,1812,826458694,121.0
expected_value,1813,1183862595,118.0
expected_value,1814,748004638,145.0
expected_value,1815,373208431,133.0
expected_value,1816,935435385,122.0
expected_value,1817,829367409,129.0
expected_value,1818,1879503238,144.0
expected_value,1819,624595872,141.0
expected_value,1820,2029745684,102.0
expected_value,1821,2076356023,152.0
expected_value,1822,336383777,135.0
expected_value,1823,1384316193,150.0
expected_value,1824,1544773077,87.0
expected_value,1825,1952143888,168.0
expected_value,1826,2084320897,115.0
expected_value,1827,635998261,144.0
expected_value,1828,1224678905,98.0
expected_value,1829,921141761,112.0
expected_value,1830,1139858896,168.0
expected_value,1831,1218422790,166.0
expected_value,1832,1354781417,161.0
expected_value,1833,761772972,128.0
expected_value,1834,563508124,124.0
expected_value,1835,980325484,140.0
expected_value,1836,2020479561,99.0
expected_value,1837,1287002104,78.0
expected_value,1838,1656193009,120.0
expected_value,1839,60743666,104.0
expected_value,1840,213364511,157.0
expected_value,1841,729738898,140.0
expected_value,1842,11303643,116.0
expected_value,1843,476096,155.0
expected_value,1844,1260134286,146.0
expected_value,1845,1036241652,129.0
expected_value,1846,1002317376,114.0
expected_value,1847,1305671485,168.0
expected_value,1848,1765310221,113.0
expected_value,1849,199695491,95.0
expected_value,1850,1624731606,130.0
expected_value,1851,519893769,103.0
expected_value,1852,1503126639,116.0
expected_value,1853,1726559287,108.0
expected_value,1854,2117180603,143.0
expected_value,1855,1804490908,153.0
expected_value,1856,1423500238,128.0
expected_value,1857,832650822,69.0
expected_value,1858,647864366,145.0
expected_value,1859,1748532146,129.0
expected_value,1860,382720948,119.0
expected_value,1861,595154161,124.0
expected_value,1862,586481485,128.0
expected_value,1863,1516355860,163.0
expected_value,1864,2134355810,107.0
expected_value,1865,1171359178,138.0
expected_value,1866,1904085243,134.0
expected_value,1867,945105574,117.0
expected_value,1868,1885857750,136.0
expected_value,1869,1409699052,116.0
expected_value,1870,1704375413,147.0
expected_value,1871,28756263,151.0
expected_value,1872,1894158041,129.0
expected_value,1873,348844636,122.0
expected_value,1874,738077575,139.0
expected_value,1875,630981084,146.0
expected_value,1876,1805677905,140.0
expected_value,1877,1461497074,133.0
expected_value,1878,359520003,136.0
expected_value,1879,1516628786,144.0
expected_value,1880,594832865,91.0
expected_value,1881,1461922737,107.0
expected_value,1882,1162691881,124.0
expected_value,1883,1648445183,168.0
expected_value,1884,1932174742,142.0
expected_value,1885,170835675,132.0
expected_value,1886,1402495415,113.0
expected_value,1887,227394698,149.0
expected_value,1888,1978764464,142.0
expected_value,1889,1836852628,103.0
expected_value,1890,2031948288,131.0
expected_value,1891,766303238,153.0
expected_value,1892,1314240488,116.0
expected_value,1893,1220568051,130.0
expected_value,1894,148725657,97.0
expected_value,1895,1081264041,95.0
expected_value,1896,1121769473,112.0
expected_value,1897,1345747623,109.0
expected_value,1898,555792854,130.0
expected_value,1899,165241803,129.0
expected_value,1900,51941028,149.0
expected_value,1901,1653111922,140.0
expected_value,1902,1526871708,84.0
expected_value,1903,265004481,100.0
expected_value,1904,1947298016,94.0
expected_value,1905,1463240513,111.0
expected_value,1906,423252364,130.0
expected_value,1907,863593581,149.0
expected_value,1908,2066606522,119.0
expected_value,1909,1057123813,134.0
expected_value,1910,16126033,89.0
expected_value,1911,1442451310,120.0
expected_value,1912,2069748084,149.0
expected_value,1913,796722339,147.0
expected_value,1914,1814860073,96.0
expected_value,1915,98864716,145.0
expected_value,1916,149698234,99.0
expected_value,1917,2070628539,121.0
expected_value,1918,712279228,131.0
expected_value,1919,1122440093,121.0
expected_value,1920,554172360,168.0
expected_value,1921,1593743480,93.0
expected_value,1922,814066109,140.0
expected_value,1923,1140946966,171.0
expected_value,1924,1990859027,140.0
expected_value,1925,1760264218,116.0
expected_value,1926,2092211490,130.0
expected_value,1927,1212504010,120.0
expected_value,1928,68840092,114.0
expected_value,1929,263618388,137.0
expected_value,1930,610730600,125.0
expected_value,1931,1378483850,72.0
expected_value,1932,1977820539,104.0
expected_value,1933,370957762,148.0
expected_value,1934,239624827,137.0
expected_value,1935,1768783785,122.0
expected_value,1936,1271655361,134.0
expected_value,1937,1462568649,111.0
expected_value,1938,693521097,99.0
expected_value,1939,2018223681,117.0
expected_value,1940,1337123656,152.0
expected_value,1941,1350940707,159.0
expected_value,1942,1791651582,80.0
expected_value,1943,483534069,127.0
expected_value,1944,1488833955,145.0
expected_value,1945,1196443768,113.0
expected_value,1946,1078492864,129.0
expected_value,1947,1657368343,146.0
expected_value,1948,591246472,108.0
expected_value,1949,1528768477,125.0
expected_value,1950,1728521957,162.0
expected_value,1951,735076578,117.0
expected_value,1952,513914266,140.0
expected_value,1953,1407355878,169.0
expected_value,1954,534151621,139.0
expected_value,1955,2008475014,130.0
expected_value,1956,182225219,99.0
expected_value,1957,1470618368,83.0
expected_value,1958,964852120,147.0
expected_value,1959,788773754,108.0
expected_value,1960,1194835096,169.0
expected_value,1961,1955838620,149.0
expected_value,1962,313323905,108.0
expected_value,1963,1777309419,111.0
expected_value,1964,897196553,154.0
expected_value,1965,1836493140,140.0
expected_value,1966,1626390779,136.0
expected_value,1967,229440108,154.0
expected_value,1968,473692060,140.0
expected_value,1969,624550164,152.0
expected_value,1970,184492654,157.0
expected_value,1971,1696786535,118.0
expected_value,1972,1117493971,130.0
expected_value,1973,590144603,127.0
expected_value,1974,1593595636,139.0
expected_value,1975,158282290,138.0
expected_value,1976,81786378,104.0
expected_value,1977,1467302588,104.0
expected_value,1978,1616659728,99.0
expected_value,1979,1716419160,78.0
expected_value,1980,1263726814,129.0
expected_value,1981,1378185872,136.0
expected_value,1982,405703103,154.0
expected_value,1983,740545425,193.0
expected_value,1984,298496192,100.0
expected_value,1985,1202104048,114.0
expected_value,1986,1456747475,104.0
expected_value,1987,46213743,133.0
expected_value,1988,370645454,135.0
expected_value,1989,1208306704,140.0
expected_value,1990,1236183273,148.0
expected_value,1991,1839966511,168.0
expected_value,1992,1577500072,144.0
expected_value,1993,167618045,115.0
expected_value,1994,204856469,138.0
expected_value,1995,823172135,139.0
expected_value,1996,157286851,126.0
expected_value,1997,354042137,133.0
expected_value,1998,561750487,101.0
expected_value,1999,816060743,101.0
